INSERT INTO  cluster  ( id ,  address ,  cluster_name ,  environment ,  filesystem ,  label ,  registry ) VALUES (1, 'http://llpnov523:35270,http://llpnov533:35270', 'nova_lab_pro', 'PRO', '/usr/local/pr/nova/', 'containers_pro', 'llpnov523:35240,llpnov533:35240');
INSERT INTO  cluster  ( id ,  address ,  cluster_name ,  environment ,  filesystem ,  label ,  registry ) VALUES (2, 'http://llwnov603:35269,http://llwnov604:35269', 'nova_lab_int', 'INT', '/usr/local/ei/nova/', 'containers_int', 'llwnov603:35240,llwnov604:35240');
INSERT INTO  cluster  ( id ,  address ,  cluster_name ,  environment ,  filesystem ,  label ,  registry ) VALUES (3, 'http://llwnov603:35270,http://llwnov604:35270', 'nova_lab_pr', 'PR', '/usr/local/pp/nova/', 'containers_pr', 'llwnov603:35240,llwnov604:35240');

INSERT INTO  cpd  ( id ,  active ,  name ,  cluster_id ) VALUES (22868, 'true', 'TC', 1);
INSERT INTO  cpd  ( id ,  active ,  name ,  cluster_id ) VALUES (31387, 'true', 'V', 1);
INSERT INTO  cpd  ( id ,  active ,  name ,  cluster_id ) VALUES (31388, 'true', 'TC', 2);
INSERT INTO  cpd  ( id ,  active ,  name ,  cluster_id ) VALUES (31389, 'true', 'TC', 3);


INSERT INTO product_budget (id) VALUES (29482);
INSERT INTO product_budget (id) VALUES (38019);
INSERT INTO product_budget (id) VALUES (42747);
INSERT INTO product_budget (id) VALUES (46886);
INSERT INTO product_budget (id) VALUES (55947);
INSERT INTO product_budget (id) VALUES (75785);
INSERT INTO product_budget (id) VALUES (80236);
INSERT INTO product_budget (id) VALUES (85925);
INSERT INTO product_budget (id) VALUES (102468);
INSERT INTO product_budget (id) VALUES (118205);
INSERT INTO product_budget (id) VALUES (119741);
INSERT INTO product_budget (id) VALUES (120432);
INSERT INTO product_budget (id) VALUES (124320);
INSERT INTO product_budget (id) VALUES (124576);
INSERT INTO product_budget (id) VALUES (136477);
INSERT INTO product_budget (id) VALUES (137979);


-- product --

INSERT INTO  product  ( id ,  description ,  email ,  image ,  name ,  product_status ,  uuaa ,  budget_id ,  phone ) VALUES (124562, 'ePhoenix certificacion en nova', 'JOSELUIS.DAVID@BBVA.COM', NULL, 'ePhoenix CALYPSO', 'READY', 'KLYR', 124576, NULL);
INSERT INTO  product  ( id ,  description ,  email ,  image ,  name ,  product_status ,  uuaa ,  budget_id ,  phone ) VALUES (124637, 'Producto simulacro', 'ALEJANDRO.FRAGA@BBVA.COM', NULL, 'Simulacro', 'READY', 'SIMU', NULL, NULL);
INSERT INTO  product  ( id ,  description ,  email ,  image ,  name ,  product_status ,  uuaa ,  budget_id ,  phone ) VALUES (75747, 'Comission Sharing Agreements', 'ANGELLUIS.PINAZO.CONTRACTOR@BBVA.COM', NULL, 'CSA', 'READY', 'KCSA', 75785, NULL);
INSERT INTO  product  ( id ,  description ,  email ,  image ,  name ,  product_status ,  uuaa ,  budget_id ,  phone ) VALUES (42579, 'producto de pruebas ', 'JOSELUIS.DAVID@BBVA.COM', NULL, 'JLDAVID_TEST', 'READY', 'JLDC', 42747, NULL);
INSERT INTO  product  ( id ,  description ,  email ,  image ,  name ,  product_status ,  uuaa ,  budget_id ,  phone ) VALUES (80222, 'Test', 'ANGELLUIS.PINAZO.CONTRACTOR@BBVA.COM', NULL, 'Tester', 'READY', 'FFDD', 80236, NULL);
INSERT INTO  product  ( id ,  description ,  email ,  image ,  name ,  product_status ,  uuaa ,  budget_id ,  phone ) VALUES (85347, 'Producto de prueba de notificaciones', 'ALEJANDRO.FRAGA@BBVA.COM', NULL, 'Feedback', 'CREATING', 'FDBK', NULL, NULL);
INSERT INTO  product  ( id ,  description ,  email ,  image ,  name ,  product_status ,  uuaa ,  budget_id ,  phone ) VALUES (136459, 'Producto de la UUAA: KLYR', 'JOSELUIS.DAVID@BBVA.COM', NULL, 'ePhoenix_KYTG', 'READY', 'KYTG', 136477, NULL);
INSERT INTO  product  ( id ,  description ,  email ,  image ,  name ,  product_status ,  uuaa ,  budget_id ,  phone ) VALUES (102437, 'Proyectos para enseñar la integración de ePhoenix con NOVA', 'ALEJANDRO.FRAGA@BBVA.COM', '22362', 'Demo Ephoenix Legacy', 'READY', 'AAAA', 102468, '205987');
INSERT INTO  product  ( id ,  description ,  email ,  image ,  name ,  product_status ,  uuaa ,  budget_id ,  phone ) VALUES (103747, 'visual', 'JOSELUIS.DAVID@BBVA.COM', NULL, 'visual', 'READY', 'XBDV', NULL, NULL);
INSERT INTO  product  ( id ,  description ,  email ,  image ,  name ,  product_status ,  uuaa ,  budget_id ,  phone ) VALUES (137953, 'KETR descripcion', 'JOSELUIS.DAVID@BBVA.COM', NULL, 'MDS-KETR', 'READY', 'KETR', 137979, NULL);
INSERT INTO  product  ( id ,  description ,  email ,  image ,  name ,  product_status ,  uuaa ,  budget_id ,  phone ) VALUES (118183, 'Solicito la creación de el Producto  Producto_Prueba , el cuál irá asociado a la UUAA  PRUE  y a la instancia ePhoenix  CVA-ONLINE ', 'JOSELUIS.DAVID@BBVA.COM', NULL, 'Producto_Prueba', 'READY', 'PRU', 118205, NULL);
INSERT INTO  product  ( id ,  description ,  email ,  image ,  name ,  product_status ,  uuaa ,  budget_id ,  phone ) VALUES (29355, 'Prueba de cambio de texto xxx', 'victor.bazaga.contractor@bbva.com', '23582', 'novatest', 'READY', 'ENOA', 29482, '2232323');
INSERT INTO  product  ( id ,  description ,  email ,  image ,  name ,  product_status ,  uuaa ,  budget_id ,  phone ) VALUES (119719, 'Certificación de creación de instancia de ePhoenix en Nova', 'JOSELUIS.DAVID@BBVA.COM', NULL, 'Pruebas ePhoenix P001', 'READY', 'QWJJ', 119741, NULL);
INSERT INTO  product  ( id ,  description ,  email ,  image ,  name ,  product_status ,  uuaa ,  budget_id ,  phone ) VALUES (45129, 'Componentes de la Arquitectura NOVA', 'JOSELUIS.DAVID@BBVA.COM', NULL, 'NOVA', 'READY', 'NOVA', 46886, NULL);
INSERT INTO  product  ( id ,  description ,  email ,  image ,  name ,  product_status ,  uuaa ,  budget_id ,  phone ) VALUES (120408, 'Pruebas', 'JOSELUIS.DAVID@BBVA.COM', NULL, 'PREUBA_BATCH', 'READY', 'XYZT', 120432, NULL);
INSERT INTO  product  ( id ,  description ,  email ,  image ,  name ,  product_status ,  uuaa ,  budget_id ,  phone ) VALUES (55896, 'Producto para realizar demos y pruebas', 'enoa.cib@bbva.com', '22798', 'NOVA 3 Demo Product', 'READY', 'DEMO', 55947, '9135443254');
INSERT INTO  product  ( id ,  description ,  email ,  image ,  name ,  product_status ,  uuaa ,  budget_id ,  phone ) VALUES (124294, 'Prueba de estres ePhoenix KYOB', 'JOSELUIS.DAVID@BBVA.COM', NULL, 'ePhoenix_KYOB', 'READY', 'KYOB', 124320, NULL);
INSERT INTO  product  ( id ,  description ,  email ,  image ,  name ,  product_status ,  uuaa ,  budget_id ,  phone ) VALUES (37978, 'Producto para testear la arquitectura batch en NOVA', 'JOSELUIS.DAVID@BBVA.COM', NULL, 'NovaBatch', 'READY', 'BATC', 38019, '9');
INSERT INTO  product  ( id ,  description ,  email ,  image ,  name ,  product_status ,  uuaa ,  budget_id ,  phone ) VALUES (85904, 'Producto para Luiset', 'ANGELLUIS.PINAZO.CONTRACTOR@BBVA.COM', '24558', 'LuisProduct', 'READY', 'LUPR', 85925, '123123123444');
INSERT INTO  product  ( id ,  description ,  email ,  image ,  name ,  product_status ,  uuaa ,  budget_id ,  phone ) VALUES (217693, 'Desarrollo de batch para el perfilado de Murex ', 'ALEJANDRO.FRAGA@BBVA.COM', NULL, 'Perfilado CES', 'READY', 'KKPF', NULL, NULL);

INSERT INTO  ephoenix_service  ( id ,  deployment_line ,  ephoenix_version ,  instance_name ,  instance_uuaa ,  instance_user ,  instance_port ) VALUES (102627, 'GMO', '1.5', 'EPHOENIX-BATCH', 'AAAA', 'xprueb1', '19030');
INSERT INTO  ephoenix_service  ( id ,  deployment_line ,  ephoenix_version ,  instance_name ,  instance_uuaa ,  instance_user ,  instance_port ) VALUES (102630, 'GMO', '1.5', 'EPHOENIX-ONLIN', 'AAAA', 'xprueo1', '19040');
INSERT INTO  ephoenix_service  ( id ,  deployment_line ,  ephoenix_version ,  instance_name ,  instance_uuaa ,  instance_user ,  instance_port ) VALUES (107832, 'GMO', '1.5', 'EPHOENIX-BATCH', 'AAAA', 'xprueb1', '19000');
INSERT INTO  ephoenix_service  ( id ,  deployment_line ,  ephoenix_version ,  instance_name ,  instance_uuaa ,  instance_user ,  instance_port ) VALUES (107835, 'GMO', '1.5', 'EPHOENIX-ONLIN', 'AAAA', 'xprueo1', '19010');
INSERT INTO  ephoenix_service  ( id ,  deployment_line ,  ephoenix_version ,  instance_name ,  instance_uuaa ,  instance_user ,  instance_port ) VALUES (112111, 'GMO', '1.5', 'EPHOENIX-BATCH', 'AAAA', 'xprueb1', '19000');
INSERT INTO  ephoenix_service  ( id ,  deployment_line ,  ephoenix_version ,  instance_name ,  instance_uuaa ,  instance_user ,  instance_port ) VALUES (112114, 'GMO', '1.5', 'EPHOENIX-ONLIN', 'AAAA', 'xprueo1', '19010');
INSERT INTO  ephoenix_service  ( id ,  deployment_line ,  ephoenix_version ,  instance_name ,  instance_uuaa ,  instance_user ,  instance_port ) VALUES (112572, 'GMO', '1.5', 'EPHOENIX-BATCH', 'AAAA', 'xprueb1', '19000');
INSERT INTO  ephoenix_service  ( id ,  deployment_line ,  ephoenix_version ,  instance_name ,  instance_uuaa ,  instance_user ,  instance_port ) VALUES (112575, 'GMO', '1.5', 'EPHOENIX-ONLIN', 'AAAA', 'xprueo1', '19010');
INSERT INTO  ephoenix_service  ( id ,  deployment_line ,  ephoenix_version ,  instance_name ,  instance_uuaa ,  instance_user ,  instance_port ) VALUES (112631, 'GMO', '1.5', 'EPHOENIX-BATCH', 'AAAA', 'xprueb1', '19000');
INSERT INTO  ephoenix_service  ( id ,  deployment_line ,  ephoenix_version ,  instance_name ,  instance_uuaa ,  instance_user ,  instance_port ) VALUES (112634, 'GMO', '1.5', 'EPHOENIX-ONLIN', 'AAAA', 'xprueo1', '19010');
INSERT INTO  ephoenix_service  ( id ,  deployment_line ,  ephoenix_version ,  instance_name ,  instance_uuaa ,  instance_user ,  instance_port ) VALUES (118392, 'GMO', '1.5', 'EPHOENIX-BATCH', 'PRU', 'xprueb1', '19000');
INSERT INTO  ephoenix_service  ( id ,  deployment_line ,  ephoenix_version ,  instance_name ,  instance_uuaa ,  instance_user ,  instance_port ) VALUES (118395, 'GMO', '1.5', 'EPHOENIX-ONLIN', 'PRU', 'xprueo1', '19010');
INSERT INTO  ephoenix_service  ( id ,  deployment_line ,  ephoenix_version ,  instance_name ,  instance_uuaa ,  instance_user ,  instance_port ) VALUES (119784, 'GMO', '1.5', 'EPHOENIX-BATCH', 'PRU', 'xprueb1', '19000');
INSERT INTO  ephoenix_service  ( id ,  deployment_line ,  ephoenix_version ,  instance_name ,  instance_uuaa ,  instance_user ,  instance_port ) VALUES (119787, 'GMO', '1.5', 'EPHOENIX-ONLIN', 'PRU', 'xprueo1', '19010');
INSERT INTO  ephoenix_service  ( id ,  deployment_line ,  ephoenix_version ,  instance_name ,  instance_uuaa ,  instance_user ,  instance_port ) VALUES (120641, 'GMO', '1.5', 'EPHOENIX-BATCH', 'QWJJ', 'xprueb1', '19000');
INSERT INTO  ephoenix_service  ( id ,  deployment_line ,  ephoenix_version ,  instance_name ,  instance_uuaa ,  instance_user ,  instance_port ) VALUES (120644, 'GMO', '1.5', 'EPHOENIX-ONLIN', 'QWJJ', 'xprueo1', '19010');
INSERT INTO  ephoenix_service  ( id ,  deployment_line ,  ephoenix_version ,  instance_name ,  instance_uuaa ,  instance_user ,  instance_port ) VALUES (136085, 'GMO', '1.5', 'EPHOENIX-BATCH', 'AAAA', 'xprueb1', '19000');
INSERT INTO  ephoenix_service  ( id ,  deployment_line ,  ephoenix_version ,  instance_name ,  instance_uuaa ,  instance_user ,  instance_port ) VALUES (136088, 'GMO', '1.5', 'EPHOENIX-ONLIN', 'AAAA', 'xprueo1', '19010');
INSERT INTO  ephoenix_service  ( id ,  deployment_line ,  ephoenix_version ,  instance_name ,  instance_uuaa ,  instance_user ,  instance_port ) VALUES (136355, 'GMO', '1.5', 'EPHOENIX-BATCH', 'QWJJ', 'xprueb1', '19000');
INSERT INTO  ephoenix_service  ( id ,  deployment_line ,  ephoenix_version ,  instance_name ,  instance_uuaa ,  instance_user ,  instance_port ) VALUES (136358, 'GMO', '1.5', 'EPHOENIX-ONLIN', 'QWJJ', 'xprueo1', '19010');
INSERT INTO  ephoenix_service  ( id ,  deployment_line ,  ephoenix_version ,  instance_name ,  instance_uuaa ,  instance_user ,  instance_port ) VALUES (136404, 'GMO', '1.5', 'EPHOENIX-BATCH', 'AAAA', 'xprueb1', '19000');
INSERT INTO  ephoenix_service  ( id ,  deployment_line ,  ephoenix_version ,  instance_name ,  instance_uuaa ,  instance_user ,  instance_port ) VALUES (136407, 'GMO', '1.5', 'EPHOENIX-ONLIN', 'AAAA', 'xprueo1', '19010');
INSERT INTO  ephoenix_service  ( id ,  deployment_line ,  ephoenix_version ,  instance_name ,  instance_uuaa ,  instance_user ,  instance_port ) VALUES (138131, 'GMO', '1.5', 'MDS-BATCH', 'KETR', 'xpphnx1', '19050');
INSERT INTO  ephoenix_service  ( id ,  deployment_line ,  ephoenix_version ,  instance_name ,  instance_uuaa ,  instance_user ,  instance_port ) VALUES (138134, 'GMO', '1.5', 'MDS-ONLIN', 'KETR', 'xpphnx1', '19030');
INSERT INTO  ephoenix_service  ( id ,  deployment_line ,  ephoenix_version ,  instance_name ,  instance_uuaa ,  instance_user ,  instance_port ) VALUES (138137, 'GMO', '1.5', 'MDS-RFA', 'KETR', 'xpphnx1', '19040');
INSERT INTO  ephoenix_service  ( id ,  deployment_line ,  ephoenix_version ,  instance_name ,  instance_uuaa ,  instance_user ,  instance_port ) VALUES (138452, 'GMO', '1.5', 'CALYPSO-BATCH', 'KLYR', 'xpclpb1', '19100');
INSERT INTO  ephoenix_service  ( id ,  deployment_line ,  ephoenix_version ,  instance_name ,  instance_uuaa ,  instance_user ,  instance_port ) VALUES (138455, 'GMO', '1.5', 'CALYPSO-ONLIN', 'KLYR', 'xpclpo1', '19110');
INSERT INTO  ephoenix_service  ( id ,  deployment_line ,  ephoenix_version ,  instance_name ,  instance_uuaa ,  instance_user ,  instance_port ) VALUES (138505, 'GMO', '1.5', 'CALYPSO-BATCH', 'KLYR', 'xpclpb1', '19100');
INSERT INTO  ephoenix_service  ( id ,  deployment_line ,  ephoenix_version ,  instance_name ,  instance_uuaa ,  instance_user ,  instance_port ) VALUES (138508, 'GMO', '1.5', 'CALYPSO-ONLIN', 'KLYR', 'xpclpo1', '19110');
INSERT INTO  ephoenix_service  ( id ,  deployment_line ,  ephoenix_version ,  instance_name ,  instance_uuaa ,  instance_user ,  instance_port ) VALUES (138829, 'GMO', '1.5', 'CALYPSO-BATCH', 'KLYR', 'xpclpb1', '19100');
INSERT INTO  ephoenix_service  ( id ,  deployment_line ,  ephoenix_version ,  instance_name ,  instance_uuaa ,  instance_user ,  instance_port ) VALUES (138832, 'GMO', '1.5', 'CALYPSO-ONLIN', 'KLYR', 'xpclpo1', '19110');
INSERT INTO  ephoenix_service  ( id ,  deployment_line ,  ephoenix_version ,  instance_name ,  instance_uuaa ,  instance_user ,  instance_port ) VALUES (139167, 'GMO', '1.5', 'EPHOENIX-BATCH', 'AAAA', 'xprueb1', '19000');
INSERT INTO  ephoenix_service  ( id ,  deployment_line ,  ephoenix_version ,  instance_name ,  instance_uuaa ,  instance_user ,  instance_port ) VALUES (139170, 'GMO', '1.5', 'EPHOENIX-ONLIN', 'AAAA', 'xprueo1', '19010');
INSERT INTO  ephoenix_service  ( id ,  deployment_line ,  ephoenix_version ,  instance_name ,  instance_uuaa ,  instance_user ,  instance_port ) VALUES (139213, 'GMO', '1.5', 'EPHOENIX-BATCH', 'AAAA', 'xprueb1', '19000');
INSERT INTO  ephoenix_service  ( id ,  deployment_line ,  ephoenix_version ,  instance_name ,  instance_uuaa ,  instance_user ,  instance_port ) VALUES (139216, 'GMO', '1.5', 'EPHOENIX-ONLIN', 'AAAA', 'xprueo1', '19010');
INSERT INTO  ephoenix_service  ( id ,  deployment_line ,  ephoenix_version ,  instance_name ,  instance_uuaa ,  instance_user ,  instance_port ) VALUES (139265, 'GMO', '1.5', 'EPHOENIX-BATCH', 'AAAA', 'xprueb1', '19000');
INSERT INTO  ephoenix_service  ( id ,  deployment_line ,  ephoenix_version ,  instance_name ,  instance_uuaa ,  instance_user ,  instance_port ) VALUES (139268, 'GMO', '1.5', 'EPHOENIX-ONLIN', 'AAAA', 'xprueo1', '19010');
INSERT INTO  ephoenix_service  ( id ,  deployment_line ,  ephoenix_version ,  instance_name ,  instance_uuaa ,  instance_user ,  instance_port ) VALUES (139358, 'GMO', '1.5', 'EPHOENIX-BATCH', 'AAAA', 'xprueb1', '19000');
INSERT INTO  ephoenix_service  ( id ,  deployment_line ,  ephoenix_version ,  instance_name ,  instance_uuaa ,  instance_user ,  instance_port ) VALUES (139361, 'GMO', '1.5', 'EPHOENIX-ONLIN', 'AAAA', 'xprueo1', '19010');
INSERT INTO  ephoenix_service  ( id ,  deployment_line ,  ephoenix_version ,  instance_name ,  instance_uuaa ,  instance_user ,  instance_port ) VALUES (139408, 'GMO', '1.5', 'EPHOENIX-BATCH', 'AAAA', 'xprueb1', '19000');
INSERT INTO  ephoenix_service  ( id ,  deployment_line ,  ephoenix_version ,  instance_name ,  instance_uuaa ,  instance_user ,  instance_port ) VALUES (139411, 'GMO', '1.5', 'EPHOENIX-ONLIN', 'AAAA', 'xprueo1', '19010');
INSERT INTO  ephoenix_service  ( id ,  deployment_line ,  ephoenix_version ,  instance_name ,  instance_uuaa ,  instance_user ,  instance_port ) VALUES (141185, 'GMO', '1.5', 'EPHOENIX-BATCH', 'AAAA', 'xprueb1', '19000');
INSERT INTO  ephoenix_service  ( id ,  deployment_line ,  ephoenix_version ,  instance_name ,  instance_uuaa ,  instance_user ,  instance_port ) VALUES (141188, 'GMO', '1.5', 'EPHOENIX-ONLIN', 'AAAA', 'xprueo1', '19010');
INSERT INTO  ephoenix_service  ( id ,  deployment_line ,  ephoenix_version ,  instance_name ,  instance_uuaa ,  instance_user ,  instance_port ) VALUES (141246, 'GMO', '1.5', 'EPHOENIX-BATCH', 'AAAA', 'xprueb1', '19000');
INSERT INTO  ephoenix_service  ( id ,  deployment_line ,  ephoenix_version ,  instance_name ,  instance_uuaa ,  instance_user ,  instance_port ) VALUES (141249, 'GMO', '1.5', 'EPHOENIX-ONLIN', 'AAAA', 'xprueo1', '19010');
INSERT INTO  ephoenix_service  ( id ,  deployment_line ,  ephoenix_version ,  instance_name ,  instance_uuaa ,  instance_user ,  instance_port ) VALUES (141299, 'GMO', '1.5', 'EPHOENIX-BATCH', 'AAAA', 'xprueb1', '19000');
INSERT INTO  ephoenix_service  ( id ,  deployment_line ,  ephoenix_version ,  instance_name ,  instance_uuaa ,  instance_user ,  instance_port ) VALUES (141302, 'GMO', '1.5', 'EPHOENIX-ONLIN', 'AAAA', 'xprueo1', '19010');
INSERT INTO  ephoenix_service  ( id ,  deployment_line ,  ephoenix_version ,  instance_name ,  instance_uuaa ,  instance_user ,  instance_port ) VALUES (141344, 'GMO', '1.5', 'EPHOENIX-BATCH', 'AAAA', 'xprueb1', '19000');
INSERT INTO  ephoenix_service  ( id ,  deployment_line ,  ephoenix_version ,  instance_name ,  instance_uuaa ,  instance_user ,  instance_port ) VALUES (141347, 'GMO', '1.5', 'EPHOENIX-ONLIN', 'AAAA', 'xprueo1', '19010');
INSERT INTO  ephoenix_service  ( id ,  deployment_line ,  ephoenix_version ,  instance_name ,  instance_uuaa ,  instance_user ,  instance_port ) VALUES (141405, 'GMO', '1.5', 'EPHOENIX-BATCH', 'AAAA', 'xprueb1', '19000');
INSERT INTO  ephoenix_service  ( id ,  deployment_line ,  ephoenix_version ,  instance_name ,  instance_uuaa ,  instance_user ,  instance_port ) VALUES (141408, 'GMO', '1.5', 'EPHOENIX-ONLIN', 'AAAA', 'xprueo1', '19010');
INSERT INTO  ephoenix_service  ( id ,  deployment_line ,  ephoenix_version ,  instance_name ,  instance_uuaa ,  instance_user ,  instance_port ) VALUES (141498, 'GMO', '1.5', 'EPHOENIX-BATCH', 'AAAA', 'xprueb1', '19000');
INSERT INTO  ephoenix_service  ( id ,  deployment_line ,  ephoenix_version ,  instance_name ,  instance_uuaa ,  instance_user ,  instance_port ) VALUES (141501, 'GMO', '1.5', 'EPHOENIX-ONLIN', 'AAAA', 'xprueo1', '19010');
INSERT INTO  ephoenix_service  ( id ,  deployment_line ,  ephoenix_version ,  instance_name ,  instance_uuaa ,  instance_user ,  instance_port ) VALUES (141695, 'GMO', '1.5', 'EPHOENIX-BATCH', 'AAAA', 'xprueb1', '19000');
INSERT INTO  ephoenix_service  ( id ,  deployment_line ,  ephoenix_version ,  instance_name ,  instance_uuaa ,  instance_user ,  instance_port ) VALUES (141698, 'GMO', '1.5', 'EPHOENIX-ONLIN', 'AAAA', 'xprueo1', '19010');
INSERT INTO  ephoenix_service  ( id ,  deployment_line ,  ephoenix_version ,  instance_name ,  instance_uuaa ,  instance_user ,  instance_port ) VALUES (141740, 'GMO', '1.5', 'EPHOENIX-BATCH', 'PRU', 'xprueb1', '19000');
INSERT INTO  ephoenix_service  ( id ,  deployment_line ,  ephoenix_version ,  instance_name ,  instance_uuaa ,  instance_user ,  instance_port ) VALUES (141743, 'GMO', '1.5', 'EPHOENIX-ONLIN', 'PRU', 'xprueo1', '19010');
INSERT INTO  ephoenix_service  ( id ,  deployment_line ,  ephoenix_version ,  instance_name ,  instance_uuaa ,  instance_user ,  instance_port ) VALUES (141793, 'GMO', '1.5', 'EPHOENIX-BATCH', 'PRU', 'xprueb1', '19000');
INSERT INTO  ephoenix_service  ( id ,  deployment_line ,  ephoenix_version ,  instance_name ,  instance_uuaa ,  instance_user ,  instance_port ) VALUES (141796, 'GMO', '1.5', 'EPHOENIX-ONLIN', 'PRU', 'xprueo1', '19010');
INSERT INTO  ephoenix_service  ( id ,  deployment_line ,  ephoenix_version ,  instance_name ,  instance_uuaa ,  instance_user ,  instance_port ) VALUES (141838, 'GMO', '1.5', 'EPHOENIX-BATCH', 'PRU', 'xprueb1', '19000');
INSERT INTO  ephoenix_service  ( id ,  deployment_line ,  ephoenix_version ,  instance_name ,  instance_uuaa ,  instance_user ,  instance_port ) VALUES (141841, 'GMO', '1.5', 'EPHOENIX-ONLIN', 'PRU', 'xprueo1', '19010');
INSERT INTO  ephoenix_service  ( id ,  deployment_line ,  ephoenix_version ,  instance_name ,  instance_uuaa ,  instance_user ,  instance_port ) VALUES (141883, 'GMO', '1.5', 'EPHOENIX-BATCH', 'PRU', 'xprueb1', '19000');
INSERT INTO  ephoenix_service  ( id ,  deployment_line ,  ephoenix_version ,  instance_name ,  instance_uuaa ,  instance_user ,  instance_port ) VALUES (141886, 'GMO', '1.5', 'EPHOENIX-ONLIN', 'PRU', 'xprueo1', '19010');
INSERT INTO  ephoenix_service  ( id ,  deployment_line ,  ephoenix_version ,  instance_name ,  instance_uuaa ,  instance_user ,  instance_port ) VALUES (141973, 'GMO', '1.5', 'EPHOENIX-BATCH', 'PRU', 'xprueb1', '19000');
INSERT INTO  ephoenix_service  ( id ,  deployment_line ,  ephoenix_version ,  instance_name ,  instance_uuaa ,  instance_user ,  instance_port ) VALUES (141976, 'GMO', '1.5', 'EPHOENIX-ONLIN', 'PRU', 'xprueo1', '19010');
INSERT INTO  ephoenix_service  ( id ,  deployment_line ,  ephoenix_version ,  instance_name ,  instance_uuaa ,  instance_user ,  instance_port ) VALUES (142026, 'GMO', '1.5', 'EPHOENIX-BATCH', 'PRU', 'xprueb1', '19000');
INSERT INTO  ephoenix_service  ( id ,  deployment_line ,  ephoenix_version ,  instance_name ,  instance_uuaa ,  instance_user ,  instance_port ) VALUES (142029, 'GMO', '1.5', 'EPHOENIX-ONLIN', 'PRU', 'xprueo1', '19010');
INSERT INTO  ephoenix_service  ( id ,  deployment_line ,  ephoenix_version ,  instance_name ,  instance_uuaa ,  instance_user ,  instance_port ) VALUES (142076, 'GMO', '1.5', 'EPHOENIX-BATCH', 'AAAA', 'xprueb1', '19000');
INSERT INTO  ephoenix_service  ( id ,  deployment_line ,  ephoenix_version ,  instance_name ,  instance_uuaa ,  instance_user ,  instance_port ) VALUES (142079, 'GMO', '1.5', 'EPHOENIX-ONLIN', 'AAAA', 'xprueo1', '19010');
INSERT INTO  ephoenix_service  ( id ,  deployment_line ,  ephoenix_version ,  instance_name ,  instance_uuaa ,  instance_user ,  instance_port ) VALUES (142106, 'GMO', '1.5', 'EPHOENIX-BATCH', 'AAAA', 'xprueb1', '19000');
INSERT INTO  ephoenix_service  ( id ,  deployment_line ,  ephoenix_version ,  instance_name ,  instance_uuaa ,  instance_user ,  instance_port ) VALUES (142109, 'GMO', '1.5', 'EPHOENIX-ONLIN', 'AAAA', 'xprueo1', '19010');
INSERT INTO  ephoenix_service  ( id ,  deployment_line ,  ephoenix_version ,  instance_name ,  instance_uuaa ,  instance_user ,  instance_port ) VALUES (142144, 'GMO', '1.5', 'EPHOENIX-BATCH', 'AAAA', 'xprueb1', '19000');
INSERT INTO  ephoenix_service  ( id ,  deployment_line ,  ephoenix_version ,  instance_name ,  instance_uuaa ,  instance_user ,  instance_port ) VALUES (142147, 'GMO', '1.5', 'EPHOENIX-ONLIN', 'AAAA', 'xprueo1', '19010');
INSERT INTO  ephoenix_service  ( id ,  deployment_line ,  ephoenix_version ,  instance_name ,  instance_uuaa ,  instance_user ,  instance_port ) VALUES (142178, 'GMO', '1.5', 'EPHOENIX-BATCH', 'AAAA', 'xprueb1', '19000');
INSERT INTO  ephoenix_service  ( id ,  deployment_line ,  ephoenix_version ,  instance_name ,  instance_uuaa ,  instance_user ,  instance_port ) VALUES (142181, 'GMO', '1.5', 'EPHOENIX-ONLIN', 'AAAA', 'xprueo1', '19010');
INSERT INTO  ephoenix_service  ( id ,  deployment_line ,  ephoenix_version ,  instance_name ,  instance_uuaa ,  instance_user ,  instance_port ) VALUES (144518, 'GMO', '1.5', 'EPHOENIX-BATCH', 'AAAA', 'xprueb1', '19000');
INSERT INTO  ephoenix_service  ( id ,  deployment_line ,  ephoenix_version ,  instance_name ,  instance_uuaa ,  instance_user ,  instance_port ) VALUES (144521, 'GMO', '1.5', 'EPHOENIX-ONLIN', 'AAAA', 'xprueo1', '19010');
INSERT INTO  ephoenix_service  ( id ,  deployment_line ,  ephoenix_version ,  instance_name ,  instance_uuaa ,  instance_user ,  instance_port ) VALUES (145433, 'GMO', '1.5', 'CALYPSO-BATCH', 'KLYR', 'xpclpb1', '19100');
INSERT INTO  ephoenix_service  ( id ,  deployment_line ,  ephoenix_version ,  instance_name ,  instance_uuaa ,  instance_user ,  instance_port ) VALUES (145436, 'GMO', '1.5', 'CALYPSO-ONLIN', 'KLYR', 'xpclpo1', '19110');
INSERT INTO  ephoenix_service  ( id ,  deployment_line ,  ephoenix_version ,  instance_name ,  instance_uuaa ,  instance_user ,  instance_port ) VALUES (145508, 'GMO', '1.5', 'CALYPSO-BATCH', 'KLYR', 'xpclpb1', '19100');
INSERT INTO  ephoenix_service  ( id ,  deployment_line ,  ephoenix_version ,  instance_name ,  instance_uuaa ,  instance_user ,  instance_port ) VALUES (145511, 'GMO', '1.5', 'CALYPSO-ONLIN', 'KLYR', 'xpclpo1', '19110');
INSERT INTO  ephoenix_service  ( id ,  deployment_line ,  ephoenix_version ,  instance_name ,  instance_uuaa ,  instance_user ,  instance_port ) VALUES (147917, 'GMO', '1.5', 'MDS-BATCH', 'KETR', 'xpphnx1', '19050');
INSERT INTO  ephoenix_service  ( id ,  deployment_line ,  ephoenix_version ,  instance_name ,  instance_uuaa ,  instance_user ,  instance_port ) VALUES (147920, 'GMO', '1.5', 'MDS-ONLIN', 'KETR', 'xpphnx1', '19030');
INSERT INTO  ephoenix_service  ( id ,  deployment_line ,  ephoenix_version ,  instance_name ,  instance_uuaa ,  instance_user ,  instance_port ) VALUES (147923, 'GMO', '1.5', 'MDS-RFA', 'KETR', 'xpphnx1', '19040');
INSERT INTO  ephoenix_service  ( id ,  deployment_line ,  ephoenix_version ,  instance_name ,  instance_uuaa ,  instance_user ,  instance_port ) VALUES (147952, 'GMO', '1.5', 'CALYPSO-BATCH', 'KLYR', 'xpclpb1', '19100');
INSERT INTO  ephoenix_service  ( id ,  deployment_line ,  ephoenix_version ,  instance_name ,  instance_uuaa ,  instance_user ,  instance_port ) VALUES (147955, 'GMO', '1.5', 'CALYPSO-ONLIN', 'KLYR', 'xpclpo1', '19110');
INSERT INTO  ephoenix_service  ( id ,  deployment_line ,  ephoenix_version ,  instance_name ,  instance_uuaa ,  instance_user ,  instance_port ) VALUES (148119, 'GMO', '1.5', 'MDS-BATCH', 'KETR', 'xpphnx1', '19050');
INSERT INTO  ephoenix_service  ( id ,  deployment_line ,  ephoenix_version ,  instance_name ,  instance_uuaa ,  instance_user ,  instance_port ) VALUES (148122, 'GMO', '1.5', 'MDS-ONLIN', 'KETR', 'xpphnx1', '19030');
INSERT INTO  ephoenix_service  ( id ,  deployment_line ,  ephoenix_version ,  instance_name ,  instance_uuaa ,  instance_user ,  instance_port ) VALUES (148125, 'GMO', '1.5', 'MDS-RFA', 'KETR', 'xpphnx1', '19040');
INSERT INTO  ephoenix_service  ( id ,  deployment_line ,  ephoenix_version ,  instance_name ,  instance_uuaa ,  instance_user ,  instance_port ) VALUES (148226, 'GMO', '1.5', 'CALYPSO-BATCH', 'KLYR', 'xpclpb1', '19100');
INSERT INTO  ephoenix_service  ( id ,  deployment_line ,  ephoenix_version ,  instance_name ,  instance_uuaa ,  instance_user ,  instance_port ) VALUES (148229, 'GMO', '1.5', 'CALYPSO-ONLIN', 'KLYR', 'xpclpo1', '19110');
INSERT INTO  ephoenix_service  ( id ,  deployment_line ,  ephoenix_version ,  instance_name ,  instance_uuaa ,  instance_user ,  instance_port ) VALUES (148925, 'GMO', '1.5', 'CALYPSO-BATCH', 'KLYR', 'xpclpb1', '19100');
INSERT INTO  ephoenix_service  ( id ,  deployment_line ,  ephoenix_version ,  instance_name ,  instance_uuaa ,  instance_user ,  instance_port ) VALUES (148928, 'GMO', '1.5', 'CALYPSO-ONLIN', 'KLYR', 'xpclpo1', '19110');
INSERT INTO  ephoenix_service  ( id ,  deployment_line ,  ephoenix_version ,  instance_name ,  instance_uuaa ,  instance_user ,  instance_port ) VALUES (169823, 'GMO', '1.5', 'CALYPSO-BATCH', 'KLYR', 'xpclpb1', '19100');
INSERT INTO  ephoenix_service  ( id ,  deployment_line ,  ephoenix_version ,  instance_name ,  instance_uuaa ,  instance_user ,  instance_port ) VALUES (169826, 'GMO', '1.5', 'CALYPSO-ONLIN', 'KLYR', 'xpclpo1', '19110');
INSERT INTO  ephoenix_service  ( id ,  deployment_line ,  ephoenix_version ,  instance_name ,  instance_uuaa ,  instance_user ,  instance_port ) VALUES (171307, 'GMO', '1.5', 'CALYPSO-BATCH', 'KLYR', 'xpclpb1', '19100');
INSERT INTO  ephoenix_service  ( id ,  deployment_line ,  ephoenix_version ,  instance_name ,  instance_uuaa ,  instance_user ,  instance_port ) VALUES (171310, 'GMO', '1.5', 'CALYPSO-ONLIN', 'KLYR', 'xpclpo1', '19110');
INSERT INTO  ephoenix_service  ( id ,  deployment_line ,  ephoenix_version ,  instance_name ,  instance_uuaa ,  instance_user ,  instance_port ) VALUES (171376, 'GMO', '1.5', 'CALYPSO-BATCH', 'KLYR', 'xpclpb1', '19100');
INSERT INTO  ephoenix_service  ( id ,  deployment_line ,  ephoenix_version ,  instance_name ,  instance_uuaa ,  instance_user ,  instance_port ) VALUES (171379, 'GMO', '1.5', 'CALYPSO-ONLIN', 'KLYR', 'xpclpo1', '19110');
INSERT INTO  ephoenix_service  ( id ,  deployment_line ,  ephoenix_version ,  instance_name ,  instance_uuaa ,  instance_user ,  instance_port ) VALUES (171508, 'GMO', '1.5', 'CALYPSO-BATCH', 'KLYR', 'xpclpb1', '19100');
INSERT INTO  ephoenix_service  ( id ,  deployment_line ,  ephoenix_version ,  instance_name ,  instance_uuaa ,  instance_user ,  instance_port ) VALUES (171511, 'GMO', '1.5', 'CALYPSO-ONLIN', 'KLYR', 'xpclpo1', '19110');
INSERT INTO  ephoenix_service  ( id ,  deployment_line ,  ephoenix_version ,  instance_name ,  instance_uuaa ,  instance_user ,  instance_port ) VALUES (171627, 'GMO', '1.5', 'CALYPSO-BATCH', 'KLYR', 'xpclpb1', '19100');
INSERT INTO  ephoenix_service  ( id ,  deployment_line ,  ephoenix_version ,  instance_name ,  instance_uuaa ,  instance_user ,  instance_port ) VALUES (171630, 'GMO', '1.5', 'CALYPSO-ONLIN', 'KLYR', 'xpclpo1', '19110');
INSERT INTO  ephoenix_service  ( id ,  deployment_line ,  ephoenix_version ,  instance_name ,  instance_uuaa ,  instance_user ,  instance_port ) VALUES (174193, 'GMO', '1.5', 'CALYPSO-BATCH', 'KLYR', 'xpclpb1', '19100');
INSERT INTO  ephoenix_service  ( id ,  deployment_line ,  ephoenix_version ,  instance_name ,  instance_uuaa ,  instance_user ,  instance_port ) VALUES (174196, 'GMO', '1.5', 'CALYPSO-ONLIN', 'KLYR', 'xpclpo1', '19110');
INSERT INTO  ephoenix_service  ( id ,  deployment_line ,  ephoenix_version ,  instance_name ,  instance_uuaa ,  instance_user ,  instance_port ) VALUES (174325, 'GMO', '1.5', 'CALYPSO-BATCH', 'KLYR', 'xpclpb1', '19100');
INSERT INTO  ephoenix_service  ( id ,  deployment_line ,  ephoenix_version ,  instance_name ,  instance_uuaa ,  instance_user ,  instance_port ) VALUES (174328, 'GMO', '1.5', 'CALYPSO-ONLIN', 'KLYR', 'xpclpo1', '19110');
INSERT INTO  ephoenix_service  ( id ,  deployment_line ,  ephoenix_version ,  instance_name ,  instance_uuaa ,  instance_user ,  instance_port ) VALUES (201524, 'GMO', '1.5', 'CALYPSO-BATCH', 'KLYR', 'xpclpb1', '19100');
INSERT INTO  ephoenix_service  ( id ,  deployment_line ,  ephoenix_version ,  instance_name ,  instance_uuaa ,  instance_user ,  instance_port ) VALUES (201527, 'GMO', '1.5', 'CALYPSO-ONLIN', 'KLYR', 'xpclpo1', '19110');
INSERT INTO  ephoenix_service  ( id ,  deployment_line ,  ephoenix_version ,  instance_name ,  instance_uuaa ,  instance_user ,  instance_port ) VALUES (201578, 'GMO', '1.5', 'MDS-BATCH', 'KETR', 'xpphnx1', '19050');
INSERT INTO  ephoenix_service  ( id ,  deployment_line ,  ephoenix_version ,  instance_name ,  instance_uuaa ,  instance_user ,  instance_port ) VALUES (201581, 'GMO', '1.5', 'MDS-ONLIN', 'KETR', 'xpphnx1', '19030');
INSERT INTO  ephoenix_service  ( id ,  deployment_line ,  ephoenix_version ,  instance_name ,  instance_uuaa ,  instance_user ,  instance_port ) VALUES (201584, 'GMO', '1.5', 'MDS-RFA', 'KETR', 'xpphnx1', '19040');
INSERT INTO  ephoenix_service  ( id ,  deployment_line ,  ephoenix_version ,  instance_name ,  instance_uuaa ,  instance_user ,  instance_port ) VALUES (203190, 'GMO', '1.5', 'CHARFOLE-BATCH', 'XYZT', 'xprueb1', '19000');
INSERT INTO  ephoenix_service  ( id ,  deployment_line ,  ephoenix_version ,  instance_name ,  instance_uuaa ,  instance_user ,  instance_port ) VALUES (203193, 'GMO', '1.5', 'CHARFOLE-ONLIN', 'XYZT', 'xprueo1', '19010');
INSERT INTO  ephoenix_service  ( id ,  deployment_line ,  ephoenix_version ,  instance_name ,  instance_uuaa ,  instance_user ,  instance_port ) VALUES (203675, 'GMO', '1.5', 'EPHOENIX-BATCH', 'QWJJ', 'xprueb1', '19000');
INSERT INTO  ephoenix_service  ( id ,  deployment_line ,  ephoenix_version ,  instance_name ,  instance_uuaa ,  instance_user ,  instance_port ) VALUES (203678, 'GMO', '1.5', 'EPHOENIX-ONLIN', 'QWJJ', 'xprueo1', '19010');
INSERT INTO  ephoenix_service  ( id ,  deployment_line ,  ephoenix_version ,  instance_name ,  instance_uuaa ,  instance_user ,  instance_port ) VALUES (203723, 'GMO', '1.5', 'EPHOENIX-BATCH', 'QWJJ', 'xprueb1', '19000');
INSERT INTO  ephoenix_service  ( id ,  deployment_line ,  ephoenix_version ,  instance_name ,  instance_uuaa ,  instance_user ,  instance_port ) VALUES (203726, 'GMO', '1.5', 'EPHOENIX-ONLIN', 'QWJJ', 'xprueo1', '19010');
INSERT INTO  ephoenix_service  ( id ,  deployment_line ,  ephoenix_version ,  instance_name ,  instance_uuaa ,  instance_user ,  instance_port ) VALUES (203822, 'GMO', '1.5', 'MDS-BATCH', 'KETR', 'xpphnx1', '19050');
INSERT INTO  ephoenix_service  ( id ,  deployment_line ,  ephoenix_version ,  instance_name ,  instance_uuaa ,  instance_user ,  instance_port ) VALUES (203825, 'GMO', '1.5', 'MDS-ONLIN', 'KETR', 'xpphnx1', '19030');
INSERT INTO  ephoenix_service  ( id ,  deployment_line ,  ephoenix_version ,  instance_name ,  instance_uuaa ,  instance_user ,  instance_port ) VALUES (203828, 'GMO', '1.5', 'MDS-RFA', 'KETR', 'xpphnx1', '19040');
INSERT INTO  ephoenix_service  ( id ,  deployment_line ,  ephoenix_version ,  instance_name ,  instance_uuaa ,  instance_user ,  instance_port ) VALUES (215744, 'GMO', '1.5', NULL, 'KLYR', 'xpclpb1', '19100');
INSERT INTO  ephoenix_service  ( id ,  deployment_line ,  ephoenix_version ,  instance_name ,  instance_uuaa ,  instance_user ,  instance_port ) VALUES (215747, 'GMO', '1.5', NULL, 'KLYR', 'xpclpo1', '19110');


INSERT INTO  lob_file  ( id ,  creation_date ,  deletion_date ,  last_modified ,  contents ,  name ,  url ) VALUES (89979, '2017-07-21 09:33:40.487', NULL, NULL, '22133', 'package.json', NULL);
INSERT INTO  lob_file  ( id ,  creation_date ,  deletion_date ,  last_modified ,  contents ,  name ,  url ) VALUES (89980, '2017-07-21 09:33:40.36', NULL, NULL, '22134', 'pom.xml', NULL);
INSERT INTO  lob_file  ( id ,  creation_date ,  deletion_date ,  last_modified ,  contents ,  name ,  url ) VALUES (89982, '2017-07-21 09:33:40.565', NULL, NULL, '22135', 'pom.xml', NULL);
INSERT INTO  lob_file  ( id ,  creation_date ,  deletion_date ,  last_modified ,  contents ,  name ,  url ) VALUES (89984, '2017-07-21 09:33:40.629', NULL, NULL, '22136', 'pom.xml', NULL);
INSERT INTO  lob_file  ( id ,  creation_date ,  deletion_date ,  last_modified ,  contents ,  name ,  url ) VALUES (90117, '2017-07-21 10:12:27.875', NULL, NULL, '22138', 'pom.xml', NULL);
INSERT INTO  lob_file  ( id ,  creation_date ,  deletion_date ,  last_modified ,  contents ,  name ,  url ) VALUES (90119, '2017-07-21 10:12:28.03', NULL, NULL, '22139', 'package.json', NULL);
INSERT INTO  lob_file  ( id ,  creation_date ,  deletion_date ,  last_modified ,  contents ,  name ,  url ) VALUES (90120, '2017-07-21 10:12:27.966', NULL, NULL, '22140', 'pom.xml', NULL);
INSERT INTO  lob_file  ( id ,  creation_date ,  deletion_date ,  last_modified ,  contents ,  name ,  url ) VALUES (90149, '2017-07-21 10:16:28.663', NULL, NULL, '22141', 'package.json', NULL);
INSERT INTO  lob_file  ( id ,  creation_date ,  deletion_date ,  last_modified ,  contents ,  name ,  url ) VALUES (90150, '2017-07-21 10:16:27.677', NULL, NULL, '22142', 'pom.xml', NULL);
INSERT INTO  lob_file  ( id ,  creation_date ,  deletion_date ,  last_modified ,  contents ,  name ,  url ) VALUES (90152, '2017-07-21 10:16:28.754', NULL, NULL, '22143', 'pom.xml', NULL);
INSERT INTO  lob_file  ( id ,  creation_date ,  deletion_date ,  last_modified ,  contents ,  name ,  url ) VALUES (90504, '2017-07-21 12:39:37.929', NULL, NULL, '22149', 'package.json', 'http://llnova601.igrupobbva:9999/KCSA/webcsa/tree/TAG_13/backend-web/package.json');
INSERT INTO  lob_file  ( id ,  creation_date ,  deletion_date ,  last_modified ,  contents ,  name ,  url ) VALUES (90668, '2017-07-21 12:47:10.21', NULL, NULL, '22153', 'package.json', 'http://llnova601.igrupobbva:9999/LUPR/back/tree/v1.0.12/node-service/package.json');
INSERT INTO  lob_file  ( id ,  creation_date ,  deletion_date ,  last_modified ,  contents ,  name ,  url ) VALUES (90669, '2017-07-21 12:47:10.139', NULL, NULL, '22154', 'pom.xml', 'http://llnova601.igrupobbva:9999/LUPR/back/tree/v1.0.12/node-service/pom.xml');
INSERT INTO  lob_file  ( id ,  creation_date ,  deletion_date ,  last_modified ,  contents ,  name ,  url ) VALUES (90505, '2017-07-21 12:39:37.732', NULL, NULL, '22150', 'pom.xml', 'http://llnova601.igrupobbva:9999/KCSA/webcsa/tree/TAG_13/backend-web/pom.xml');
INSERT INTO  lob_file  ( id ,  creation_date ,  deletion_date ,  last_modified ,  contents ,  name ,  url ) VALUES (90507, '2017-07-21 12:39:38.017', NULL, NULL, '22151', 'pom.xml', 'http://llnova601.igrupobbva:9999/KCSA/webcsa/tree/TAG_13/frontend-web/pom.xml');
INSERT INTO  lob_file  ( id ,  creation_date ,  deletion_date ,  last_modified ,  contents ,  name ,  url ) VALUES (90875, '2017-07-21 14:19:47.399', NULL, NULL, '22161', 'pom.xml', 'http://llnova601.igrupobbva:9999/LUPR/back/tree/v1.0.12/java-service/pom.xml');
INSERT INTO  lob_file  ( id ,  creation_date ,  deletion_date ,  last_modified ,  contents ,  name ,  url ) VALUES (90877, '2017-07-21 14:19:47.567', NULL, NULL, '22162', 'package.json', 'http://llnova601.igrupobbva:9999/LUPR/back/tree/v1.0.12/node-service/package.json');
INSERT INTO  lob_file  ( id ,  creation_date ,  deletion_date ,  last_modified ,  contents ,  name ,  url ) VALUES (90878, '2017-07-21 14:19:47.462', NULL, NULL, '22163', 'pom.xml', 'http://llnova601.igrupobbva:9999/LUPR/back/tree/v1.0.12/node-service/pom.xml');
INSERT INTO  lob_file  ( id ,  creation_date ,  deletion_date ,  last_modified ,  contents ,  name ,  url ) VALUES (90666, '2017-07-21 12:47:10.008', NULL, NULL, '22152', 'pom.xml', 'http://llnova601.igrupobbva:9999/KCSA/webcsa/tree/TAG_13/java-service/pom.xml');
INSERT INTO  lob_file  ( id ,  creation_date ,  deletion_date ,  last_modified ,  contents ,  name ,  url ) VALUES (102454, '2017-07-25 09:29:27.618', NULL, NULL, '22359', 'pom.xml', 'http://llnova601.igrupobbva:9999/LUPR/back/tree/v1.0.13/java-service/pom.xml');
INSERT INTO  lob_file  ( id ,  creation_date ,  deletion_date ,  last_modified ,  contents ,  name ,  url ) VALUES (102456, '2017-07-25 09:29:27.828', NULL, NULL, '22360', 'package.json', 'http://llnova601.igrupobbva:9999/LUPR/back/tree/v1.0.13/node-service/package.json');
INSERT INTO  lob_file  ( id ,  creation_date ,  deletion_date ,  last_modified ,  contents ,  name ,  url ) VALUES (102457, '2017-07-25 09:29:27.73', NULL, NULL, '22361', 'pom.xml', 'http://llnova601.igrupobbva:9999/LUPR/back/tree/v1.0.13/node-service/pom.xml');
INSERT INTO  lob_file  ( id ,  creation_date ,  deletion_date ,  last_modified ,  contents ,  name ,  url ) VALUES (102628, '2017-07-25 09:48:58.359', NULL, NULL, '22368', 'pom.xml', 'http://llnova601.igrupobbva:9999/AAAA/subsistemaephoenix/tree/v1.0/AAAA/EPHOENIX-BATCH/pom.xml');
INSERT INTO  lob_file  ( id ,  creation_date ,  deletion_date ,  last_modified ,  contents ,  name ,  url ) VALUES (102631, '2017-07-25 09:48:58.438', NULL, NULL, '22369', 'pom.xml', 'http://llnova601.igrupobbva:9999/AAAA/subsistemaephoenix/tree/v1.0/AAAA/EPHOENIX-ONLINE/pom.xml');
INSERT INTO  lob_file  ( id ,  creation_date ,  deletion_date ,  last_modified ,  contents ,  name ,  url ) VALUES (102734, '2017-07-25 09:55:27.224', NULL, NULL, '22370', 'pom.xml', 'http://llnova601.igrupobbva:9999/LUPR/back/tree/v1.0.14/java-service/pom.xml');
INSERT INTO  lob_file  ( id ,  creation_date ,  deletion_date ,  last_modified ,  contents ,  name ,  url ) VALUES (102736, '2017-07-25 09:55:27.387', NULL, NULL, '22371', 'package.json', 'http://llnova601.igrupobbva:9999/LUPR/back/tree/v1.0.14/node-service/package.json');
INSERT INTO  lob_file  ( id ,  creation_date ,  deletion_date ,  last_modified ,  contents ,  name ,  url ) VALUES (102737, '2017-07-25 09:55:27.31', NULL, NULL, '22372', 'pom.xml', 'http://llnova601.igrupobbva:9999/LUPR/back/tree/v1.0.14/node-service/pom.xml');
INSERT INTO  lob_file  ( id ,  creation_date ,  deletion_date ,  last_modified ,  contents ,  name ,  url ) VALUES (103660, '2017-07-25 13:04:11.498', NULL, NULL, '22379', 'pom.xml', 'http://llnova601.igrupobbva:9999/LUPR/back/tree/v1.0.16/java-service/pom.xml');
INSERT INTO  lob_file  ( id ,  creation_date ,  deletion_date ,  last_modified ,  contents ,  name ,  url ) VALUES (103662, '2017-07-25 13:04:11.639', NULL, NULL, '22380', 'package.json', 'http://llnova601.igrupobbva:9999/LUPR/back/tree/v1.0.16/node-service/package.json');
INSERT INTO  lob_file  ( id ,  creation_date ,  deletion_date ,  last_modified ,  contents ,  name ,  url ) VALUES (103663, '2017-07-25 13:04:11.57', NULL, NULL, '22381', 'pom.xml', 'http://llnova601.igrupobbva:9999/LUPR/back/tree/v1.0.16/node-service/pom.xml');
INSERT INTO  lob_file  ( id ,  creation_date ,  deletion_date ,  last_modified ,  contents ,  name ,  url ) VALUES (103893, '2017-07-25 14:25:41.828', NULL, NULL, '22384', 'pom.xml', 'http://llnova601.igrupobbva:9999/LUPR/back/tree/v1.0.18/batch-java-service/pom.xml');
INSERT INTO  lob_file  ( id ,  creation_date ,  deletion_date ,  last_modified ,  contents ,  name ,  url ) VALUES (103895, '2017-07-25 14:25:41.901', NULL, NULL, '22385', 'pom.xml', 'http://llnova601.igrupobbva:9999/LUPR/back/tree/v1.0.18/java-service/pom.xml');
INSERT INTO  lob_file  ( id ,  creation_date ,  deletion_date ,  last_modified ,  contents ,  name ,  url ) VALUES (103897, '2017-07-25 14:25:42.096', NULL, NULL, '22386', 'package.json', 'http://llnova601.igrupobbva:9999/LUPR/back/tree/v1.0.18/node-service/package.json');
INSERT INTO  lob_file  ( id ,  creation_date ,  deletion_date ,  last_modified ,  contents ,  name ,  url ) VALUES (103898, '2017-07-25 14:25:42.031', NULL, NULL, '22387', 'pom.xml', 'http://llnova601.igrupobbva:9999/LUPR/back/tree/v1.0.18/node-service/pom.xml');
INSERT INTO  lob_file  ( id ,  creation_date ,  deletion_date ,  last_modified ,  contents ,  name ,  url ) VALUES (104049, '2017-07-25 14:57:28.718', NULL, NULL, '22390', 'pom.xml', 'http://llnova601.igrupobbva:9999/LUPR/back/tree/v1.0.19/batch-java-service/pom.xml');
INSERT INTO  lob_file  ( id ,  creation_date ,  deletion_date ,  last_modified ,  contents ,  name ,  url ) VALUES (104051, '2017-07-25 14:57:28.826', NULL, NULL, '22391', 'pom.xml', 'http://llnova601.igrupobbva:9999/LUPR/back/tree/v1.0.19/java-service/pom.xml');
INSERT INTO  lob_file  ( id ,  creation_date ,  deletion_date ,  last_modified ,  contents ,  name ,  url ) VALUES (104053, '2017-07-25 14:57:28.98', NULL, NULL, '22392', 'package.json', 'http://llnova601.igrupobbva:9999/LUPR/back/tree/v1.0.19/node-service/package.json');
INSERT INTO  lob_file  ( id ,  creation_date ,  deletion_date ,  last_modified ,  contents ,  name ,  url ) VALUES (104054, '2017-07-25 14:57:28.918', NULL, NULL, '22393', 'pom.xml', 'http://llnova601.igrupobbva:9999/LUPR/back/tree/v1.0.19/node-service/pom.xml');
INSERT INTO  lob_file  ( id ,  creation_date ,  deletion_date ,  last_modified ,  contents ,  name ,  url ) VALUES (104269, '2017-07-25 15:57:43.03', NULL, NULL, '22412', 'pom.xml', 'http://llnova601.igrupobbva:9999/LUPR/back/tree/v1.0.20/java-service/pom.xml');
INSERT INTO  lob_file  ( id ,  creation_date ,  deletion_date ,  last_modified ,  contents ,  name ,  url ) VALUES (104271, '2017-07-25 15:57:43.155', NULL, NULL, '22413', 'package.json', 'http://llnova601.igrupobbva:9999/LUPR/back/tree/v1.0.20/node-service/package.json');
INSERT INTO  lob_file  ( id ,  creation_date ,  deletion_date ,  last_modified ,  contents ,  name ,  url ) VALUES (104272, '2017-07-25 15:57:43.098', NULL, NULL, '22414', 'pom.xml', 'http://llnova601.igrupobbva:9999/LUPR/back/tree/v1.0.20/node-service/pom.xml');
INSERT INTO  lob_file  ( id ,  creation_date ,  deletion_date ,  last_modified ,  contents ,  name ,  url ) VALUES (104337, '2017-07-25 16:10:55.569', NULL, NULL, '22416', 'pom.xml', 'http://llnova601.igrupobbva:9999/LUPR/back/tree/v1.0.21/java-service/pom.xml');
INSERT INTO  lob_file  ( id ,  creation_date ,  deletion_date ,  last_modified ,  contents ,  name ,  url ) VALUES (104339, '2017-07-25 16:10:55.704', NULL, NULL, '22417', 'package.json', 'http://llnova601.igrupobbva:9999/LUPR/back/tree/v1.0.21/node-service/package.json');
INSERT INTO  lob_file  ( id ,  creation_date ,  deletion_date ,  last_modified ,  contents ,  name ,  url ) VALUES (104340, '2017-07-25 16:10:55.633', NULL, NULL, '22418', 'pom.xml', 'http://llnova601.igrupobbva:9999/LUPR/back/tree/v1.0.21/node-service/pom.xml');
INSERT INTO  lob_file  ( id ,  creation_date ,  deletion_date ,  last_modified ,  contents ,  name ,  url ) VALUES (104392, '2017-07-25 16:21:32.343', NULL, NULL, '22419', 'pom.xml', 'http://llnova601.igrupobbva:9999/LUPR/back/tree/v1.0.22/java-service/pom.xml');
INSERT INTO  lob_file  ( id ,  creation_date ,  deletion_date ,  last_modified ,  contents ,  name ,  url ) VALUES (104394, '2017-07-25 16:21:33.12', NULL, NULL, '22420', 'package.json', 'http://llnova601.igrupobbva:9999/LUPR/back/tree/v1.0.22/node-service/package.json');
INSERT INTO  lob_file  ( id ,  creation_date ,  deletion_date ,  last_modified ,  contents ,  name ,  url ) VALUES (104395, '2017-07-25 16:21:32.407', NULL, NULL, '22421', 'pom.xml', 'http://llnova601.igrupobbva:9999/LUPR/back/tree/v1.0.22/node-service/pom.xml');
INSERT INTO  lob_file  ( id ,  creation_date ,  deletion_date ,  last_modified ,  contents ,  name ,  url ) VALUES (104447, '2017-07-25 16:32:10.002', NULL, NULL, '22423', 'pom.xml', 'http://llnova601.igrupobbva:9999/LUPR/back/tree/v1.0.23/java-service/pom.xml');
INSERT INTO  lob_file  ( id ,  creation_date ,  deletion_date ,  last_modified ,  contents ,  name ,  url ) VALUES (104449, '2017-07-25 16:32:10.768', NULL, NULL, '22424', 'package.json', 'http://llnova601.igrupobbva:9999/LUPR/back/tree/v1.0.23/node-service/package.json');
INSERT INTO  lob_file  ( id ,  creation_date ,  deletion_date ,  last_modified ,  contents ,  name ,  url ) VALUES (104450, '2017-07-25 16:32:10.706', NULL, NULL, '22425', 'pom.xml', 'http://llnova601.igrupobbva:9999/LUPR/back/tree/v1.0.23/node-service/pom.xml');
INSERT INTO  lob_file  ( id ,  creation_date ,  deletion_date ,  last_modified ,  contents ,  name ,  url ) VALUES (104569, '2017-07-25 17:09:53.001', NULL, NULL, '22427', 'pom.xml', 'http://llnova601.igrupobbva:9999/LUPR/back/tree/v1.0.24/java-service/pom.xml');
INSERT INTO  lob_file  ( id ,  creation_date ,  deletion_date ,  last_modified ,  contents ,  name ,  url ) VALUES (104571, '2017-07-25 17:09:53.193', NULL, NULL, '22428', 'package.json', 'http://llnova601.igrupobbva:9999/LUPR/back/tree/v1.0.24/node-service/package.json');
INSERT INTO  lob_file  ( id ,  creation_date ,  deletion_date ,  last_modified ,  contents ,  name ,  url ) VALUES (104572, '2017-07-25 17:09:53.116', NULL, NULL, '22429', 'pom.xml', 'http://llnova601.igrupobbva:9999/LUPR/back/tree/v1.0.24/node-service/pom.xml');
INSERT INTO  lob_file  ( id ,  creation_date ,  deletion_date ,  last_modified ,  contents ,  name ,  url ) VALUES (107750, '2017-07-26 11:50:14.819', NULL, NULL, '22467', 'pom.xml', 'http://llnova601.igrupobbva:9999/LUPR/back/tree/v1.0.25/batch-java-service/pom.xml');
INSERT INTO  lob_file  ( id ,  creation_date ,  deletion_date ,  last_modified ,  contents ,  name ,  url ) VALUES (107752, '2017-07-26 11:50:14.893', NULL, NULL, '22468', 'pom.xml', 'http://llnova601.igrupobbva:9999/LUPR/back/tree/v1.0.25/java-service/pom.xml');
INSERT INTO  lob_file  ( id ,  creation_date ,  deletion_date ,  last_modified ,  contents ,  name ,  url ) VALUES (107754, '2017-07-26 11:50:15.688', NULL, NULL, '22469', 'package.json', 'http://llnova601.igrupobbva:9999/LUPR/back/tree/v1.0.25/node-service/package.json');
INSERT INTO  lob_file  ( id ,  creation_date ,  deletion_date ,  last_modified ,  contents ,  name ,  url ) VALUES (107755, '2017-07-26 11:50:15.61', NULL, NULL, '22470', 'pom.xml', 'http://llnova601.igrupobbva:9999/LUPR/back/tree/v1.0.25/node-service/pom.xml');
INSERT INTO  lob_file  ( id ,  creation_date ,  deletion_date ,  last_modified ,  contents ,  name ,  url ) VALUES (107819, '2017-07-26 12:06:56.792', NULL, NULL, '22472', 'pom.xml', 'http://llnova601.igrupobbva:9999/LUPR/back/tree/v1.0.26/batch-java-service/pom.xml');
INSERT INTO  lob_file  ( id ,  creation_date ,  deletion_date ,  last_modified ,  contents ,  name ,  url ) VALUES (107821, '2017-07-26 12:06:56.981', NULL, NULL, '22473', 'pom.xml', 'http://llnova601.igrupobbva:9999/LUPR/back/tree/v1.0.26/java-service/pom.xml');
INSERT INTO  lob_file  ( id ,  creation_date ,  deletion_date ,  last_modified ,  contents ,  name ,  url ) VALUES (107823, '2017-07-26 12:06:57.113', NULL, NULL, '22474', 'package.json', 'http://llnova601.igrupobbva:9999/LUPR/back/tree/v1.0.26/node-service/package.json');
INSERT INTO  lob_file  ( id ,  creation_date ,  deletion_date ,  last_modified ,  contents ,  name ,  url ) VALUES (107824, '2017-07-26 12:06:57.045', NULL, NULL, '22475', 'pom.xml', 'http://llnova601.igrupobbva:9999/LUPR/back/tree/v1.0.26/node-service/pom.xml');
INSERT INTO  lob_file  ( id ,  creation_date ,  deletion_date ,  last_modified ,  contents ,  name ,  url ) VALUES (107833, '2017-07-26 12:07:39.767', NULL, NULL, '22476', 'pom.xml', 'http://llnova601.igrupobbva:9999/AAAA/subsistemaephoenix/tree/v1.0/AAAA/EPHOENIX-BATCH/pom.xml');
INSERT INTO  lob_file  ( id ,  creation_date ,  deletion_date ,  last_modified ,  contents ,  name ,  url ) VALUES (107836, '2017-07-26 12:07:39.859', NULL, NULL, '22477', 'pom.xml', 'http://llnova601.igrupobbva:9999/AAAA/subsistemaephoenix/tree/v1.0/AAAA/EPHOENIX-ONLINE/pom.xml');
INSERT INTO  lob_file  ( id ,  creation_date ,  deletion_date ,  last_modified ,  contents ,  name ,  url ) VALUES (108634, '2017-07-26 14:40:51.02', NULL, NULL, '22485', 'pom.xml', 'http://llnova601.igrupobbva:9999/LUPR/back/tree/v1.0.27/batch-java-service/pom.xml');
INSERT INTO  lob_file  ( id ,  creation_date ,  deletion_date ,  last_modified ,  contents ,  name ,  url ) VALUES (108636, '2017-07-26 14:40:51.968', NULL, NULL, '22486', 'pom.xml', 'http://llnova601.igrupobbva:9999/LUPR/back/tree/v1.0.27/java-service/pom.xml');
INSERT INTO  lob_file  ( id ,  creation_date ,  deletion_date ,  last_modified ,  contents ,  name ,  url ) VALUES (108638, '2017-07-26 14:40:52.139', NULL, NULL, '22487', 'package.json', 'http://llnova601.igrupobbva:9999/LUPR/back/tree/v1.0.27/node-service/package.json');
INSERT INTO  lob_file  ( id ,  creation_date ,  deletion_date ,  last_modified ,  contents ,  name ,  url ) VALUES (108639, '2017-07-26 14:40:52.067', NULL, NULL, '22488', 'pom.xml', 'http://llnova601.igrupobbva:9999/LUPR/back/tree/v1.0.27/node-service/pom.xml');
INSERT INTO  lob_file  ( id ,  creation_date ,  deletion_date ,  last_modified ,  contents ,  name ,  url ) VALUES (112112, '2017-07-27 09:42:59.989', NULL, NULL, '22528', 'pom.xml', 'http://llnova601.igrupobbva:9999/AAAA/subsistemaephoenix/tree/v1.0/AAAA/EPHOENIX-BATCH/pom.xml');
INSERT INTO  lob_file  ( id ,  creation_date ,  deletion_date ,  last_modified ,  contents ,  name ,  url ) VALUES (112115, '2017-07-27 09:43:00.773', NULL, NULL, '22529', 'pom.xml', 'http://llnova601.igrupobbva:9999/AAAA/subsistemaephoenix/tree/v1.0/AAAA/EPHOENIX-ONLINE/pom.xml');
INSERT INTO  lob_file  ( id ,  creation_date ,  deletion_date ,  last_modified ,  contents ,  name ,  url ) VALUES (112573, '2017-07-27 11:53:07.909', NULL, NULL, '22534', 'pom.xml', 'http://llnova601.igrupobbva:9999/AAAA/subsistemaephoenix/tree/v1.0/AAAA/EPHOENIX-BATCH/pom.xml');
INSERT INTO  lob_file  ( id ,  creation_date ,  deletion_date ,  last_modified ,  contents ,  name ,  url ) VALUES (112576, '2017-07-27 11:53:08.601', NULL, NULL, '22535', 'pom.xml', 'http://llnova601.igrupobbva:9999/AAAA/subsistemaephoenix/tree/v1.0/AAAA/EPHOENIX-ONLINE/pom.xml');
INSERT INTO  lob_file  ( id ,  creation_date ,  deletion_date ,  last_modified ,  contents ,  name ,  url ) VALUES (112632, '2017-07-27 11:57:49.938', NULL, NULL, '22536', 'pom.xml', 'http://llnova601.igrupobbva:9999/AAAA/subsistemaephoenix/tree/v1.0/AAAA/EPHOENIX-BATCH/pom.xml');
INSERT INTO  lob_file  ( id ,  creation_date ,  deletion_date ,  last_modified ,  contents ,  name ,  url ) VALUES (112635, '2017-07-27 11:57:50.061', NULL, NULL, '22537', 'pom.xml', 'http://llnova601.igrupobbva:9999/AAAA/subsistemaephoenix/tree/v1.0/AAAA/EPHOENIX-ONLINE/pom.xml');
INSERT INTO  lob_file  ( id ,  creation_date ,  deletion_date ,  last_modified ,  contents ,  name ,  url ) VALUES (118393, '2017-07-31 13:57:12.321', NULL, NULL, '22746', 'pom.xml', 'http://llnova601.igrupobbva:9999/PRUE/primersubsistema/tree/v1.0/PRUE/EPHOENIX-BATCH/pom.xml');
INSERT INTO  lob_file  ( id ,  creation_date ,  deletion_date ,  last_modified ,  contents ,  name ,  url ) VALUES (118396, '2017-07-31 13:57:13.043', NULL, NULL, '22747', 'pom.xml', 'http://llnova601.igrupobbva:9999/PRUE/primersubsistema/tree/v1.0/PRUE/EPHOENIX-ONLINE/pom.xml');
INSERT INTO  lob_file  ( id ,  creation_date ,  deletion_date ,  last_modified ,  contents ,  name ,  url ) VALUES (119785, '2017-08-01 09:26:37.025', NULL, NULL, '22787', 'pom.xml', 'http://llnova601.igrupobbva:9999/PRUE/primersubsistema/tree/v2.0/PRUE/EPHOENIX-BATCH/pom.xml');
INSERT INTO  lob_file  ( id ,  creation_date ,  deletion_date ,  last_modified ,  contents ,  name ,  url ) VALUES (119788, '2017-08-01 09:26:37.112', NULL, NULL, '22788', 'pom.xml', 'http://llnova601.igrupobbva:9999/PRUE/primersubsistema/tree/v2.0/PRUE/EPHOENIX-ONLINE/pom.xml');
INSERT INTO  lob_file  ( id ,  creation_date ,  deletion_date ,  last_modified ,  contents ,  name ,  url ) VALUES (120642, '2017-08-01 15:45:42.197', NULL, NULL, '22795', 'pom.xml', 'http://llnova601.igrupobbva:9999/QWJJ/ephoenixbatch/tree/v1.0/QWJJ/EPHOENIX-BATCH/pom.xml');
INSERT INTO  lob_file  ( id ,  creation_date ,  deletion_date ,  last_modified ,  contents ,  name ,  url ) VALUES (120645, '2017-08-01 15:45:42.283', NULL, NULL, '22796', 'pom.xml', 'http://llnova601.igrupobbva:9999/QWJJ/ephoenixbatch/tree/v1.0/QWJJ/EPHOENIX-ONLINE/pom.xml');
INSERT INTO  lob_file  ( id ,  creation_date ,  deletion_date ,  last_modified ,  contents ,  name ,  url ) VALUES (124852, '2017-08-03 13:01:11.387', NULL, NULL, '22805', 'pom.xml', 'http://llnova601.igrupobbva:9999/DEMO/market/tree/v3.0.0/generator/pom.xml');
INSERT INTO  lob_file  ( id ,  creation_date ,  deletion_date ,  last_modified ,  contents ,  name ,  url ) VALUES (124854, '2017-08-03 13:01:11.553', NULL, NULL, '22806', 'pom.xml', 'http://llnova601.igrupobbva:9999/DEMO/market/tree/v3.0.0/generatorfeignclient/pom.xml');
INSERT INTO  lob_file  ( id ,  creation_date ,  deletion_date ,  last_modified ,  contents ,  name ,  url ) VALUES (124856, '2017-08-03 13:01:11.694', NULL, NULL, '22807', 'pom.xml', 'http://llnova601.igrupobbva:9999/DEMO/market/tree/v3.0.0/simplenovabatch/pom.xml');
INSERT INTO  lob_file  ( id ,  creation_date ,  deletion_date ,  last_modified ,  contents ,  name ,  url ) VALUES (124858, '2017-08-03 13:01:11.817', NULL, NULL, '22808', 'pom.xml', 'http://llnova601.igrupobbva:9999/DEMO/market/tree/v3.0.0/statistics/pom.xml');
INSERT INTO  lob_file  ( id ,  creation_date ,  deletion_date ,  last_modified ,  contents ,  name ,  url ) VALUES (136086, '2017-08-07 09:38:18.202', NULL, NULL, '22812', 'pom.xml', 'http://llnova601.igrupobbva:9999/AAAA/subsistemaephoenix/tree/v3.0/AAAA/EPHOENIX-BATCH/pom.xml');
INSERT INTO  lob_file  ( id ,  creation_date ,  deletion_date ,  last_modified ,  contents ,  name ,  url ) VALUES (136089, '2017-08-07 09:38:18.921', NULL, NULL, '22813', 'pom.xml', 'http://llnova601.igrupobbva:9999/AAAA/subsistemaephoenix/tree/v3.0/AAAA/EPHOENIX-ONLINE/pom.xml');
INSERT INTO  lob_file  ( id ,  creation_date ,  deletion_date ,  last_modified ,  contents ,  name ,  url ) VALUES (136356, '2017-08-07 12:01:16.533', NULL, NULL, '22814', 'pom.xml', 'http://llnova601.igrupobbva:9999/QWJJ/ephoenixbatch/tree/v1.0/QWJJ/EPHOENIX-BATCH/pom.xml');
INSERT INTO  lob_file  ( id ,  creation_date ,  deletion_date ,  last_modified ,  contents ,  name ,  url ) VALUES (136359, '2017-08-07 12:01:16.619', NULL, NULL, '22815', 'pom.xml', 'http://llnova601.igrupobbva:9999/QWJJ/ephoenixbatch/tree/v1.0/QWJJ/EPHOENIX-ONLINE/pom.xml');
INSERT INTO  lob_file  ( id ,  creation_date ,  deletion_date ,  last_modified ,  contents ,  name ,  url ) VALUES (136405, '2017-08-07 12:06:12.282', NULL, NULL, '22816', 'pom.xml', 'http://llnova601.igrupobbva:9999/QWJJ/subsistema/tree/v1.0/AAAA/EPHOENIX-BATCH/pom.xml');
INSERT INTO  lob_file  ( id ,  creation_date ,  deletion_date ,  last_modified ,  contents ,  name ,  url ) VALUES (136408, '2017-08-07 12:06:12.359', NULL, NULL, '22817', 'pom.xml', 'http://llnova601.igrupobbva:9999/QWJJ/subsistema/tree/v1.0/AAAA/EPHOENIX-ONLINE/pom.xml');
INSERT INTO  lob_file  ( id ,  creation_date ,  deletion_date ,  last_modified ,  contents ,  name ,  url ) VALUES (138132, '2017-08-08 09:52:38.388', NULL, NULL, '22821', 'pom.xml', 'http://llnova601.igrupobbva:9999/KETR/mdsglobal/tree/v.1.0.7/KETR/MDS-BATCH/pom.xml');
INSERT INTO  lob_file  ( id ,  creation_date ,  deletion_date ,  last_modified ,  contents ,  name ,  url ) VALUES (138135, '2017-08-08 09:52:38.472', NULL, NULL, '22822', 'pom.xml', 'http://llnova601.igrupobbva:9999/KETR/mdsglobal/tree/v.1.0.7/KETR/MDS-ONLINE/pom.xml');
INSERT INTO  lob_file  ( id ,  creation_date ,  deletion_date ,  last_modified ,  contents ,  name ,  url ) VALUES (138138, '2017-08-08 09:52:38.535', NULL, NULL, '22823', 'pom.xml', 'http://llnova601.igrupobbva:9999/KETR/mdsglobal/tree/v.1.0.7/KETR/MDS-RFA/pom.xml');
INSERT INTO  lob_file  ( id ,  creation_date ,  deletion_date ,  last_modified ,  contents ,  name ,  url ) VALUES (138193, '2017-08-08 10:12:57.904', NULL, NULL, '22824', 'package.json', 'http://llnova601.igrupobbva:9999/KCSA/webcsa/tree/TAG_13/backend-web/package.json');
INSERT INTO  lob_file  ( id ,  creation_date ,  deletion_date ,  last_modified ,  contents ,  name ,  url ) VALUES (138194, '2017-08-08 10:12:57.808', NULL, NULL, '22825', 'pom.xml', 'http://llnova601.igrupobbva:9999/KCSA/webcsa/tree/TAG_13/backend-web/pom.xml');
INSERT INTO  lob_file  ( id ,  creation_date ,  deletion_date ,  last_modified ,  contents ,  name ,  url ) VALUES (138196, '2017-08-08 10:12:57.968', NULL, NULL, '22826', 'pom.xml', 'http://llnova601.igrupobbva:9999/KCSA/webcsa/tree/TAG_13/frontend-web/pom.xml');
INSERT INTO  lob_file  ( id ,  creation_date ,  deletion_date ,  last_modified ,  contents ,  name ,  url ) VALUES (138453, '2017-08-08 12:24:35.526', NULL, NULL, '22827', 'pom.xml', 'http://llnova601.igrupobbva:9999/KLYR/calypso/tree/v1.0/KLYR/CALYPSO-BATCH/pom.xml');
INSERT INTO  lob_file  ( id ,  creation_date ,  deletion_date ,  last_modified ,  contents ,  name ,  url ) VALUES (138456, '2017-08-08 12:24:35.629', NULL, NULL, '22828', 'pom.xml', 'http://llnova601.igrupobbva:9999/KLYR/calypso/tree/v1.0/KLYR/CALYPSO-ONLINE/pom.xml');
INSERT INTO  lob_file  ( id ,  creation_date ,  deletion_date ,  last_modified ,  contents ,  name ,  url ) VALUES (138506, '2017-08-08 12:29:49.473', NULL, NULL, '22829', 'pom.xml', 'http://llnova601.igrupobbva:9999/KLYR/calypso/tree/v1.0.1/KLYR/CALYPSO-BATCH/pom.xml');
INSERT INTO  lob_file  ( id ,  creation_date ,  deletion_date ,  last_modified ,  contents ,  name ,  url ) VALUES (138509, '2017-08-08 12:29:49.557', NULL, NULL, '22830', 'pom.xml', 'http://llnova601.igrupobbva:9999/KLYR/calypso/tree/v1.0.1/KLYR/CALYPSO-ONLINE/pom.xml');
INSERT INTO  lob_file  ( id ,  creation_date ,  deletion_date ,  last_modified ,  contents ,  name ,  url ) VALUES (138830, '2017-08-08 13:29:43.995', NULL, NULL, '22831', 'pom.xml', 'http://llnova601.igrupobbva:9999/KLYR/calypso/tree/v1.0.2/KLYR/CALYPSO-BATCH/pom.xml');
INSERT INTO  lob_file  ( id ,  creation_date ,  deletion_date ,  last_modified ,  contents ,  name ,  url ) VALUES (138833, '2017-08-08 13:29:44.068', NULL, NULL, '22832', 'pom.xml', 'http://llnova601.igrupobbva:9999/KLYR/calypso/tree/v1.0.2/KLYR/CALYPSO-ONLINE/pom.xml');
INSERT INTO  lob_file  ( id ,  creation_date ,  deletion_date ,  last_modified ,  contents ,  name ,  url ) VALUES (139168, '2017-08-08 15:03:08.352', NULL, NULL, '22839', 'pom.xml', 'http://llnova601.igrupobbva:9999/AAAA/subsistemaephoenix/tree/v3.0/AAAA/EPHOENIX-BATCH/pom.xml');
INSERT INTO  lob_file  ( id ,  creation_date ,  deletion_date ,  last_modified ,  contents ,  name ,  url ) VALUES (139171, '2017-08-08 15:03:08.445', NULL, NULL, '22840', 'pom.xml', 'http://llnova601.igrupobbva:9999/AAAA/subsistemaephoenix/tree/v3.0/AAAA/EPHOENIX-ONLINE/pom.xml');
INSERT INTO  lob_file  ( id ,  creation_date ,  deletion_date ,  last_modified ,  contents ,  name ,  url ) VALUES (139214, '2017-08-08 15:05:47.27', NULL, NULL, '22841', 'pom.xml', 'http://llnova601.igrupobbva:9999/AAAA/subsistemaephoenix/tree/v3.0/AAAA/EPHOENIX-BATCH/pom.xml');
INSERT INTO  lob_file  ( id ,  creation_date ,  deletion_date ,  last_modified ,  contents ,  name ,  url ) VALUES (139217, '2017-08-08 15:05:47.335', NULL, NULL, '22842', 'pom.xml', 'http://llnova601.igrupobbva:9999/AAAA/subsistemaephoenix/tree/v3.0/AAAA/EPHOENIX-ONLINE/pom.xml');
INSERT INTO  lob_file  ( id ,  creation_date ,  deletion_date ,  last_modified ,  contents ,  name ,  url ) VALUES (139266, '2017-08-08 15:07:29.52', NULL, NULL, '22843', 'pom.xml', 'http://llnova601.igrupobbva:9999/AAAA/subsistemaephoenix/tree/v3.0/AAAA/EPHOENIX-BATCH/pom.xml');
INSERT INTO  lob_file  ( id ,  creation_date ,  deletion_date ,  last_modified ,  contents ,  name ,  url ) VALUES (139269, '2017-08-08 15:07:29.582', NULL, NULL, '22844', 'pom.xml', 'http://llnova601.igrupobbva:9999/AAAA/subsistemaephoenix/tree/v3.0/AAAA/EPHOENIX-ONLINE/pom.xml');
INSERT INTO  lob_file  ( id ,  creation_date ,  deletion_date ,  last_modified ,  contents ,  name ,  url ) VALUES (139359, '2017-08-08 15:10:10.713', NULL, NULL, '22847', 'pom.xml', 'http://llnova601.igrupobbva:9999/AAAA/subsistemaephoenix/tree/v3.0/AAAA/EPHOENIX-BATCH/pom.xml');
INSERT INTO  lob_file  ( id ,  creation_date ,  deletion_date ,  last_modified ,  contents ,  name ,  url ) VALUES (139362, '2017-08-08 15:10:10.769', NULL, NULL, '22848', 'pom.xml', 'http://llnova601.igrupobbva:9999/AAAA/subsistemaephoenix/tree/v3.0/AAAA/EPHOENIX-ONLINE/pom.xml');
INSERT INTO  lob_file  ( id ,  creation_date ,  deletion_date ,  last_modified ,  contents ,  name ,  url ) VALUES (139409, '2017-08-08 15:11:49.647', NULL, NULL, '22849', 'pom.xml', 'http://llnova601.igrupobbva:9999/AAAA/subsistemaephoenix/tree/v3.0/AAAA/EPHOENIX-BATCH/pom.xml');
INSERT INTO  lob_file  ( id ,  creation_date ,  deletion_date ,  last_modified ,  contents ,  name ,  url ) VALUES (139412, '2017-08-08 15:11:49.758', NULL, NULL, '22850', 'pom.xml', 'http://llnova601.igrupobbva:9999/AAAA/subsistemaephoenix/tree/v3.0/AAAA/EPHOENIX-ONLINE/pom.xml');
INSERT INTO  lob_file  ( id ,  creation_date ,  deletion_date ,  last_modified ,  contents ,  name ,  url ) VALUES (141186, '2017-08-09 09:13:54.051', NULL, NULL, '22866', 'pom.xml', 'http://llnova601.igrupobbva:9999/AAAA/subsistemaephoenix/tree/v3.0/AAAA/EPHOENIX-BATCH/pom.xml');
INSERT INTO  lob_file  ( id ,  creation_date ,  deletion_date ,  last_modified ,  contents ,  name ,  url ) VALUES (141189, '2017-08-09 09:13:54.149', NULL, NULL, '22867', 'pom.xml', 'http://llnova601.igrupobbva:9999/AAAA/subsistemaephoenix/tree/v3.0/AAAA/EPHOENIX-ONLINE/pom.xml');
INSERT INTO  lob_file  ( id ,  creation_date ,  deletion_date ,  last_modified ,  contents ,  name ,  url ) VALUES (141247, '2017-08-09 09:23:52.091', NULL, NULL, '22868', 'pom.xml', 'http://llnova601.igrupobbva:9999/AAAA/subsistemaephoenix/tree/v3.0/AAAA/EPHOENIX-BATCH/pom.xml');
INSERT INTO  lob_file  ( id ,  creation_date ,  deletion_date ,  last_modified ,  contents ,  name ,  url ) VALUES (141250, '2017-08-09 09:23:52.149', NULL, NULL, '22869', 'pom.xml', 'http://llnova601.igrupobbva:9999/AAAA/subsistemaephoenix/tree/v3.0/AAAA/EPHOENIX-ONLINE/pom.xml');
INSERT INTO  lob_file  ( id ,  creation_date ,  deletion_date ,  last_modified ,  contents ,  name ,  url ) VALUES (141345, '2017-08-09 09:28:36.962', NULL, NULL, '22872', 'pom.xml', 'http://llnova601.igrupobbva:9999/AAAA/subsistemaephoenix/tree/v3.0/AAAA/EPHOENIX-BATCH/pom.xml');
INSERT INTO  lob_file  ( id ,  creation_date ,  deletion_date ,  last_modified ,  contents ,  name ,  url ) VALUES (141348, '2017-08-09 09:28:37.663', NULL, NULL, '22873', 'pom.xml', 'http://llnova601.igrupobbva:9999/AAAA/subsistemaephoenix/tree/v3.0/AAAA/EPHOENIX-ONLINE/pom.xml');
INSERT INTO  lob_file  ( id ,  creation_date ,  deletion_date ,  last_modified ,  contents ,  name ,  url ) VALUES (141406, '2017-08-09 09:38:44.548', NULL, NULL, '22874', 'pom.xml', 'http://llnova601.igrupobbva:9999/AAAA/subsistemaephoenix/tree/v3.0/AAAA/EPHOENIX-BATCH/pom.xml');
INSERT INTO  lob_file  ( id ,  creation_date ,  deletion_date ,  last_modified ,  contents ,  name ,  url ) VALUES (141409, '2017-08-09 09:38:44.61', NULL, NULL, '22875', 'pom.xml', 'http://llnova601.igrupobbva:9999/AAAA/subsistemaephoenix/tree/v3.0/AAAA/EPHOENIX-ONLINE/pom.xml');
INSERT INTO  lob_file  ( id ,  creation_date ,  deletion_date ,  last_modified ,  contents ,  name ,  url ) VALUES (142077, '2017-08-09 11:55:13.484', NULL, NULL, '22898', 'pom.xml', 'http://llnova601.igrupobbva:9999/AAAA/adri/tree/v1.0/AAAA/EPHOENIX-BATCH/pom.xml');
INSERT INTO  lob_file  ( id ,  creation_date ,  deletion_date ,  last_modified ,  contents ,  name ,  url ) VALUES (142080, '2017-08-09 11:55:13.559', NULL, NULL, '22899', 'pom.xml', 'http://llnova601.igrupobbva:9999/AAAA/adri/tree/v1.0/AAAA/EPHOENIX-ONLINE/pom.xml');
INSERT INTO  lob_file  ( id ,  creation_date ,  deletion_date ,  last_modified ,  contents ,  name ,  url ) VALUES (141300, '2017-08-09 09:26:26.54', NULL, NULL, '22870', 'pom.xml', 'http://llnova601.igrupobbva:9999/AAAA/subsistemaephoenix/tree/v3.0/AAAA/EPHOENIX-BATCH/pom.xml');
INSERT INTO  lob_file  ( id ,  creation_date ,  deletion_date ,  last_modified ,  contents ,  name ,  url ) VALUES (141303, '2017-08-09 09:26:26.601', NULL, NULL, '22871', 'pom.xml', 'http://llnova601.igrupobbva:9999/AAAA/subsistemaephoenix/tree/v3.0/AAAA/EPHOENIX-ONLINE/pom.xml');
INSERT INTO  lob_file  ( id ,  creation_date ,  deletion_date ,  last_modified ,  contents ,  name ,  url ) VALUES (141499, '2017-08-09 10:06:58.74', NULL, NULL, '22877', 'pom.xml', 'http://llnova601.igrupobbva:9999/AAAA/subsistemaephoenix/tree/v3.0/AAAA/EPHOENIX-BATCH/pom.xml');
INSERT INTO  lob_file  ( id ,  creation_date ,  deletion_date ,  last_modified ,  contents ,  name ,  url ) VALUES (141502, '2017-08-09 10:06:58.815', NULL, NULL, '22878', 'pom.xml', 'http://llnova601.igrupobbva:9999/AAAA/subsistemaephoenix/tree/v3.0/AAAA/EPHOENIX-ONLINE/pom.xml');
INSERT INTO  lob_file  ( id ,  creation_date ,  deletion_date ,  last_modified ,  contents ,  name ,  url ) VALUES (141696, '2017-08-09 11:41:49.21', NULL, NULL, '22880', 'pom.xml', 'http://llnova601.igrupobbva:9999/AAAA/subsistemaephoenix/tree/v3.0/AAAA/EPHOENIX-BATCH/pom.xml');
INSERT INTO  lob_file  ( id ,  creation_date ,  deletion_date ,  last_modified ,  contents ,  name ,  url ) VALUES (141699, '2017-08-09 11:41:49.291', NULL, NULL, '22881', 'pom.xml', 'http://llnova601.igrupobbva:9999/AAAA/subsistemaephoenix/tree/v3.0/AAAA/EPHOENIX-ONLINE/pom.xml');
INSERT INTO  lob_file  ( id ,  creation_date ,  deletion_date ,  last_modified ,  contents ,  name ,  url ) VALUES (141794, '2017-08-09 11:46:13.359', NULL, NULL, '22884', 'pom.xml', 'http://llnova601.igrupobbva:9999/PRUE/primersubsistema/tree/v2.0/PRUE/EPHOENIX-BATCH/pom.xml');
INSERT INTO  lob_file  ( id ,  creation_date ,  deletion_date ,  last_modified ,  contents ,  name ,  url ) VALUES (141797, '2017-08-09 11:46:13.418', NULL, NULL, '22885', 'pom.xml', 'http://llnova601.igrupobbva:9999/PRUE/primersubsistema/tree/v2.0/PRUE/EPHOENIX-ONLINE/pom.xml');
INSERT INTO  lob_file  ( id ,  creation_date ,  deletion_date ,  last_modified ,  contents ,  name ,  url ) VALUES (141884, '2017-08-09 11:47:52.492', NULL, NULL, '22890', 'pom.xml', 'http://llnova601.igrupobbva:9999/PRUE/primersubsistema/tree/v2.0/PRUE/EPHOENIX-BATCH/pom.xml');
INSERT INTO  lob_file  ( id ,  creation_date ,  deletion_date ,  last_modified ,  contents ,  name ,  url ) VALUES (141887, '2017-08-09 11:47:53.197', NULL, NULL, '22891', 'pom.xml', 'http://llnova601.igrupobbva:9999/PRUE/primersubsistema/tree/v2.0/PRUE/EPHOENIX-ONLINE/pom.xml');
INSERT INTO  lob_file  ( id ,  creation_date ,  deletion_date ,  last_modified ,  contents ,  name ,  url ) VALUES (142027, '2017-08-09 11:50:39.116', NULL, NULL, '22896', 'pom.xml', 'http://llnova601.igrupobbva:9999/PRUE/primersubsistema/tree/v2.0/PRUE/EPHOENIX-BATCH/pom.xml');
INSERT INTO  lob_file  ( id ,  creation_date ,  deletion_date ,  last_modified ,  contents ,  name ,  url ) VALUES (142030, '2017-08-09 11:50:39.198', NULL, NULL, '22897', 'pom.xml', 'http://llnova601.igrupobbva:9999/PRUE/primersubsistema/tree/v2.0/PRUE/EPHOENIX-ONLINE/pom.xml');
INSERT INTO  lob_file  ( id ,  creation_date ,  deletion_date ,  last_modified ,  contents ,  name ,  url ) VALUES (141741, '2017-08-09 11:44:32.288', NULL, NULL, '22882', 'pom.xml', 'http://llnova601.igrupobbva:9999/PRUE/primersubsistema/tree/v2.0/PRUE/EPHOENIX-BATCH/pom.xml');
INSERT INTO  lob_file  ( id ,  creation_date ,  deletion_date ,  last_modified ,  contents ,  name ,  url ) VALUES (141744, '2017-08-09 11:44:32.349', NULL, NULL, '22883', 'pom.xml', 'http://llnova601.igrupobbva:9999/PRUE/primersubsistema/tree/v2.0/PRUE/EPHOENIX-ONLINE/pom.xml');
INSERT INTO  lob_file  ( id ,  creation_date ,  deletion_date ,  last_modified ,  contents ,  name ,  url ) VALUES (141839, '2017-08-09 11:47:04.952', NULL, NULL, '22886', 'pom.xml', 'http://llnova601.igrupobbva:9999/PRUE/primersubsistema/tree/v2.0/PRUE/EPHOENIX-BATCH/pom.xml');
INSERT INTO  lob_file  ( id ,  creation_date ,  deletion_date ,  last_modified ,  contents ,  name ,  url ) VALUES (141842, '2017-08-09 11:47:05.649', NULL, NULL, '22887', 'pom.xml', 'http://llnova601.igrupobbva:9999/PRUE/primersubsistema/tree/v2.0/PRUE/EPHOENIX-ONLINE/pom.xml');
INSERT INTO  lob_file  ( id ,  creation_date ,  deletion_date ,  last_modified ,  contents ,  name ,  url ) VALUES (141974, '2017-08-09 11:49:56.003', NULL, NULL, '22894', 'pom.xml', 'http://llnova601.igrupobbva:9999/PRUE/primersubsistema/tree/v2.0/PRUE/EPHOENIX-BATCH/pom.xml');
INSERT INTO  lob_file  ( id ,  creation_date ,  deletion_date ,  last_modified ,  contents ,  name ,  url ) VALUES (141977, '2017-08-09 11:49:56.065', NULL, NULL, '22895', 'pom.xml', 'http://llnova601.igrupobbva:9999/PRUE/primersubsistema/tree/v2.0/PRUE/EPHOENIX-ONLINE/pom.xml');
INSERT INTO  lob_file  ( id ,  creation_date ,  deletion_date ,  last_modified ,  contents ,  name ,  url ) VALUES (142107, '2017-08-09 11:56:31.693', NULL, NULL, '22901', 'pom.xml', 'http://llnova601.igrupobbva:9999/AAAA/adri/tree/v1.0/AAAA/EPHOENIX-BATCH/pom.xml');
INSERT INTO  lob_file  ( id ,  creation_date ,  deletion_date ,  last_modified ,  contents ,  name ,  url ) VALUES (142110, '2017-08-09 11:56:32.399', NULL, NULL, '22902', 'pom.xml', 'http://llnova601.igrupobbva:9999/AAAA/adri/tree/v1.0/AAAA/EPHOENIX-ONLINE/pom.xml');
INSERT INTO  lob_file  ( id ,  creation_date ,  deletion_date ,  last_modified ,  contents ,  name ,  url ) VALUES (142145, '2017-08-09 12:05:27.865', NULL, NULL, '22903', 'pom.xml', 'http://llnova601.igrupobbva:9999/AAAA/adri/tree/v1.0/AAAA/EPHOENIX-BATCH/pom.xml');
INSERT INTO  lob_file  ( id ,  creation_date ,  deletion_date ,  last_modified ,  contents ,  name ,  url ) VALUES (142148, '2017-08-09 12:05:27.93', NULL, NULL, '22904', 'pom.xml', 'http://llnova601.igrupobbva:9999/AAAA/adri/tree/v1.0/AAAA/EPHOENIX-ONLINE/pom.xml');
INSERT INTO  lob_file  ( id ,  creation_date ,  deletion_date ,  last_modified ,  contents ,  name ,  url ) VALUES (142179, '2017-08-09 12:11:54.66', NULL, NULL, '22905', 'pom.xml', 'http://llnova601.igrupobbva:9999/AAAA/adri/tree/v1.0/AAAA/EPHOENIX-BATCH/pom.xml');
INSERT INTO  lob_file  ( id ,  creation_date ,  deletion_date ,  last_modified ,  contents ,  name ,  url ) VALUES (142182, '2017-08-09 12:11:56.17', NULL, NULL, '22906', 'pom.xml', 'http://llnova601.igrupobbva:9999/AAAA/adri/tree/v1.0/AAAA/EPHOENIX-ONLINE/pom.xml');
INSERT INTO  lob_file  ( id ,  creation_date ,  deletion_date ,  last_modified ,  contents ,  name ,  url ) VALUES (144519, '2017-08-10 08:24:24.248', NULL, NULL, '22945', 'pom.xml', 'http://llnova601.igrupobbva:9999/AAAA/adri/tree/v1.0/AAAA/EPHOENIX-BATCH/pom.xml');
INSERT INTO  lob_file  ( id ,  creation_date ,  deletion_date ,  last_modified ,  contents ,  name ,  url ) VALUES (144522, '2017-08-10 08:24:24.931', NULL, NULL, '22946', 'pom.xml', 'http://llnova601.igrupobbva:9999/AAAA/adri/tree/v1.0/AAAA/EPHOENIX-ONLINE/pom.xml');
INSERT INTO  lob_file  ( id ,  creation_date ,  deletion_date ,  last_modified ,  contents ,  name ,  url ) VALUES (145434, '2017-08-10 15:49:43.464', NULL, NULL, '22993', 'pom.xml', 'http://llnova601.igrupobbva:9999/KLYR/calypso/tree/v2.0/KLYR/CALYPSO-BATCH/pom.xml');
INSERT INTO  lob_file  ( id ,  creation_date ,  deletion_date ,  last_modified ,  contents ,  name ,  url ) VALUES (145437, '2017-08-10 15:49:44.098', NULL, NULL, '22994', 'pom.xml', 'http://llnova601.igrupobbva:9999/KLYR/calypso/tree/v2.0/KLYR/CALYPSO-ONLINE/pom.xml');
INSERT INTO  lob_file  ( id ,  creation_date ,  deletion_date ,  last_modified ,  contents ,  name ,  url ) VALUES (145509, '2017-08-10 16:04:53.837', NULL, NULL, '22995', 'pom.xml', 'http://llnova601.igrupobbva:9999/KLYR/calypso/tree/v2.0.1/KLYR/CALYPSO-BATCH/pom.xml');
INSERT INTO  lob_file  ( id ,  creation_date ,  deletion_date ,  last_modified ,  contents ,  name ,  url ) VALUES (145512, '2017-08-10 16:04:53.98', NULL, NULL, '22996', 'pom.xml', 'http://llnova601.igrupobbva:9999/KLYR/calypso/tree/v2.0.1/KLYR/CALYPSO-ONLINE/pom.xml');
INSERT INTO  lob_file  ( id ,  creation_date ,  deletion_date ,  last_modified ,  contents ,  name ,  url ) VALUES (147918, '2017-08-11 08:56:45.467', NULL, NULL, '23021', 'pom.xml', 'http://llnova601.igrupobbva:9999/KETR/mdsglobal/tree/v.1.0.7/KETR/MDS-BATCH/pom.xml');
INSERT INTO  lob_file  ( id ,  creation_date ,  deletion_date ,  last_modified ,  contents ,  name ,  url ) VALUES (147921, '2017-08-11 08:56:45.537', NULL, NULL, '23022', 'pom.xml', 'http://llnova601.igrupobbva:9999/KETR/mdsglobal/tree/v.1.0.7/KETR/MDS-ONLINE/pom.xml');
INSERT INTO  lob_file  ( id ,  creation_date ,  deletion_date ,  last_modified ,  contents ,  name ,  url ) VALUES (147924, '2017-08-11 08:56:45.622', NULL, NULL, '23023', 'pom.xml', 'http://llnova601.igrupobbva:9999/KETR/mdsglobal/tree/v.1.0.7/KETR/MDS-RFA/pom.xml');
INSERT INTO  lob_file  ( id ,  creation_date ,  deletion_date ,  last_modified ,  contents ,  name ,  url ) VALUES (147953, '2017-08-11 08:58:38.806', NULL, NULL, '23024', 'pom.xml', 'http://llnova601.igrupobbva:9999/KLYR/calypso/tree/v2.0.2/KLYR/CALYPSO-BATCH/pom.xml');
INSERT INTO  lob_file  ( id ,  creation_date ,  deletion_date ,  last_modified ,  contents ,  name ,  url ) VALUES (147956, '2017-08-11 08:58:38.917', NULL, NULL, '23025', 'pom.xml', 'http://llnova601.igrupobbva:9999/KLYR/calypso/tree/v2.0.2/KLYR/CALYPSO-ONLINE/pom.xml');
INSERT INTO  lob_file  ( id ,  creation_date ,  deletion_date ,  last_modified ,  contents ,  name ,  url ) VALUES (148120, '2017-08-11 09:12:55.31', NULL, NULL, '23027', 'pom.xml', 'http://llnova601.igrupobbva:9999/KETR/mdsglobal/tree/v.1.0.8/KETR/MDS-BATCH/pom.xml');
INSERT INTO  lob_file  ( id ,  creation_date ,  deletion_date ,  last_modified ,  contents ,  name ,  url ) VALUES (148123, '2017-08-11 09:12:55.368', NULL, NULL, '23028', 'pom.xml', 'http://llnova601.igrupobbva:9999/KETR/mdsglobal/tree/v.1.0.8/KETR/MDS-ONLINE/pom.xml');
INSERT INTO  lob_file  ( id ,  creation_date ,  deletion_date ,  last_modified ,  contents ,  name ,  url ) VALUES (148126, '2017-08-11 09:12:56.059', NULL, NULL, '23029', 'pom.xml', 'http://llnova601.igrupobbva:9999/KETR/mdsglobal/tree/v.1.0.8/KETR/MDS-RFA/pom.xml');
INSERT INTO  lob_file  ( id ,  creation_date ,  deletion_date ,  last_modified ,  contents ,  name ,  url ) VALUES (148227, '2017-08-11 09:23:42.172', NULL, NULL, '23030', 'pom.xml', 'http://llnova601.igrupobbva:9999/KLYR/calypso/tree/v2.0.3/KLYR/CALYPSO-BATCH/pom.xml');
INSERT INTO  lob_file  ( id ,  creation_date ,  deletion_date ,  last_modified ,  contents ,  name ,  url ) VALUES (148230, '2017-08-11 09:23:42.886', NULL, NULL, '23031', 'pom.xml', 'http://llnova601.igrupobbva:9999/KLYR/calypso/tree/v2.0.3/KLYR/CALYPSO-ONLINE/pom.xml');
INSERT INTO  lob_file  ( id ,  creation_date ,  deletion_date ,  last_modified ,  contents ,  name ,  url ) VALUES (148926, '2017-08-11 11:32:14.929', NULL, NULL, '23047', 'pom.xml', 'http://llnova601.igrupobbva:9999/KLYR/calypso/tree/v2.0.4/KLYR/CALYPSO-BATCH/pom.xml');
INSERT INTO  lob_file  ( id ,  creation_date ,  deletion_date ,  last_modified ,  contents ,  name ,  url ) VALUES (148929, '2017-08-11 11:32:14.99', NULL, NULL, '23048', 'pom.xml', 'http://llnova601.igrupobbva:9999/KLYR/calypso/tree/v2.0.4/KLYR/CALYPSO-ONLINE/pom.xml');
INSERT INTO  lob_file  ( id ,  creation_date ,  deletion_date ,  last_modified ,  contents ,  name ,  url ) VALUES (169824, '2017-08-17 11:10:11.555', NULL, NULL, '23246', 'pom.xml', 'http://llnova601.igrupobbva:9999/KLYR/calypso/tree/v3.0/KLYR/CALYPSO-BATCH/pom.xml');
INSERT INTO  lob_file  ( id ,  creation_date ,  deletion_date ,  last_modified ,  contents ,  name ,  url ) VALUES (169827, '2017-08-17 11:10:11.619', NULL, NULL, '23247', 'pom.xml', 'http://llnova601.igrupobbva:9999/KLYR/calypso/tree/v3.0/KLYR/CALYPSO-ONLINE/pom.xml');
INSERT INTO  lob_file  ( id ,  creation_date ,  deletion_date ,  last_modified ,  contents ,  name ,  url ) VALUES (171308, '2017-08-17 15:54:55.271', NULL, NULL, '23255', 'pom.xml', 'http://llnova601.igrupobbva:9999/KLYR/calypso/tree/v3.0.1/KLYR/CALYPSO-BATCH/pom.xml');
INSERT INTO  lob_file  ( id ,  creation_date ,  deletion_date ,  last_modified ,  contents ,  name ,  url ) VALUES (171311, '2017-08-17 15:54:55.35', NULL, NULL, '23256', 'pom.xml', 'http://llnova601.igrupobbva:9999/KLYR/calypso/tree/v3.0.1/KLYR/CALYPSO-ONLINE/pom.xml');
INSERT INTO  lob_file  ( id ,  creation_date ,  deletion_date ,  last_modified ,  contents ,  name ,  url ) VALUES (171377, '2017-08-17 16:04:23.48', NULL, NULL, '23257', 'pom.xml', 'http://llnova601.igrupobbva:9999/KLYR/calypso/tree/v3.0.2/KLYR/CALYPSO-BATCH/pom.xml');
INSERT INTO  lob_file  ( id ,  creation_date ,  deletion_date ,  last_modified ,  contents ,  name ,  url ) VALUES (171380, '2017-08-17 16:04:23.551', NULL, NULL, '23258', 'pom.xml', 'http://llnova601.igrupobbva:9999/KLYR/calypso/tree/v3.0.2/KLYR/CALYPSO-ONLINE/pom.xml');
INSERT INTO  lob_file  ( id ,  creation_date ,  deletion_date ,  last_modified ,  contents ,  name ,  url ) VALUES (171509, '2017-08-17 16:17:10.621', NULL, NULL, '23259', 'pom.xml', 'http://llnova601.igrupobbva:9999/KLYR/calypso/tree/v3.0.3/KLYR/CALYPSO-BATCH/pom.xml');
INSERT INTO  lob_file  ( id ,  creation_date ,  deletion_date ,  last_modified ,  contents ,  name ,  url ) VALUES (171512, '2017-08-17 16:17:10.684', NULL, NULL, '23260', 'pom.xml', 'http://llnova601.igrupobbva:9999/KLYR/calypso/tree/v3.0.3/KLYR/CALYPSO-ONLINE/pom.xml');
INSERT INTO  lob_file  ( id ,  creation_date ,  deletion_date ,  last_modified ,  contents ,  name ,  url ) VALUES (171628, '2017-08-17 16:27:28.717', NULL, NULL, '23261', 'pom.xml', 'http://llnova601.igrupobbva:9999/KLYR/calypso/tree/v3.0.4/KLYR/CALYPSO-BATCH/pom.xml');
INSERT INTO  lob_file  ( id ,  creation_date ,  deletion_date ,  last_modified ,  contents ,  name ,  url ) VALUES (171631, '2017-08-17 16:27:28.79', NULL, NULL, '23262', 'pom.xml', 'http://llnova601.igrupobbva:9999/KLYR/calypso/tree/v3.0.4/KLYR/CALYPSO-ONLINE/pom.xml');
INSERT INTO  lob_file  ( id ,  creation_date ,  deletion_date ,  last_modified ,  contents ,  name ,  url ) VALUES (174194, '2017-08-18 09:04:03.016', NULL, NULL, '23285', 'pom.xml', 'http://llnova601.igrupobbva:9999/KLYR/calypso/tree/v4.0.0/KLYR/CALYPSO-BATCH/pom.xml');
INSERT INTO  lob_file  ( id ,  creation_date ,  deletion_date ,  last_modified ,  contents ,  name ,  url ) VALUES (174197, '2017-08-18 09:04:03.089', NULL, NULL, '23286', 'pom.xml', 'http://llnova601.igrupobbva:9999/KLYR/calypso/tree/v4.0.0/KLYR/CALYPSO-ONLINE/pom.xml');
INSERT INTO  lob_file  ( id ,  creation_date ,  deletion_date ,  last_modified ,  contents ,  name ,  url ) VALUES (174326, '2017-08-18 09:18:34.795', NULL, NULL, '23287', 'pom.xml', 'http://llnova601.igrupobbva:9999/KLYR/calypso/tree/v4.0.1/KLYR/CALYPSO-BATCH/pom.xml');
INSERT INTO  lob_file  ( id ,  creation_date ,  deletion_date ,  last_modified ,  contents ,  name ,  url ) VALUES (174329, '2017-08-18 09:18:34.86', NULL, NULL, '23288', 'pom.xml', 'http://llnova601.igrupobbva:9999/KLYR/calypso/tree/v4.0.1/KLYR/CALYPSO-ONLINE/pom.xml');
INSERT INTO  lob_file  ( id ,  creation_date ,  deletion_date ,  last_modified ,  contents ,  name ,  url ) VALUES (193798, '2017-08-25 14:55:35.705', NULL, NULL, '23492', 'pom.xml', 'http://llnova601.igrupobbva:9999/DEMO/market/tree/v3.1.0/generator/pom.xml');
INSERT INTO  lob_file  ( id ,  creation_date ,  deletion_date ,  last_modified ,  contents ,  name ,  url ) VALUES (193800, '2017-08-25 14:55:36.329', NULL, NULL, '23493', 'pom.xml', 'http://llnova601.igrupobbva:9999/DEMO/market/tree/v3.1.0/generatorfeignclient/pom.xml');
INSERT INTO  lob_file  ( id ,  creation_date ,  deletion_date ,  last_modified ,  contents ,  name ,  url ) VALUES (193802, '2017-08-25 14:55:36.404', NULL, NULL, '23494', 'pom.xml', 'http://llnova601.igrupobbva:9999/DEMO/market/tree/v3.1.0/simplenovabatch/pom.xml');
INSERT INTO  lob_file  ( id ,  creation_date ,  deletion_date ,  last_modified ,  contents ,  name ,  url ) VALUES (193804, '2017-08-25 14:55:36.499', NULL, NULL, '23495', 'pom.xml', 'http://llnova601.igrupobbva:9999/DEMO/market/tree/v3.1.0/statistics/pom.xml');
INSERT INTO  lob_file  ( id ,  creation_date ,  deletion_date ,  last_modified ,  contents ,  name ,  url ) VALUES (197899, '2017-08-28 16:08:02.381', NULL, NULL, '23591', 'pom.xml', 'http://llnova601.igrupobbva:9999/DEMO/market/tree/v3.1.0/generator/pom.xml');
INSERT INTO  lob_file  ( id ,  creation_date ,  deletion_date ,  last_modified ,  contents ,  name ,  url ) VALUES (197901, '2017-08-28 16:08:02.449', NULL, NULL, '23592', 'pom.xml', 'http://llnova601.igrupobbva:9999/DEMO/market/tree/v3.1.0/generatorfeignclient/pom.xml');
INSERT INTO  lob_file  ( id ,  creation_date ,  deletion_date ,  last_modified ,  contents ,  name ,  url ) VALUES (197903, '2017-08-28 16:08:02.503', NULL, NULL, '23593', 'pom.xml', 'http://llnova601.igrupobbva:9999/DEMO/market/tree/v3.1.0/simplenovabatch/pom.xml');
INSERT INTO  lob_file  ( id ,  creation_date ,  deletion_date ,  last_modified ,  contents ,  name ,  url ) VALUES (197905, '2017-08-28 16:08:02.554', NULL, NULL, '23594', 'pom.xml', 'http://llnova601.igrupobbva:9999/DEMO/market/tree/v3.1.0/statistics/pom.xml');
INSERT INTO  lob_file  ( id ,  creation_date ,  deletion_date ,  last_modified ,  contents ,  name ,  url ) VALUES (197908, '2017-08-28 16:08:02.606', NULL, NULL, '23595', 'pom.xml', 'http://llnova601.igrupobbva:9999/DEMO/visor/tree/v3.1.0/charts/pom.xml');
INSERT INTO  lob_file  ( id ,  creation_date ,  deletion_date ,  last_modified ,  contents ,  name ,  url ) VALUES (197910, '2017-08-28 16:08:02.658', NULL, NULL, '23596', 'pom.xml', 'http://llnova601.igrupobbva:9999/DEMO/visor/tree/v3.1.0/statisticsfeignclient/pom.xml');
INSERT INTO  lob_file  ( id ,  creation_date ,  deletion_date ,  last_modified ,  contents ,  name ,  url ) VALUES (201031, '2017-08-30 11:07:36.43', NULL, NULL, '23652', 'pom.xml', 'http://llnova601.igrupobbva:9999/DEMO/market/tree/v3.1.0/generator/pom.xml');
INSERT INTO  lob_file  ( id ,  creation_date ,  deletion_date ,  last_modified ,  contents ,  name ,  url ) VALUES (201033, '2017-08-30 11:07:36.646', NULL, NULL, '23653', 'pom.xml', 'http://llnova601.igrupobbva:9999/DEMO/market/tree/v3.1.0/generatorfeignclient/pom.xml');
INSERT INTO  lob_file  ( id ,  creation_date ,  deletion_date ,  last_modified ,  contents ,  name ,  url ) VALUES (201035, '2017-08-30 11:07:36.727', NULL, NULL, '23654', 'pom.xml', 'http://llnova601.igrupobbva:9999/DEMO/market/tree/v3.1.0/simplenovabatch/pom.xml');
INSERT INTO  lob_file  ( id ,  creation_date ,  deletion_date ,  last_modified ,  contents ,  name ,  url ) VALUES (201037, '2017-08-30 11:07:36.852', NULL, NULL, '23655', 'pom.xml', 'http://llnova601.igrupobbva:9999/DEMO/market/tree/v3.1.0/statistics/pom.xml');
INSERT INTO  lob_file  ( id ,  creation_date ,  deletion_date ,  last_modified ,  contents ,  name ,  url ) VALUES (201040, '2017-08-30 11:07:36.917', NULL, NULL, '23656', 'pom.xml', 'http://llnova601.igrupobbva:9999/DEMO/visor/tree/v3.1.0/charts/pom.xml');
INSERT INTO  lob_file  ( id ,  creation_date ,  deletion_date ,  last_modified ,  contents ,  name ,  url ) VALUES (201042, '2017-08-30 11:07:37.034', NULL, NULL, '23657', 'pom.xml', 'http://llnova601.igrupobbva:9999/DEMO/visor/tree/v3.1.0/statisticsfeignclient/pom.xml');
INSERT INTO  lob_file  ( id ,  creation_date ,  deletion_date ,  last_modified ,  contents ,  name ,  url ) VALUES (201525, '2017-08-30 16:05:50.622', NULL, NULL, '23668', 'pom.xml', 'http://llnova601.igrupobbva:9999/KLYR/calypso/tree/v4.0.1/KLYR/CALYPSO-BATCH/pom.xml');
INSERT INTO  lob_file  ( id ,  creation_date ,  deletion_date ,  last_modified ,  contents ,  name ,  url ) VALUES (201528, '2017-08-30 16:05:50.686', NULL, NULL, '23669', 'pom.xml', 'http://llnova601.igrupobbva:9999/KLYR/calypso/tree/v4.0.1/KLYR/CALYPSO-ONLINE/pom.xml');
INSERT INTO  lob_file  ( id ,  creation_date ,  deletion_date ,  last_modified ,  contents ,  name ,  url ) VALUES (201579, '2017-08-30 16:12:57.169', NULL, NULL, '23670', 'pom.xml', 'http://llnova601.igrupobbva:9999/KETR/mdsglobal/tree/v.1.0.8/KETR/MDS-BATCH/pom.xml');
INSERT INTO  lob_file  ( id ,  creation_date ,  deletion_date ,  last_modified ,  contents ,  name ,  url ) VALUES (201582, '2017-08-30 16:12:57.251', NULL, NULL, '23671', 'pom.xml', 'http://llnova601.igrupobbva:9999/KETR/mdsglobal/tree/v.1.0.8/KETR/MDS-ONLINE/pom.xml');
INSERT INTO  lob_file  ( id ,  creation_date ,  deletion_date ,  last_modified ,  contents ,  name ,  url ) VALUES (201585, '2017-08-30 16:12:57.344', NULL, NULL, '23672', 'pom.xml', 'http://llnova601.igrupobbva:9999/KETR/mdsglobal/tree/v.1.0.8/KETR/MDS-RFA/pom.xml');
INSERT INTO  lob_file  ( id ,  creation_date ,  deletion_date ,  last_modified ,  contents ,  name ,  url ) VALUES (203191, '2017-08-31 11:39:09.949', NULL, NULL, '23751', 'pom.xml', 'http://llnova601.igrupobbva:9999/XYZT/sbsprueba/tree/v1.0/XYZT/CHARFOLE-BATCH/pom.xml');
INSERT INTO  lob_file  ( id ,  creation_date ,  deletion_date ,  last_modified ,  contents ,  name ,  url ) VALUES (203194, '2017-08-31 11:39:10.028', NULL, NULL, '23752', 'pom.xml', 'http://llnova601.igrupobbva:9999/XYZT/sbsprueba/tree/v1.0/XYZT/CHARFOLE-ONLINE/pom.xml');
INSERT INTO  lob_file  ( id ,  creation_date ,  deletion_date ,  last_modified ,  contents ,  name ,  url ) VALUES (203676, '2017-08-31 15:36:04.808', NULL, NULL, '23803', 'pom.xml', 'http://llnova601.igrupobbva:9999/QWJJ/ephoenixbatch/tree/v1.0/QWJJ/EPHOENIX-BATCH/pom.xml');
INSERT INTO  lob_file  ( id ,  creation_date ,  deletion_date ,  last_modified ,  contents ,  name ,  url ) VALUES (203679, '2017-08-31 15:36:05.503', NULL, NULL, '23804', 'pom.xml', 'http://llnova601.igrupobbva:9999/QWJJ/ephoenixbatch/tree/v1.0/QWJJ/EPHOENIX-ONLINE/pom.xml');
INSERT INTO  lob_file  ( id ,  creation_date ,  deletion_date ,  last_modified ,  contents ,  name ,  url ) VALUES (203724, '2017-08-31 15:40:17.403', NULL, NULL, '23806', 'pom.xml', 'http://llnova601.igrupobbva:9999/QWJJ/ephoenixbatch/tree/v1.0/QWJJ/EPHOENIX-BATCH/pom.xml');
INSERT INTO  lob_file  ( id ,  creation_date ,  deletion_date ,  last_modified ,  contents ,  name ,  url ) VALUES (203727, '2017-08-31 15:40:17.533', NULL, NULL, '23807', 'pom.xml', 'http://llnova601.igrupobbva:9999/QWJJ/ephoenixbatch/tree/v1.0/QWJJ/EPHOENIX-ONLINE/pom.xml');
INSERT INTO  lob_file  ( id ,  creation_date ,  deletion_date ,  last_modified ,  contents ,  name ,  url ) VALUES (203823, '2017-08-31 15:53:17.154', NULL, NULL, '23808', 'pom.xml', 'http://llnova601.igrupobbva:9999/KETR/mdsglobal/tree/v.1.0.7/KETR/MDS-BATCH/pom.xml');
INSERT INTO  lob_file  ( id ,  creation_date ,  deletion_date ,  last_modified ,  contents ,  name ,  url ) VALUES (203826, '2017-08-31 15:53:18.538', NULL, NULL, '23809', 'pom.xml', 'http://llnova601.igrupobbva:9999/KETR/mdsglobal/tree/v.1.0.7/KETR/MDS-ONLINE/pom.xml');
INSERT INTO  lob_file  ( id ,  creation_date ,  deletion_date ,  last_modified ,  contents ,  name ,  url ) VALUES (203829, '2017-08-31 15:53:18.608', NULL, NULL, '23810', 'pom.xml', 'http://llnova601.igrupobbva:9999/KETR/mdsglobal/tree/v.1.0.7/KETR/MDS-RFA/pom.xml');
INSERT INTO  lob_file  ( id ,  creation_date ,  deletion_date ,  last_modified ,  contents ,  name ,  url ) VALUES (204026, '2017-08-31 16:49:57.27', NULL, NULL, '23819', 'pom.xml', 'http://llnova601.igrupobbva:9999/DEMO/market/tree/v3.1.0/generator/pom.xml');
INSERT INTO  lob_file  ( id ,  creation_date ,  deletion_date ,  last_modified ,  contents ,  name ,  url ) VALUES (204028, '2017-08-31 16:49:57.386', NULL, NULL, '23820', 'pom.xml', 'http://llnova601.igrupobbva:9999/DEMO/market/tree/v3.1.0/generatorfeignclient/pom.xml');
INSERT INTO  lob_file  ( id ,  creation_date ,  deletion_date ,  last_modified ,  contents ,  name ,  url ) VALUES (204030, '2017-08-31 16:49:57.568', NULL, NULL, '23821', 'pom.xml', 'http://llnova601.igrupobbva:9999/DEMO/market/tree/v3.1.0/simplenovabatch/pom.xml');
INSERT INTO  lob_file  ( id ,  creation_date ,  deletion_date ,  last_modified ,  contents ,  name ,  url ) VALUES (204032, '2017-08-31 16:49:57.627', NULL, NULL, '23822', 'pom.xml', 'http://llnova601.igrupobbva:9999/DEMO/market/tree/v3.1.0/statistics/pom.xml');
INSERT INTO  lob_file  ( id ,  creation_date ,  deletion_date ,  last_modified ,  contents ,  name ,  url ) VALUES (204035, '2017-08-31 16:49:57.69', NULL, NULL, '23823', 'pom.xml', 'http://llnova601.igrupobbva:9999/DEMO/visor/tree/v3.1.0/charts/pom.xml');
INSERT INTO  lob_file  ( id ,  creation_date ,  deletion_date ,  last_modified ,  contents ,  name ,  url ) VALUES (204037, '2017-08-31 16:49:57.766', NULL, NULL, '23824', 'pom.xml', 'http://llnova601.igrupobbva:9999/DEMO/visor/tree/v3.1.0/statisticsfeignclient/pom.xml');
INSERT INTO  lob_file  ( id ,  creation_date ,  deletion_date ,  last_modified ,  contents ,  name ,  url ) VALUES (215745, '2017-09-11 09:09:07.194', NULL, NULL, '24555', 'pom.xml', 'http://llnova601.igrupobbva:9999/KLYR/calypso/tree/v4.0.2/KLYR/CALYPSO-BATCH/pom.xml');
INSERT INTO  lob_file  ( id ,  creation_date ,  deletion_date ,  last_modified ,  contents ,  name ,  url ) VALUES (215748, '2017-09-11 09:09:07.306', NULL, NULL, '24556', 'pom.xml', 'http://llnova601.igrupobbva:9999/KLYR/calypso/tree/v4.0.2/KLYR/CALYPSO-ONLINE/pom.xml');
INSERT INTO  lob_file  ( id ,  creation_date ,  deletion_date ,  last_modified ,  contents ,  name ,  url ) VALUES (217053, '2017-09-13 10:37:56.636', NULL, NULL, '24583', 'pom.xml', 'http://llnova601.igrupobbva:9999/LUPR/back/tree/v1.0.27/batch-java-service/pom.xml');
INSERT INTO  lob_file  ( id ,  creation_date ,  deletion_date ,  last_modified ,  contents ,  name ,  url ) VALUES (217055, '2017-09-13 10:37:57.477', NULL, NULL, '24584', 'pom.xml', 'http://llnova601.igrupobbva:9999/LUPR/back/tree/v1.0.27/java-service/pom.xml');
INSERT INTO  lob_file  ( id ,  creation_date ,  deletion_date ,  last_modified ,  contents ,  name ,  url ) VALUES (217057, '2017-09-13 10:37:57.659', NULL, NULL, '24585', 'package.json', 'http://llnova601.igrupobbva:9999/LUPR/back/tree/v1.0.27/node-service/package.json');
INSERT INTO  lob_file  ( id ,  creation_date ,  deletion_date ,  last_modified ,  contents ,  name ,  url ) VALUES (217058, '2017-09-13 10:37:57.56', NULL, NULL, '24586', 'pom.xml', 'http://llnova601.igrupobbva:9999/LUPR/back/tree/v1.0.27/node-service/pom.xml');
INSERT INTO  lob_file  ( id ,  creation_date ,  deletion_date ,  last_modified ,  contents ,  name ,  url ) VALUES (217156, '2017-09-13 13:01:06.031', NULL, NULL, '24590', 'pom.xml', 'http://llnova601.igrupobbva:9999/DEMO/market/tree/v3.1.0/generator/pom.xml');
INSERT INTO  lob_file  ( id ,  creation_date ,  deletion_date ,  last_modified ,  contents ,  name ,  url ) VALUES (217158, '2017-09-13 13:01:06.105', NULL, NULL, '24591', 'pom.xml', 'http://llnova601.igrupobbva:9999/DEMO/market/tree/v3.1.0/generatorfeignclient/pom.xml');
INSERT INTO  lob_file  ( id ,  creation_date ,  deletion_date ,  last_modified ,  contents ,  name ,  url ) VALUES (217160, '2017-09-13 13:01:06.165', NULL, NULL, '24592', 'pom.xml', 'http://llnova601.igrupobbva:9999/DEMO/market/tree/v3.1.0/simplenovabatch/pom.xml');
INSERT INTO  lob_file  ( id ,  creation_date ,  deletion_date ,  last_modified ,  contents ,  name ,  url ) VALUES (217162, '2017-09-13 13:01:06.222', NULL, NULL, '24593', 'pom.xml', 'http://llnova601.igrupobbva:9999/DEMO/market/tree/v3.1.0/statistics/pom.xml');
INSERT INTO  lob_file  ( id ,  creation_date ,  deletion_date ,  last_modified ,  contents ,  name ,  url ) VALUES (217220, '2017-09-13 14:19:57.305', NULL, NULL, '24595', 'pom.xml', 'http://llnova601.igrupobbva:9999/DEMO/market/tree/v3.0.2/generator/pom.xml');
INSERT INTO  lob_file  ( id ,  creation_date ,  deletion_date ,  last_modified ,  contents ,  name ,  url ) VALUES (217222, '2017-09-13 14:19:57.372', NULL, NULL, '24596', 'pom.xml', 'http://llnova601.igrupobbva:9999/DEMO/market/tree/v3.0.2/generatorfeignclient/pom.xml');
INSERT INTO  lob_file  ( id ,  creation_date ,  deletion_date ,  last_modified ,  contents ,  name ,  url ) VALUES (217224, '2017-09-13 14:19:57.488', NULL, NULL, '24597', 'pom.xml', 'http://llnova601.igrupobbva:9999/DEMO/market/tree/v3.0.2/simplenovabatch/pom.xml');
INSERT INTO  lob_file  ( id ,  creation_date ,  deletion_date ,  last_modified ,  contents ,  name ,  url ) VALUES (217226, '2017-09-13 14:19:57.579', NULL, NULL, '24598', 'pom.xml', 'http://llnova601.igrupobbva:9999/DEMO/market/tree/v3.0.2/statistics/pom.xml');
INSERT INTO  lob_file  ( id ,  creation_date ,  deletion_date ,  last_modified ,  contents ,  name ,  url ) VALUES (217961, '2017-09-14 11:42:40.566', NULL, NULL, '24624', 'pom.xml', 'http://llnova601.igrupobbva:9999/DEMO/market/tree/v3.1.1/generator/pom.xml');
INSERT INTO  lob_file  ( id ,  creation_date ,  deletion_date ,  last_modified ,  contents ,  name ,  url ) VALUES (217963, '2017-09-14 11:42:41.367', NULL, NULL, '24625', 'pom.xml', 'http://llnova601.igrupobbva:9999/DEMO/market/tree/v3.1.1/generatorfeignclient/pom.xml');
INSERT INTO  lob_file  ( id ,  creation_date ,  deletion_date ,  last_modified ,  contents ,  name ,  url ) VALUES (217965, '2017-09-14 11:42:41.473', NULL, NULL, '24626', 'pom.xml', 'http://llnova601.igrupobbva:9999/DEMO/market/tree/v3.1.1/simplenovabatch/pom.xml');
INSERT INTO  lob_file  ( id ,  creation_date ,  deletion_date ,  last_modified ,  contents ,  name ,  url ) VALUES (217967, '2017-09-14 11:42:41.56', NULL, NULL, '24627', 'pom.xml', 'http://llnova601.igrupobbva:9999/DEMO/market/tree/v3.1.1/statistics/pom.xml');
INSERT INTO  lob_file  ( id ,  creation_date ,  deletion_date ,  last_modified ,  contents ,  name ,  url ) VALUES (217983, '2017-09-14 11:44:41.765', NULL, NULL, '24628', 'pom.xml', 'http://llnova601.igrupobbva:9999/DEMO/market/tree/v3.1.1/generator/pom.xml');
INSERT INTO  lob_file  ( id ,  creation_date ,  deletion_date ,  last_modified ,  contents ,  name ,  url ) VALUES (217985, '2017-09-14 11:44:41.861', NULL, NULL, '24629', 'pom.xml', 'http://llnova601.igrupobbva:9999/DEMO/market/tree/v3.1.1/generatorfeignclient/pom.xml');
INSERT INTO  lob_file  ( id ,  creation_date ,  deletion_date ,  last_modified ,  contents ,  name ,  url ) VALUES (217987, '2017-09-14 11:44:41.972', NULL, NULL, '24630', 'pom.xml', 'http://llnova601.igrupobbva:9999/DEMO/market/tree/v3.1.1/simplenovabatch/pom.xml');
INSERT INTO  lob_file  ( id ,  creation_date ,  deletion_date ,  last_modified ,  contents ,  name ,  url ) VALUES (217989, '2017-09-14 11:44:42.057', NULL, NULL, '24631', 'pom.xml', 'http://llnova601.igrupobbva:9999/DEMO/market/tree/v3.1.1/statistics/pom.xml');
INSERT INTO  lob_file  ( id ,  creation_date ,  deletion_date ,  last_modified ,  contents ,  name ,  url ) VALUES (218134, '2017-09-15 12:38:34.025', NULL, NULL, '24655', 'pom.xml', 'http://llnova601.igrupobbva:9999/DEMO/market/tree/3.1.2/generator/pom.xml');
INSERT INTO  lob_file  ( id ,  creation_date ,  deletion_date ,  last_modified ,  contents ,  name ,  url ) VALUES (218136, '2017-09-15 12:38:34.119', NULL, NULL, '24656', 'pom.xml', 'http://llnova601.igrupobbva:9999/DEMO/market/tree/3.1.2/generatorfeignclient/pom.xml');
INSERT INTO  lob_file  ( id ,  creation_date ,  deletion_date ,  last_modified ,  contents ,  name ,  url ) VALUES (218138, '2017-09-15 12:38:34.21', NULL, NULL, '24657', 'pom.xml', 'http://llnova601.igrupobbva:9999/DEMO/market/tree/3.1.2/simplenovabatch/pom.xml');
INSERT INTO  lob_file  ( id ,  creation_date ,  deletion_date ,  last_modified ,  contents ,  name ,  url ) VALUES (218140, '2017-09-15 12:38:34.283', NULL, NULL, '24658', 'pom.xml', 'http://llnova601.igrupobbva:9999/DEMO/market/tree/3.1.2/statistics/pom.xml');
INSERT INTO  lob_file  ( id ,  creation_date ,  deletion_date ,  last_modified ,  contents ,  name , url) VALUES (218330, '2017-09-19 13:20:48.365', NULL, NULL, '24719', 'pom.xml', 'http://llnova601.igrupobbva:9999/DEMO/visor/tree/v3.1.0/charts/pom.xml');
INSERT INTO  lob_file  ( id ,  creation_date ,  deletion_date ,  last_modified ,  contents ,  name ,  url ) VALUES (218332, '2017-09-19 13:20:48.437', NULL, NULL, '24720', 'pom.xml', 'http://llnova601.igrupobbva:9999/DEMO/visor/tree/v3.1.0/statisticsfeignclient/pom.xml');



INSERT INTO  product_subsystem  ( id ,  description ,  jenkins_url ,  name ,  repo_id ,  repo_url ,  subsystem_type ,  status ) VALUES (29371, 'Backend', NULL, 'Backend', 345, 'http://llnova601.igrupobbva:9999/enoa/backend.git', 'NOVA', 'DONE');
INSERT INTO  product_subsystem  ( id ,  description ,  jenkins_url ,  name ,  repo_id ,  repo_url ,  subsystem_type ,  status ) VALUES (29373, 'Frontend', NULL, 'Frontend', 346, 'http://llnova601.igrupobbva:9999/enoa/frontend.git', 'NOVA', 'DONE');
INSERT INTO  product_subsystem  ( id ,  description ,  jenkins_url ,  name ,  repo_id ,  repo_url ,  subsystem_type ,  status ) VALUES (38000, 'Subsitema de prueba para batch', NULL, 'mybatchtest', 380, 'http://llnova601.igrupobbva:9999/BATC/mybatchtest.git', 'NOVA', 'PENDING');
INSERT INTO  product_subsystem  ( id ,  description ,  jenkins_url ,  name ,  repo_id ,  repo_url ,  subsystem_type ,  status ) VALUES (40196, 'Candemor', 'http://llnova601.igrupobbva:8081/jenkins/job/ENOA_MINIBACKEND_BUILD/', 'MiniBackend', 387, 'http://llnova601.igrupobbva:9999/enoa/minibackend.git', 'NOVA', 'PENDING');
INSERT INTO  product_subsystem  ( id ,  description ,  jenkins_url ,  name ,  repo_id ,  repo_url ,  subsystem_type ,  status ) VALUES (42691, 'Subsistema con el sistema front', 'http://llnova601.igrupobbva:8081/jenkins/job/JLDC_VISOR_BUILD/', 'visor', 565, 'http://llnova601.igrupobbva:9999/JLDC/visor.git', 'NOVA', 'PENDING');
INSERT INTO  product_subsystem  ( id ,  description ,  jenkins_url ,  name ,  repo_id ,  repo_url ,  subsystem_type ,  status ) VALUES (42697, 'Subsistema con la lógica de backend y servicios batch', 'http://llnova601.igrupobbva:8081/jenkins/job/JLDC_MARKET_BUILD/', 'market', 5656, 'http://llnova601.igrupobbva:9999/JLDC/market.git', 'NOVA', 'PENDING');
INSERT INTO  product_subsystem  ( id ,  description ,  jenkins_url ,  name ,  repo_id ,  repo_url ,  subsystem_type ,  status ) VALUES (45153, 'Gestion Maestro de capacidades', 'http://llnova601.igrupobbva:8081/jenkins/job/NOVA_CAPACITYMASTER_BUILD/', 'CapacityMaster', 402, 'http://llnova601.igrupobbva:9999/nova/capacitymaster.git', 'NOVA', 'PENDING');
INSERT INTO  product_subsystem  ( id ,  description ,  jenkins_url ,  name ,  repo_id ,  repo_url ,  subsystem_type ,  status ) VALUES (46823, 'Generador de APIs RESTs', 'http://llnova601.igrupobbva:8081/jenkins/job/NOVA_APIRESTGENERATOR_BUILD/', 'ApiRestGenerator', 407, 'http://llnova601.igrupobbva:9999/nova/apirestgenerator.git', 'NOVA', 'PENDING');
INSERT INTO  product_subsystem  ( id ,  description ,  jenkins_url ,  name ,  repo_id ,  repo_url ,  subsystem_type ,  status ) VALUES (48225, 's', 'http://llnova601.igrupobbva:8081/jenkins/job/ENOA_S_BUILD/', 's', 410, 'http://llnova601.igrupobbva:9999/enoa/s.git', 'NOVA', 'PENDING');
INSERT INTO  product_subsystem  ( id ,  description ,  jenkins_url ,  name ,  repo_id ,  repo_url ,  subsystem_type ,  status ) VALUES (55961, 'subsistema para el back', 'http://llnova601.igrupobbva:8081/jenkins/job/DEMO_MARKET_BUILD/', 'market', 481, 'http://llnova601.igrupobbva:9999/DEMO/market.git', 'NOVA', 'PENDING');
INSERT INTO  product_subsystem  ( id ,  description ,  jenkins_url ,  name ,  repo_id ,  repo_url ,  subsystem_type ,  status ) VALUES (55965, 'subsistema para el front', 'http://llnova601.igrupobbva:8081/jenkins/job/DEMO_VISOR_BUILD/', 'visor', 482, 'http://llnova601.igrupobbva:9999/DEMO/visor.git', 'NOVA', 'PENDING');
INSERT INTO  product_subsystem  ( id ,  description ,  jenkins_url ,  name ,  repo_id ,  repo_url ,  subsystem_type ,  status ) VALUES (75794, 'Web CSA', 'http://llnova601.igrupobbva:8081/jenkins/job/KCSA_WEBCSA_BUILD/', 'WebCSA', 442, 'http://llnova601.igrupobbva:9999/KCSA/webcsa.git', 'NOVA', 'PENDING');
INSERT INTO  product_subsystem  ( id ,  description ,  jenkins_url ,  name ,  repo_id ,  repo_url ,  subsystem_type ,  status ) VALUES (80257, 'sdsd', 'http://llnova601.igrupobbva:8081/jenkins/job/FFDD_TESTSUB_BUILD/', 'TestSub', 445, 'http://llnova601.igrupobbva:9999/FFDD/testsub.git', 'NOVA', 'PENDING');
INSERT INTO  product_subsystem  ( id ,  description ,  jenkins_url ,  name ,  repo_id ,  repo_url ,  subsystem_type ,  status ) VALUES (85934, 'back', 'http://llnova601.igrupobbva:8081/jenkins/job/LUPR_BACK_BUILD/', 'back', 446, 'http://llnova601.igrupobbva:9999/LUPR/back.git', 'NOVA', 'PENDING');
INSERT INTO  product_subsystem  ( id ,  description ,  jenkins_url ,  name ,  repo_id ,  repo_url ,  subsystem_type ,  status ) VALUES (102481, 'Subsistema ejemplo de ePhoenix', 'http://llnova601.igrupobbva:8081/jenkins/job/AAAA_SUBSISTEMAEPHOENIX_BUILD/', 'SubsistemaEphoenix', 450, 'http://llnova601.igrupobbva:9999/AAAA/subsistemaephoenix.git', 'EPHOENIX', 'PENDING');
INSERT INTO  product_subsystem  ( id ,  description ,  jenkins_url ,  name ,  repo_id ,  repo_url ,  subsystem_type ,  status ) VALUES (118218, 'Código probado en Local y Funcionando. Primera subida de código a la plataforma NOVA', 'http://llnova601.igrupobbva:8081/jenkins/job/PRUE_PRIMERSUBSISTEMA_BUILD/', 'PrimerSubsistema', 452, 'http://llnova601.igrupobbva:9999/PRUE/primersubsistema.git', 'EPHOENIX', 'PENDING');
INSERT INTO  product_subsystem  ( id ,  description ,  jenkins_url ,  name ,  repo_id ,  repo_url ,  subsystem_type ,  status ) VALUES (119754, 'Instancia batch', 'http://llnova601.igrupobbva:8081/jenkins/job/QWJJ_EPHOENIXBATCH_BUILD/', 'ePhoenixBatch', 453, 'http://llnova601.igrupobbva:9999/QWJJ/ephoenixbatch.git', 'EPHOENIX', 'PENDING');
INSERT INTO  product_subsystem  ( id ,  description ,  jenkins_url ,  name ,  repo_id ,  repo_url ,  subsystem_type ,  status ) VALUES (120445, 'Subsistema prureba', 'http://llnova601.igrupobbva:8081/jenkins/job/XYZT_SBSPRUEBA_BUILD/', 'SBSPRUEBA', 454, 'http://llnova601.igrupobbva:9999/XYZT/sbsprueba.git', 'EPHOENIX', 'PENDING');
INSERT INTO  product_subsystem  ( id ,  description ,  jenkins_url ,  name ,  repo_id ,  repo_url ,  subsystem_type ,  status ) VALUES (124358, 'Código de prueba para la instancia de KYOB', 'http://llnova601.igrupobbva:8081/jenkins/job/KYOB_PRIMERSUBSITEMAKYOB_BUILD/', 'PrimerSubsitemaKYOB', 456, 'http://llnova601.igrupobbva:9999/KYOB/primersubsitemakyob.git', 'EPHOENIX', 'PENDING');
INSERT INTO  product_subsystem  ( id ,  description ,  jenkins_url ,  name ,  repo_id ,  repo_url ,  subsystem_type ,  status ) VALUES (124589, 'preubas ephoenix calypso', 'http://llnova601.igrupobbva:8081/jenkins/job/KLYR_CALYPSO_BUILD/', 'calypso', 457, 'http://llnova601.igrupobbva:9999/KLYR/calypso.git', 'EPHOENIX', 'PENDING');
INSERT INTO  product_subsystem  ( id ,  description ,  jenkins_url ,  name ,  repo_id ,  repo_url ,  subsystem_type ,  status ) VALUES (136018, 'Pruebas ePhoenix', 'http://llnova601.igrupobbva:8081/jenkins/job/AAAA_SUBSISTEMAADRI_BUILD/', 'SubsistemaAdri', 460, 'http://llnova601.igrupobbva:9999/AAAA/subsistemaadri.git', 'EPHOENIX', 'PENDING');
INSERT INTO  product_subsystem  ( id ,  description ,  jenkins_url ,  name ,  repo_id ,  repo_url ,  subsystem_type ,  status ) VALUES (136345, 'Subsistema prueba', 'http://llnova601.igrupobbva:8081/jenkins/job/QWJJ_SUBSISTEMA_BUILD/', 'Subsistema', 461, 'http://llnova601.igrupobbva:9999/QWJJ/subsistema.git', 'EPHOENIX', 'PENDING');
INSERT INTO  product_subsystem  ( id ,  description ,  jenkins_url ,  name ,  repo_id ,  repo_url ,  subsystem_type ,  status ) VALUES (136498, 'DAS', 'http://llnova601.igrupobbva:8081/jenkins/job/PRUE_PRIMERSUBSISTEMA_BUILD/', 'primersubsistema', 452, 'http://llnova601.igrupobbva:9999/PRUE/primersubsistema.git', 'EPHOENIX', 'PENDING');
INSERT INTO  product_subsystem  ( id ,  description ,  jenkins_url ,  name ,  repo_id ,  repo_url ,  subsystem_type ,  status ) VALUES (137998, 'Prueba de instancias Online y Batch en un mismo subsistema', 'http://llnova601.igrupobbva:8081/jenkins/job/KETR_MDSGLOBAL_BUILD/', 'MDSGlobal', 462, 'http://llnova601.igrupobbva:9999/KETR/mdsglobal.git', 'EPHOENIX', 'PENDING');
INSERT INTO  product_subsystem  ( id ,  description ,  jenkins_url ,  name ,  repo_id ,  repo_url ,  subsystem_type ,  status ) VALUES (142068, 'sdaldakdjk', 'http://llnova601.igrupobbva:8081/jenkins/job/AAAA_ADRI_BUILD/', 'Adri', 463, 'http://llnova601.igrupobbva:9999/AAAA/adri.git', 'EPHOENIX', 'PENDING');
INSERT INTO  product_subsystem  ( id ,  description ,  jenkins_url ,  name ,  repo_id ,  repo_url ,  subsystem_type ,  status ) VALUES (197055, 'sadas', NULL, 'VacaBackend', -1, 'https://localhost:0000/VacaBackend', 'NOVA', 'PENDING');
INSERT INTO  product_subsystem  ( id ,  description ,  jenkins_url ,  name ,  repo_id ,  repo_url ,  subsystem_type ,  status ) VALUES (197060, 'sdsd', NULL, 'BackUno', -1, 'https://localhost:0000/BackUno', 'NOVA', 'PENDING');
INSERT INTO  product_subsystem  ( id ,  description ,  jenkins_url ,  name ,  repo_id ,  repo_url ,  subsystem_type ,  status ) VALUES (197066, 'asd', NULL, 'BackDos', -1, 'https://localhost:0000/BackDos', 'NOVA', 'PENDING');
INSERT INTO  product_subsystem  ( id ,  description ,  jenkins_url ,  name ,  repo_id ,  repo_url ,  subsystem_type ,  status ) VALUES (197078, 'asd', NULL, 'BackTres', -1, 'https://localhost:0000/BackTres', 'NOVA', 'PENDING');
INSERT INTO  product_subsystem  ( id ,  description ,  jenkins_url ,  name ,  repo_id ,  repo_url ,  subsystem_type ,  status ) VALUES (197079, 'asd', NULL, 'BackCuatro', -1, 'https://localhost:0000/BackCuatro', 'NOVA', 'PENDING');
INSERT INTO  product_subsystem  ( id ,  description ,  jenkins_url ,  name ,  repo_id ,  repo_url ,  subsystem_type ,  status ) VALUES (197080, 'asd', NULL, 'BackCinco', -1, 'https://localhost:0000/BackCinco', 'NOVA', 'PENDING');
INSERT INTO  product_subsystem  ( id ,  description ,  jenkins_url ,  name ,  repo_id ,  repo_url ,  subsystem_type ,  status ) VALUES (197081, 'asd', NULL, 'BackA', -1, 'https://localhost:0000/BackA', 'NOVA', 'PENDING');
INSERT INTO  product_subsystem  ( id ,  description ,  jenkins_url ,  name ,  repo_id ,  repo_url ,  subsystem_type ,  status ) VALUES (216770, 'jojoyaVisor', 'http://llnova601.igrupobbva:8081/jenkins/job/DEMO_JOJOYAVISOR_BUILD/', 'jojoyaVisor', 484, 'http://llnova601.igrupobbva:9999/DEMO/jojoyavisor.git', 'NOVA', 'PENDING');


INSERT INTO  release  ( id ,  auto_manage_in_pro_end ,  auto_manage_in_pro_start ,  autodeploy_in_pre_end ,  autodeploy_in_pre_start ,  autodeploy_in_pro_end ,  autodeploy_in_pro_start ,  creation_date ,  deletion_date ,  description ,  frozen_in_pre_end ,  frozen_in_pre_start ,  multicpdin_pro ,  name ,  product_id ,  productioncpd_id ) VALUES (29376, NULL, NULL, '2017-04-14 00:00:00', '2017-04-11 00:00:00', NULL, NULL, '2017-04-12 11:54:10.351', NULL, 'Release para pruebas en desarrollo', NULL, NULL, 'true', 'NOVATEST.dev', 29355, NULL);
INSERT INTO  release  ( id ,  auto_manage_in_pro_end ,  auto_manage_in_pro_start ,  autodeploy_in_pre_end ,  autodeploy_in_pre_start ,  autodeploy_in_pro_end ,  autodeploy_in_pro_start ,  creation_date ,  deletion_date ,  description ,  frozen_in_pre_end ,  frozen_in_pre_start ,  multicpdin_pro ,  name ,  product_id ,  productioncpd_id ) VALUES (31499, NULL, NULL, NULL, '2017-04-02 00:00:00', NULL, NULL, '2017-04-26 17:29:19.469', NULL, 'Eso', NULL, '2017-04-10 00:00:00', 'true', 'Reléase otra vez', 29355, NULL);
INSERT INTO  release  ( id ,  auto_manage_in_pro_end ,  auto_manage_in_pro_start ,  autodeploy_in_pre_end ,  autodeploy_in_pre_start ,  autodeploy_in_pro_end ,  autodeploy_in_pro_start ,  creation_date ,  deletion_date ,  description ,  frozen_in_pre_end ,  frozen_in_pre_start ,  multicpdin_pro ,  name ,  product_id ,  productioncpd_id ) VALUES (34537, NULL, NULL, '2017-05-08 00:00:00', '2017-05-05 00:00:00', NULL, NULL, '2017-05-03 14:23:16.192', NULL, 'sdsd', NULL, '2017-05-04 00:00:00', 'true', 'R1', 29355, NULL);
INSERT INTO  release  ( id ,  auto_manage_in_pro_end ,  auto_manage_in_pro_start ,  autodeploy_in_pre_end ,  autodeploy_in_pre_start ,  autodeploy_in_pro_end ,  autodeploy_in_pro_start ,  creation_date ,  deletion_date ,  description ,  frozen_in_pre_end ,  frozen_in_pre_start ,  multicpdin_pro ,  name ,  product_id ,  productioncpd_id ) VALUES (34951, NULL, NULL, NULL, NULL, NULL, NULL, '2017-05-03 16:59:11.693', NULL, 'MiREleas', NULL, NULL, 'true', 'MiReleas', 29355, NULL);
INSERT INTO  release  ( id ,  auto_manage_in_pro_end ,  auto_manage_in_pro_start ,  autodeploy_in_pre_end ,  autodeploy_in_pre_start ,  autodeploy_in_pro_end ,  autodeploy_in_pro_start ,  creation_date ,  deletion_date ,  description ,  frozen_in_pre_end ,  frozen_in_pre_start ,  multicpdin_pro ,  name ,  product_id ,  productioncpd_id ) VALUES (37877, NULL, '2017-05-15 00:00:00', NULL, NULL, NULL, NULL, '2017-05-08 14:44:37.609', NULL, 'Pruebaxxx', NULL, NULL, 'true', 'Prueba', 29355, NULL);
INSERT INTO  release  ( id ,  auto_manage_in_pro_end ,  auto_manage_in_pro_start ,  autodeploy_in_pre_end ,  autodeploy_in_pre_start ,  autodeploy_in_pro_end ,  autodeploy_in_pro_start ,  creation_date ,  deletion_date ,  description ,  frozen_in_pre_end ,  frozen_in_pre_start ,  multicpdin_pro ,  name ,  product_id ,  productioncpd_id ) VALUES (38009, NULL, NULL, NULL, NULL, NULL, NULL, '2017-05-08 15:21:39.507', NULL, 'Version de testeo de nova batch', NULL, NULL, 'true', 'version1', 37978, NULL);
INSERT INTO  release  ( id ,  auto_manage_in_pro_end ,  auto_manage_in_pro_start ,  autodeploy_in_pre_end ,  autodeploy_in_pre_start ,  autodeploy_in_pro_end ,  autodeploy_in_pro_start ,  creation_date ,  deletion_date ,  description ,  frozen_in_pre_end ,  frozen_in_pre_start ,  multicpdin_pro ,  name ,  product_id ,  productioncpd_id ) VALUES (38739, NULL, NULL, NULL, NULL, NULL, NULL, '2017-05-09 15:29:37.698', NULL, 'Version con el pom actualizado', NULL, NULL, 'true', 'Version0905', 37978, NULL);
INSERT INTO  release  ( id ,  auto_manage_in_pro_end ,  auto_manage_in_pro_start ,  autodeploy_in_pre_end ,  autodeploy_in_pre_start ,  autodeploy_in_pro_end ,  autodeploy_in_pro_start ,  creation_date ,  deletion_date ,  description ,  frozen_in_pre_end ,  frozen_in_pre_start ,  multicpdin_pro ,  name ,  product_id ,  productioncpd_id ) VALUES (38783, NULL, NULL, NULL, NULL, NULL, NULL, '2017-05-09 15:56:33.042', NULL, 'Version con NovaBatchTask 1.2.0', NULL, NULL, 'true', 'NewNovaTask', 37978, NULL);
INSERT INTO  release  ( id ,  auto_manage_in_pro_end ,  auto_manage_in_pro_start ,  autodeploy_in_pre_end ,  autodeploy_in_pre_start ,  autodeploy_in_pro_end ,  autodeploy_in_pro_start ,  creation_date ,  deletion_date ,  description ,  frozen_in_pre_end ,  frozen_in_pre_start ,  multicpdin_pro ,  name ,  product_id ,  productioncpd_id ) VALUES (40198, '2017-07-21 00:00:00', '2017-06-18 00:00:00', NULL, NULL, '2017-06-10 00:00:00', '2017-06-04 00:00:00', '2017-05-11 17:04:47.717', NULL, 'Por la gloria de mi madre!', '2017-05-13 00:00:00', '2017-05-10 00:00:00', 'true', 'R2D2', 29355, NULL);
INSERT INTO  release  ( id ,  auto_manage_in_pro_end ,  auto_manage_in_pro_start ,  autodeploy_in_pre_end ,  autodeploy_in_pre_start ,  autodeploy_in_pro_end ,  autodeploy_in_pro_start ,  creation_date ,  deletion_date ,  description ,  frozen_in_pre_end ,  frozen_in_pre_start ,  multicpdin_pro ,  name ,  product_id ,  productioncpd_id ) VALUES (42746, NULL, NULL, NULL, NULL, NULL, NULL, '2017-05-12 22:27:54.557', NULL, 'Release estable para pruebas en integrado', NULL, NULL, 'true', 'STABL', 42579, NULL);
INSERT INTO  release  ( id ,  auto_manage_in_pro_end ,  auto_manage_in_pro_start ,  autodeploy_in_pre_end ,  autodeploy_in_pre_start ,  autodeploy_in_pro_end ,  autodeploy_in_pro_start ,  creation_date ,  deletion_date ,  description ,  frozen_in_pre_end ,  frozen_in_pre_start ,  multicpdin_pro ,  name ,  product_id ,  productioncpd_id ) VALUES (46825, NULL, NULL, NULL, NULL, NULL, NULL, '2017-06-01 14:33:11.935', NULL, 'Release beta con todos los componentes de arquitectura', '2017-07-25 00:00:00', '2017-07-23 00:00:00', 'true', 'beta', 45129, NULL);
INSERT INTO  release  ( id ,  auto_manage_in_pro_end ,  auto_manage_in_pro_start ,  autodeploy_in_pre_end ,  autodeploy_in_pre_start ,  autodeploy_in_pro_end ,  autodeploy_in_pro_start ,  creation_date ,  deletion_date ,  description ,  frozen_in_pre_end ,  frozen_in_pre_start ,  multicpdin_pro ,  name ,  product_id ,  productioncpd_id ) VALUES (55994, NULL, NULL, NULL, NULL, '2017-08-07 00:00:00', '2017-08-03 00:00:00', '2017-07-03 16:41:00.37', NULL, 'Primera release para el producto DEMO 3', '2017-07-25 00:00:00', '2017-07-23 00:00:00', 'true', 'Beta', 55896, NULL);
INSERT INTO  release  ( id ,  auto_manage_in_pro_end ,  auto_manage_in_pro_start ,  autodeploy_in_pre_end ,  autodeploy_in_pre_start ,  autodeploy_in_pro_end ,  autodeploy_in_pro_start ,  creation_date ,  deletion_date ,  description ,  frozen_in_pre_end ,  frozen_in_pre_start ,  multicpdin_pro ,  name ,  product_id ,  productioncpd_id ) VALUES (80265, NULL, NULL, NULL, NULL, NULL, NULL, '2017-07-12 17:55:42.577', NULL, 'R1', NULL, NULL, 'true', 'R1', 80222, NULL);
INSERT INTO  release  ( id ,  auto_manage_in_pro_end ,  auto_manage_in_pro_start ,  autodeploy_in_pre_end ,  autodeploy_in_pre_start ,  autodeploy_in_pro_end ,  autodeploy_in_pro_start ,  creation_date ,  deletion_date ,  description ,  frozen_in_pre_end ,  frozen_in_pre_start ,  multicpdin_pro ,  name ,  product_id ,  productioncpd_id ) VALUES (80321, NULL, NULL, NULL, NULL, NULL, NULL, '2017-07-12 18:05:37.805', NULL, 'R1', NULL, NULL, 'true', 'R1', 75747, NULL);
INSERT INTO  release  ( id ,  auto_manage_in_pro_end ,  auto_manage_in_pro_start ,  autodeploy_in_pre_end ,  autodeploy_in_pre_start ,  autodeploy_in_pro_end ,  autodeploy_in_pro_start ,  creation_date ,  deletion_date ,  description ,  frozen_in_pre_end ,  frozen_in_pre_start ,  multicpdin_pro ,  name ,  product_id ,  productioncpd_id ) VALUES (85936, NULL, NULL, NULL, NULL, NULL, NULL, '2017-07-18 14:30:11.578', NULL, 'SuperDuperNod', NULL, NULL, 'false', 'SuperDuperNod', 85904, 22868);
INSERT INTO  release  ( id ,  auto_manage_in_pro_end ,  auto_manage_in_pro_start ,  autodeploy_in_pre_end ,  autodeploy_in_pre_start ,  autodeploy_in_pro_end ,  autodeploy_in_pro_start ,  creation_date ,  deletion_date ,  description ,  frozen_in_pre_end ,  frozen_in_pre_start ,  multicpdin_pro ,  name ,  product_id ,  productioncpd_id ) VALUES (90128, NULL, NULL, NULL, NULL, NULL, NULL, '2017-07-21 10:14:05.656', NULL, 'R1 Front', NULL, NULL, 'true', 'Front', 75747, NULL);
INSERT INTO  release  ( id ,  auto_manage_in_pro_end ,  auto_manage_in_pro_start ,  autodeploy_in_pre_end ,  autodeploy_in_pre_start ,  autodeploy_in_pro_end ,  autodeploy_in_pro_start ,  creation_date ,  deletion_date ,  description ,  frozen_in_pre_end ,  frozen_in_pre_start ,  multicpdin_pro ,  name ,  product_id ,  productioncpd_id ) VALUES (102487, NULL, NULL, NULL, NULL, NULL, NULL, '2017-07-25 09:34:37.987', NULL, 'Release1', NULL, NULL, 'true', 'Release1', 102437, NULL);
INSERT INTO  release  ( id ,  auto_manage_in_pro_end ,  auto_manage_in_pro_start ,  autodeploy_in_pre_end ,  autodeploy_in_pre_start ,  autodeploy_in_pro_end ,  autodeploy_in_pro_start ,  creation_date ,  deletion_date ,  description ,  frozen_in_pre_end ,  frozen_in_pre_start ,  multicpdin_pro ,  name ,  product_id ,  productioncpd_id ) VALUES (107812, NULL, NULL, NULL, NULL, NULL, NULL, '2017-07-26 12:05:18.746', NULL, 'Release de prueba ePhoenix', NULL, NULL, 'true', 'Release2', 102437, NULL);
INSERT INTO  release  ( id ,  auto_manage_in_pro_end ,  auto_manage_in_pro_start ,  autodeploy_in_pre_end ,  autodeploy_in_pre_start ,  autodeploy_in_pro_end ,  autodeploy_in_pro_start ,  creation_date ,  deletion_date ,  description ,  frozen_in_pre_end ,  frozen_in_pre_start ,  multicpdin_pro ,  name ,  product_id ,  productioncpd_id ) VALUES (112079, NULL, NULL, NULL, NULL, NULL, NULL, '2017-07-27 09:34:36.994', NULL, 'Version de Release 3 . Prueba ePhoenix', NULL, NULL, 'true', 'Release5', 102437, NULL);
INSERT INTO  release  ( id ,  auto_manage_in_pro_end ,  auto_manage_in_pro_start ,  autodeploy_in_pre_end ,  autodeploy_in_pre_start ,  autodeploy_in_pro_end ,  autodeploy_in_pro_start ,  creation_date ,  deletion_date ,  description ,  frozen_in_pre_end ,  frozen_in_pre_start ,  multicpdin_pro ,  name ,  product_id ,  productioncpd_id ) VALUES (118270, NULL, NULL, NULL, NULL, NULL, NULL, '2017-07-31 12:47:54.305', NULL, 'v1.0', NULL, NULL, 'true', 'Release1', 118183, NULL);
INSERT INTO  release  ( id ,  auto_manage_in_pro_end ,  auto_manage_in_pro_start ,  autodeploy_in_pre_end ,  autodeploy_in_pre_start ,  autodeploy_in_pro_end ,  autodeploy_in_pro_start ,  creation_date ,  deletion_date ,  description ,  frozen_in_pre_end ,  frozen_in_pre_start ,  multicpdin_pro ,  name ,  product_id ,  productioncpd_id ) VALUES (119776, NULL, NULL, NULL, NULL, NULL, NULL, '2017-08-01 09:22:30.377', NULL, 'v2.0', NULL, NULL, 'true', 'Release2', 118183, NULL);
INSERT INTO  release  ( id ,  auto_manage_in_pro_end ,  auto_manage_in_pro_start ,  autodeploy_in_pre_end ,  autodeploy_in_pre_start ,  autodeploy_in_pro_end ,  autodeploy_in_pro_start ,  creation_date ,  deletion_date ,  description ,  frozen_in_pre_end ,  frozen_in_pre_start ,  multicpdin_pro ,  name ,  product_id ,  productioncpd_id ) VALUES (120607, NULL, NULL, NULL, NULL, NULL, NULL, '2017-08-01 15:34:10.945', NULL, 'Release3', NULL, NULL, 'true', 'Release3', 119719, NULL);
INSERT INTO  release  ( id ,  auto_manage_in_pro_end ,  auto_manage_in_pro_start ,  autodeploy_in_pre_end ,  autodeploy_in_pre_start ,  autodeploy_in_pro_end ,  autodeploy_in_pro_start ,  creation_date ,  deletion_date ,  description ,  frozen_in_pre_end ,  frozen_in_pre_start ,  multicpdin_pro ,  name ,  product_id ,  productioncpd_id ) VALUES (124836, NULL, NULL, NULL, NULL, NULL, NULL, '2017-08-03 12:53:25.023', NULL, 'Para borrar', NULL, NULL, 'true', 'show', 45129, NULL);
INSERT INTO  release  ( id ,  auto_manage_in_pro_end ,  auto_manage_in_pro_start ,  autodeploy_in_pre_end ,  autodeploy_in_pre_start ,  autodeploy_in_pro_end ,  autodeploy_in_pro_start ,  creation_date ,  deletion_date ,  description ,  frozen_in_pre_end ,  frozen_in_pre_start ,  multicpdin_pro ,  name ,  product_id ,  productioncpd_id ) VALUES (136027, NULL, NULL, NULL, NULL, NULL, NULL, '2017-08-07 09:34:32.307', NULL, 'fdsdfs', NULL, NULL, 'true', 'Release6', 102437, NULL);
INSERT INTO  release  ( id ,  auto_manage_in_pro_end ,  auto_manage_in_pro_start ,  autodeploy_in_pre_end ,  autodeploy_in_pre_start ,  autodeploy_in_pro_end ,  autodeploy_in_pro_start ,  creation_date ,  deletion_date ,  description ,  frozen_in_pre_end ,  frozen_in_pre_start ,  multicpdin_pro ,  name ,  product_id ,  productioncpd_id ) VALUES (136351, NULL, NULL, NULL, NULL, NULL, NULL, '2017-08-07 12:00:07.349', NULL, 'Prueba', NULL, NULL, 'true', 'Release2', 119719, NULL);
INSERT INTO  release  ( id ,  auto_manage_in_pro_end ,  auto_manage_in_pro_start ,  autodeploy_in_pre_end ,  autodeploy_in_pre_start ,  autodeploy_in_pro_end ,  autodeploy_in_pro_start ,  creation_date ,  deletion_date ,  description ,  frozen_in_pre_end ,  frozen_in_pre_start ,  multicpdin_pro ,  name ,  product_id ,  productioncpd_id ) VALUES (138062, NULL, NULL, NULL, NULL, NULL, NULL, '2017-08-08 09:25:44.917', NULL, 'P006', NULL, NULL, 'true', 'P006', 137953, NULL);
INSERT INTO  release  ( id ,  auto_manage_in_pro_end ,  auto_manage_in_pro_start ,  autodeploy_in_pre_end ,  autodeploy_in_pre_start ,  autodeploy_in_pro_end ,  autodeploy_in_pro_start ,  creation_date ,  deletion_date ,  description ,  frozen_in_pre_end ,  frozen_in_pre_start ,  multicpdin_pro ,  name ,  product_id ,  productioncpd_id ) VALUES (138189, NULL, NULL, NULL, NULL, NULL, NULL, '2017-08-08 10:11:30.868', NULL, 'Test', NULL, NULL, 'false', 'R13TestFinal', 75747, 22868);
INSERT INTO  release  ( id ,  auto_manage_in_pro_end ,  auto_manage_in_pro_start ,  autodeploy_in_pre_end ,  autodeploy_in_pre_start ,  autodeploy_in_pro_end ,  autodeploy_in_pro_start ,  creation_date ,  deletion_date ,  description ,  frozen_in_pre_end ,  frozen_in_pre_start ,  multicpdin_pro ,  name ,  product_id ,  productioncpd_id ) VALUES (138432, NULL, NULL, NULL, '2017-08-09 00:00:00', NULL, NULL, '2017-08-08 12:10:46.755', NULL, 'Version Uno Releas', NULL, '2017-08-09 00:00:00', 'true', 'PrimerReleas', 124562, NULL);
INSERT INTO  release  ( id ,  auto_manage_in_pro_end ,  auto_manage_in_pro_start ,  autodeploy_in_pre_end ,  autodeploy_in_pre_start ,  autodeploy_in_pro_end ,  autodeploy_in_pro_start ,  creation_date ,  deletion_date ,  description ,  frozen_in_pre_end ,  frozen_in_pre_start ,  multicpdin_pro ,  name ,  product_id ,  productioncpd_id ) VALUES (139017, NULL, NULL, NULL, NULL, NULL, NULL, '2017-08-08 14:27:47.839', NULL, 'fsdfsfsfs', NULL, NULL, 'true', 'ReleaseAdri', 102437, NULL);
INSERT INTO  release  ( id ,  auto_manage_in_pro_end ,  auto_manage_in_pro_start ,  autodeploy_in_pre_end ,  autodeploy_in_pre_start ,  autodeploy_in_pro_end ,  autodeploy_in_pro_start ,  creation_date ,  deletion_date ,  description ,  frozen_in_pre_end ,  frozen_in_pre_start ,  multicpdin_pro ,  name ,  product_id ,  productioncpd_id ) VALUES (142070, NULL, NULL, NULL, NULL, NULL, NULL, '2017-08-09 11:54:54.914', NULL, 'dmalkdlñasda', NULL, NULL, 'true', 'Adri', 102437, NULL);
INSERT INTO  release  ( id ,  auto_manage_in_pro_end ,  auto_manage_in_pro_start ,  autodeploy_in_pre_end ,  autodeploy_in_pre_start ,  autodeploy_in_pro_end ,  autodeploy_in_pro_start ,  creation_date ,  deletion_date ,  description ,  frozen_in_pre_end ,  frozen_in_pre_start ,  multicpdin_pro ,  name ,  product_id ,  productioncpd_id ) VALUES (145429, NULL, NULL, NULL, NULL, NULL, NULL, '2017-08-10 15:48:36.842', NULL, 'Segunda Release de CALYPSO con libreria en Batch', NULL, NULL, 'true', 'SecondReleas', 124562, NULL);
INSERT INTO  release  ( id ,  auto_manage_in_pro_end ,  auto_manage_in_pro_start ,  autodeploy_in_pre_end ,  autodeploy_in_pre_start ,  autodeploy_in_pro_end ,  autodeploy_in_pro_start ,  creation_date ,  deletion_date ,  description ,  frozen_in_pre_end ,  frozen_in_pre_start ,  multicpdin_pro ,  name ,  product_id ,  productioncpd_id ) VALUES (169818, NULL, NULL, NULL, NULL, NULL, NULL, '2017-08-17 11:09:11.808', NULL, 'Nuevo feature de acceso a bd', NULL, NULL, 'true', 'ThirdReleas', 124562, NULL);
INSERT INTO  release  ( id ,  auto_manage_in_pro_end ,  auto_manage_in_pro_start ,  autodeploy_in_pre_end ,  autodeploy_in_pre_start ,  autodeploy_in_pro_end ,  autodeploy_in_pro_start ,  creation_date ,  deletion_date ,  description ,  frozen_in_pre_end ,  frozen_in_pre_start ,  multicpdin_pro ,  name ,  product_id ,  productioncpd_id ) VALUES (174189, NULL, NULL, NULL, NULL, NULL, NULL, '2017-08-18 09:03:05.705', NULL, 'Con JNDI', NULL, NULL, 'true', 'IamNumber4', 124562, NULL);
INSERT INTO  release  ( id ,  auto_manage_in_pro_end ,  auto_manage_in_pro_start ,  autodeploy_in_pre_end ,  autodeploy_in_pre_start ,  autodeploy_in_pro_end ,  autodeploy_in_pro_start ,  creation_date ,  deletion_date ,  description ,  frozen_in_pre_end ,  frozen_in_pre_start ,  multicpdin_pro ,  name ,  product_id ,  productioncpd_id ) VALUES (203186, NULL, NULL, NULL, NULL, NULL, NULL, '2017-08-31 11:38:21.739', NULL, 'REV 10', NULL, NULL, 'true', 'REV10', 120408, NULL);
INSERT INTO  release  ( id ,  auto_manage_in_pro_end ,  auto_manage_in_pro_start ,  autodeploy_in_pre_end ,  autodeploy_in_pre_start ,  autodeploy_in_pro_end ,  autodeploy_in_pro_start ,  creation_date ,  deletion_date ,  description ,  frozen_in_pre_end ,  frozen_in_pre_start ,  multicpdin_pro ,  name ,  product_id ,  productioncpd_id ) VALUES (203665, NULL, NULL, NULL, NULL, NULL, NULL, '2017-08-31 15:32:29.376', NULL, 'v1.0', NULL, NULL, 'true', 'PrimeraReleas', 119719, NULL);
INSERT INTO  release  ( id ,  auto_manage_in_pro_end ,  auto_manage_in_pro_start ,  autodeploy_in_pre_end ,  autodeploy_in_pre_start ,  autodeploy_in_pro_end ,  autodeploy_in_pro_start ,  creation_date ,  deletion_date ,  description ,  frozen_in_pre_end ,  frozen_in_pre_start ,  multicpdin_pro ,  name ,  product_id ,  productioncpd_id ) VALUES (203717, NULL, NULL, NULL, NULL, NULL, NULL, '2017-08-31 15:39:48.995', NULL, '1234', NULL, NULL, 'true', 'SegunaReleas', 119719, NULL);
INSERT INTO  release  ( id ,  auto_manage_in_pro_end ,  auto_manage_in_pro_start ,  autodeploy_in_pre_end ,  autodeploy_in_pre_start ,  autodeploy_in_pro_end ,  autodeploy_in_pro_start ,  creation_date ,  deletion_date ,  description ,  frozen_in_pre_end ,  frozen_in_pre_start ,  multicpdin_pro ,  name ,  product_id ,  productioncpd_id ) VALUES (203818, NULL, NULL, NULL, NULL, NULL, NULL, '2017-08-31 15:52:31.567', NULL, 'v123', NULL, NULL, 'true', 'R', 137953, NULL);
INSERT INTO  release  ( id ,  auto_manage_in_pro_end ,  auto_manage_in_pro_start ,  autodeploy_in_pre_end ,  autodeploy_in_pre_start ,  autodeploy_in_pro_end ,  autodeploy_in_pro_start ,  creation_date ,  deletion_date ,  description ,  frozen_in_pre_end ,  frozen_in_pre_start ,  multicpdin_pro ,  name ,  product_id ,  productioncpd_id ) VALUES (203902, NULL, NULL, NULL, NULL, NULL, NULL, '2017-08-31 16:13:01.495', NULL, 'Segunda release para probar el BRS', NULL, NULL, 'true', 'GAMMA', 55896, NULL);
INSERT INTO  release  ( id ,  auto_manage_in_pro_end ,  auto_manage_in_pro_start ,  autodeploy_in_pre_end ,  autodeploy_in_pre_start ,  autodeploy_in_pro_end ,  autodeploy_in_pro_start ,  creation_date ,  deletion_date ,  description ,  frozen_in_pre_end ,  frozen_in_pre_start ,  multicpdin_pro ,  name ,  product_id ,  productioncpd_id ) VALUES (209928, NULL, NULL, NULL, NULL, NULL, NULL, '2017-09-03 20:20:51.663', NULL, 'Alfalfa', NULL, NULL, 'true', 'Alfalfa', 55896, NULL);
INSERT INTO  release  ( id ,  auto_manage_in_pro_end ,  auto_manage_in_pro_start ,  autodeploy_in_pre_end ,  autodeploy_in_pre_start ,  autodeploy_in_pro_end ,  autodeploy_in_pro_start ,  creation_date ,  deletion_date ,  description ,  frozen_in_pre_end ,  frozen_in_pre_start ,  multicpdin_pro ,  name ,  product_id ,  productioncpd_id ) VALUES (215740, NULL, NULL, NULL, NULL, NULL, NULL, '2017-09-11 09:07:03.208', NULL, 'S', NULL, NULL, 'true', 'ReleasePrueba', 124562, NULL);
INSERT INTO  release  ( id ,  auto_manage_in_pro_end ,  auto_manage_in_pro_start ,  autodeploy_in_pre_end ,  autodeploy_in_pre_start ,  autodeploy_in_pro_end ,  autodeploy_in_pro_start ,  creation_date ,  deletion_date ,  description ,  frozen_in_pre_end ,  frozen_in_pre_start ,  multicpdin_pro ,  name ,  product_id ,  productioncpd_id ) VALUES (216762, NULL, NULL, NULL, NULL, NULL, NULL, '2017-09-12 15:50:11.148', NULL, 'probando Docker Registry', NULL, NULL, 'true', 'JOJOYA', 55896, NULL);
INSERT INTO  release  ( id ,  auto_manage_in_pro_end ,  auto_manage_in_pro_start ,  autodeploy_in_pre_end ,  autodeploy_in_pre_start ,  autodeploy_in_pro_end ,  autodeploy_in_pro_start ,  creation_date ,  deletion_date ,  description ,  frozen_in_pre_end ,  frozen_in_pre_start ,  multicpdin_pro ,  name ,  product_id ,  productioncpd_id ) VALUES (217048, NULL, NULL, NULL, NULL, NULL, NULL, '2017-09-13 09:50:26.929', NULL, 'sdsd', NULL, NULL, 'false', 'Retronco', 85904, 22868);
INSERT INTO  release  ( id ,  auto_manage_in_pro_end ,  auto_manage_in_pro_start ,  autodeploy_in_pre_end ,  autodeploy_in_pre_start ,  autodeploy_in_pro_end ,  autodeploy_in_pro_start ,  creation_date ,  deletion_date ,  description ,  frozen_in_pre_end ,  frozen_in_pre_start ,  multicpdin_pro ,  name ,  product_id ,  productioncpd_id ) VALUES (217216, NULL, NULL, NULL, NULL, NULL, NULL, '2017-09-13 14:16:56.468', NULL, 'Release tras version 3.1.0', NULL, NULL, 'false', 'Alfa', 55896, 22868);

INSERT INTO  release_version  ( id ,  creation_date ,  deletion_date ,  description ,  status ,  status_description ,  version_name ,  release_id ,  quality_validation ,  risk_level ) VALUES (218327, '2017-09-19 13:20:48.365', NULL, 'Docker registry 002', 'READY_TO_DEPLOY', 'All subsystems built. Ready to deployment', 'V4_002', 216762, 'false', NULL);
INSERT INTO  release_version  ( id ,  creation_date ,  deletion_date ,  description ,  status ,  status_description ,  version_name ,  release_id ,  quality_validation ,  risk_level ) VALUES (218131, '2017-09-15 12:38:34.025', NULL, NULL, 'READY_TO_DEPLOY', 'All subsystems built. Ready to deployment', 'BatchBase3.1.2', 216762, 'false', NULL);
INSERT INTO  release_version  ( id ,  creation_date ,  deletion_date ,  description ,  status ,  status_description ,  version_name ,  release_id ,  quality_validation ,  risk_level ) VALUES (217980, '2017-09-14 11:44:41.765', NULL, NULL, 'READY_TO_DEPLOY', 'All subsystems built. Ready to deployment', 'BatchTest3.1.1', 216762, 'false', NULL);
INSERT INTO  release_version  ( id ,  creation_date ,  deletion_date ,  description ,  status ,  status_description ,  version_name ,  release_id ,  quality_validation ,  risk_level ) VALUES (217958, '2017-09-14 11:42:40.566', NULL, NULL, 'READY_TO_DEPLOY', 'All subsystems built. Ready to deployment', '3.1.1', 217216, 'false', NULL);
INSERT INTO  release_version  ( id ,  creation_date ,  deletion_date ,  description ,  status ,  status_description ,  version_name ,  release_id ,  quality_validation ,  risk_level ) VALUES (217217, '2017-09-13 14:19:57.304', NULL, NULL, 'READY_TO_DEPLOY', 'All subsystems built. Ready to deployment', 'Alfa-1.0.0', 217216, 'false', NULL);
INSERT INTO  release_version  ( id ,  creation_date ,  deletion_date ,  description ,  status ,  status_description ,  version_name ,  release_id ,  quality_validation ,  risk_level ) VALUES (217153, '2017-09-13 13:01:06.031', NULL, NULL, 'READY_TO_DEPLOY', 'All subsystems built. Ready to deployment', 'BatchTest', 216762, 'false', NULL);
INSERT INTO  release_version  ( id ,  creation_date ,  deletion_date ,  description ,  status ,  status_description ,  version_name ,  release_id ,  quality_validation ,  risk_level ) VALUES (217050, '2017-09-13 10:37:56.634', NULL, 'sdsd', 'READY_TO_DEPLOY', 'All subsystems built. Ready to deployment', 'v1', 217048, 'false', NULL);
INSERT INTO  release_version  ( id ,  creation_date ,  deletion_date ,  description ,  status ,  status_description ,  version_name ,  release_id ,  quality_validation ,  risk_level ) VALUES (215741, '2017-09-11 09:09:07.174', NULL, 'dss', 'ERRORS', 'Error generando el subsistema calypso con Tag: v4.0.2. Error: KLYR_CALYPSO_BUILD', 'v1', 215740, NULL, NULL);
INSERT INTO  release_version  ( id ,  creation_date ,  deletion_date ,  description ,  status ,  status_description ,  version_name ,  release_id ,  quality_validation ,  risk_level ) VALUES (204023, '2017-08-31 16:49:57.27', NULL, 'Version para realizar la validacion de BRS ', 'READY_TO_DEPLOY', 'All subsystems built. Ready to deployment', 'Version3.1', 203902, 'false', NULL);
INSERT INTO  release_version  ( id ,  creation_date ,  deletion_date ,  description ,  status ,  status_description ,  version_name ,  release_id ,  quality_validation ,  risk_level ) VALUES (203819, '2017-08-31 15:53:17.154', NULL, 'V1.0', 'READY_TO_DEPLOY', 'All subsystems built. Ready to deployment', 'V1.0', 203818, 'false', NULL);
INSERT INTO  release_version  ( id ,  creation_date ,  deletion_date ,  description ,  status ,  status_description ,  version_name ,  release_id ,  quality_validation ,  risk_level ) VALUES (203720, '2017-08-31 15:40:17.403', NULL, 'v1.0', 'ERRORS', 'Error generando el subsistema ePhoenixBatch con Tag: v1.0. Error: QWJJ_EPHOENIXBATCH_BUILD', 'v1.0', 203717, NULL, NULL);
INSERT INTO  release_version  ( id ,  creation_date ,  deletion_date ,  description ,  status ,  status_description ,  version_name ,  release_id ,  quality_validation ,  risk_level ) VALUES (203672, '2017-08-31 15:36:04.808', NULL, 'v2.0', 'ERRORS', 'Error generando el subsistema ePhoenixBatch con Tag: v1.0. Error: QWJJ_EPHOENIXBATCH_BUILD', 'v2.0', 203665, NULL, NULL);
INSERT INTO  release_version  ( id ,  creation_date ,  deletion_date ,  description ,  status ,  status_description ,  version_name ,  release_id ,  quality_validation ,  risk_level ) VALUES (203187, '2017-08-31 11:39:09.949', NULL, '1', 'ERRORS', 'Error generando el subsistema SBSPRUEBA con Tag: v1.0. Error: XYZT_SBSPRUEBA_BUILD', '1', 203186, 'false', NULL);
INSERT INTO  release_version  ( id ,  creation_date ,  deletion_date ,  description ,  status ,  status_description ,  version_name ,  release_id ,  quality_validation ,  risk_level ) VALUES (201575, '2017-08-30 16:12:57.169', NULL, 'P009', 'READY_TO_DEPLOY', 'All subsystems built. Ready to deployment', 'P009', 138062, 'false', NULL);
INSERT INTO  release_version  ( id ,  creation_date ,  deletion_date ,  description ,  status ,  status_description ,  version_name ,  release_id ,  quality_validation ,  risk_level ) VALUES (201521, '2017-08-30 16:05:50.621', NULL, 'descripcion', 'READY_TO_DEPLOY', 'All subsystems built. Ready to deployment', 'xse4.8', 174189, 'false', NULL);
INSERT INTO  release_version  ( id ,  creation_date ,  deletion_date ,  description ,  status ,  status_description ,  version_name ,  release_id ,  quality_validation ,  risk_level ) VALUES (201028, '2017-08-30 11:07:36.428', NULL, 'Release version de test 2', 'READY_TO_DEPLOY', 'All subsystems built. Ready to deployment', 'test_release_version_2', 55994, 'false', NULL);
INSERT INTO  release_version  ( id ,  creation_date ,  deletion_date ,  description ,  status ,  status_description ,  version_name ,  release_id ,  quality_validation ,  risk_level ) VALUES (197896, '2017-08-28 16:08:02.381', NULL, 'Version de test 1', 'READY_TO_DEPLOY', 'All subsystems built. Ready to deployment', 'test_version_1', 55994, 'false', NULL);
INSERT INTO  release_version  ( id ,  creation_date ,  deletion_date ,  description ,  status ,  status_description ,  version_name ,  release_id ,  quality_validation ,  risk_level ) VALUES (193795, '2017-08-25 14:55:35.704', NULL, NULL, 'READY_TO_DEPLOY', 'All subsystems built. Ready to deployment', '3.1BRS', 55994, 'false', NULL);
INSERT INTO  release_version  ( id ,  creation_date ,  deletion_date ,  description ,  status ,  status_description ,  version_name ,  release_id ,  quality_validation ,  risk_level ) VALUES (174322, '2017-08-18 09:18:34.795', NULL, 'P014 + javax.persistence fix version', 'READY_TO_DEPLOY', 'All subsystems built. Ready to deployment', 'v4.0.1', 174189, 'false', NULL);
INSERT INTO  release_version  ( id ,  creation_date ,  deletion_date ,  description ,  status ,  status_description ,  version_name ,  release_id ,  quality_validation ,  risk_level ) VALUES (174190, '2017-08-18 09:04:03.016', NULL, 'JNDI P014', 'READY_TO_DEPLOY', 'All subsystems built. Ready to deployment', 'v4.0.0', 174189, 'false', NULL);
INSERT INTO  release_version  ( id ,  creation_date ,  deletion_date ,  description ,  status ,  status_description ,  version_name ,  release_id ,  quality_validation ,  risk_level ) VALUES (171624, '2017-08-17 16:27:28.717', NULL, 'otro fix', 'READY_TO_DEPLOY', 'All subsystems built. Ready to deployment', 'v3.0.4', 169818, 'false', NULL);
INSERT INTO  release_version  ( id ,  creation_date ,  deletion_date ,  description ,  status ,  status_description ,  version_name ,  release_id ,  quality_validation ,  risk_level ) VALUES (171505, '2017-08-17 16:17:10.62', NULL, 'fix propery handler', 'READY_TO_DEPLOY', 'All subsystems built. Ready to deployment', 'v3.0.3', 169818, 'false', NULL);
INSERT INTO  release_version  ( id ,  creation_date ,  deletion_date ,  description ,  status ,  status_description ,  version_name ,  release_id ,  quality_validation ,  risk_level ) VALUES (171373, '2017-08-17 16:04:23.479', NULL, 'nueva stbl release pom fix', 'READY_TO_DEPLOY', 'All subsystems built. Ready to deployment', 'v3.0.2', 169818, 'false', NULL);
INSERT INTO  release_version  ( id ,  creation_date ,  deletion_date ,  description ,  status ,  status_description ,  version_name ,  release_id ,  quality_validation ,  risk_level ) VALUES (171304, '2017-08-17 15:54:55.271', NULL, 'Fix del pom', 'ERRORS', 'Error generando el subsistema calypso con Tag: v3.0.1. Error: KLYR_CALYPSO_BUILD', 'v3.0.1', 169818, NULL, NULL);
INSERT INTO  release_version  ( id ,  creation_date ,  deletion_date ,  description ,  status ,  status_description ,  version_name ,  release_id ,  quality_validation ,  risk_level ) VALUES (169820, '2017-08-17 11:10:11.554', NULL, 'Nueva version de acceso a BD', 'READY_TO_DEPLOY', 'All subsystems built. Ready to deployment', 'v3.0', 169818, 'false', NULL);
INSERT INTO  release_version  ( id ,  creation_date ,  deletion_date ,  description ,  status ,  status_description ,  version_name ,  release_id ,  quality_validation ,  risk_level ) VALUES (148922, '2017-08-11 11:32:14.929', NULL, 'Fixes compile issues from IMPL', 'READY_TO_DEPLOY', 'All subsystems built. Ready to deployment', 'v2.0.4', 145429, 'false', NULL);
INSERT INTO  release_version  ( id ,  creation_date ,  deletion_date ,  description ,  status ,  status_description ,  version_name ,  release_id ,  quality_validation ,  risk_level ) VALUES (148223, '2017-08-11 09:23:42.172', NULL, 'Fix emory kill', 'READY_TO_DEPLOY', 'All subsystems built. Ready to deployment', 'v2.0.3', 145429, 'false', NULL);
INSERT INTO  release_version  ( id ,  creation_date ,  deletion_date ,  description ,  status ,  status_description ,  version_name ,  release_id ,  quality_validation ,  risk_level ) VALUES (148116, '2017-08-11 09:12:55.31', NULL, 'P008', 'READY_TO_DEPLOY', 'All subsystems built. Ready to deployment', 'P008', 138062, 'false', NULL);
INSERT INTO  release_version  ( id ,  creation_date ,  deletion_date ,  description ,  status ,  status_description ,  version_name ,  release_id ,  quality_validation ,  risk_level ) VALUES (147949, '2017-08-11 08:58:38.805', NULL, 'Incorporacion de kill en WebServices', 'READY_TO_DEPLOY', 'All subsystems built. Ready to deployment', 'v2.0.2', 145429, 'false', NULL);
INSERT INTO  release_version  ( id ,  creation_date ,  deletion_date ,  description ,  status ,  status_description ,  version_name ,  release_id ,  quality_validation ,  risk_level ) VALUES (147914, '2017-08-11 08:56:45.467', NULL, 'P006', 'READY_TO_DEPLOY', 'All subsystems built. Ready to deployment', 'P006', 138062, 'false', NULL);
INSERT INTO  release_version  ( id ,  creation_date ,  deletion_date ,  description ,  status ,  status_description ,  version_name ,  release_id ,  quality_validation ,  risk_level ) VALUES (145505, '2017-08-10 16:04:53.837', NULL, 'nueva version librerias y transacciones ', 'READY_TO_DEPLOY', 'All subsystems built. Ready to deployment', 'v2.0.1', 145429, 'false', NULL);
INSERT INTO  release_version  ( id ,  creation_date ,  deletion_date ,  description ,  status ,  status_description ,  version_name ,  release_id ,  quality_validation ,  risk_level ) VALUES (145430, '2017-08-10 15:49:43.43', NULL, 'Segunda release ', 'ERRORS', 'Error generando el subsistema calypso con Tag: v2.0. Error: KLYR_CALYPSO_BUILD', 'v2.0', 145429, NULL, NULL);
INSERT INTO  release_version  ( id ,  creation_date ,  deletion_date ,  description ,  status ,  status_description ,  version_name ,  release_id ,  quality_validation ,  risk_level ) VALUES (144515, '2017-08-10 08:24:24.248', NULL, 'aasd', 'ERRORS', 'Error generando el subsistema Adri con Tag: v1.0. Error: AAAA_ADRI_BUILD', 'v3', 142070, 'false', NULL);
INSERT INTO  release_version  ( id ,  creation_date ,  deletion_date ,  description ,  status ,  status_description ,  version_name ,  release_id ,  quality_validation ,  risk_level ) VALUES (142175, '2017-08-09 12:11:54.66', NULL, 'zxcz', 'READY_TO_DEPLOY', 'All subsystems built. Ready to deployment', 'xz', 142070, 'false', NULL);
INSERT INTO  release_version  ( id ,  creation_date ,  deletion_date ,  description ,  status ,  status_description ,  version_name ,  release_id ,  quality_validation ,  risk_level ) VALUES (142141, '2017-08-09 12:05:27.865', NULL, 'sdfs', 'READY_TO_DEPLOY', 'All subsystems built. Ready to deployment', 'sdf', 142070, 'false', NULL);
INSERT INTO  release_version  ( id ,  creation_date ,  deletion_date ,  description ,  status ,  status_description ,  version_name ,  release_id ,  quality_validation ,  risk_level ) VALUES (142103, '2017-08-09 11:56:31.69', NULL, 'asdasd', 'READY_TO_DEPLOY', 'All subsystems built. Ready to deployment', 'sas', 142070, 'false', NULL);
INSERT INTO  release_version  ( id ,  creation_date ,  deletion_date ,  description ,  status ,  status_description ,  version_name ,  release_id ,  quality_validation ,  risk_level ) VALUES (142073, '2017-08-09 11:55:13.483', NULL, 'sdcsd', 'ERRORS', 'Error generando el subsistema Adri con Tag: v1.0. Error: AAAA_ADRI_BUILD', 'v1.0', 142070, 'false', NULL);
INSERT INTO  release_version  ( id ,  creation_date ,  deletion_date ,  description ,  status ,  status_description ,  version_name ,  release_id ,  quality_validation ,  risk_level ) VALUES (142023, '2017-08-09 11:50:39.116', NULL, 'sacasc', 'READY_TO_DEPLOY', 'All subsystems built. Ready to deployment', 'ascasc', 118270, 'false', NULL);
INSERT INTO  release_version  ( id ,  creation_date ,  deletion_date ,  description ,  status ,  status_description ,  version_name ,  release_id ,  quality_validation ,  risk_level ) VALUES (141970, '2017-08-09 11:49:56.002', NULL, 'sdvsdv', 'READY_TO_DEPLOY', 'All subsystems built. Ready to deployment', 'sdvs', 118270, 'false', NULL);
INSERT INTO  release_version  ( id ,  creation_date ,  deletion_date ,  description ,  status ,  status_description ,  version_name ,  release_id ,  quality_validation ,  risk_level ) VALUES (141880, '2017-08-09 11:47:52.492', NULL, 'asdada', 'ERRORS', 'Error generando el subsistema PrimerSubsistema con Tag: v2.0. Error: PRUE_PRIMERSUBSISTEMA_BUILD', 'asdad', 118270, 'false', NULL);
INSERT INTO  release_version  ( id ,  creation_date ,  deletion_date ,  description ,  status ,  status_description ,  version_name ,  release_id ,  quality_validation ,  risk_level ) VALUES (141835, '2017-08-09 11:47:04.949', NULL, 'dfgd', 'ERRORS', 'Error generando el subsistema PrimerSubsistema con Tag: v2.0. Error: PRUE_PRIMERSUBSISTEMA_BUILD', 'dfgdf', 118270, NULL, NULL);
INSERT INTO  release_version  ( id ,  creation_date ,  deletion_date ,  description ,  status ,  status_description ,  version_name ,  release_id ,  quality_validation ,  risk_level ) VALUES (141790, '2017-08-09 11:46:13.358', NULL, 'sfsf', 'ERRORS', 'Error generando el subsistema PrimerSubsistema con Tag: v2.0. Error: PRUE_PRIMERSUBSISTEMA_BUILD', 'sfs', 118270, NULL, NULL);
INSERT INTO  release_version  ( id ,  creation_date ,  deletion_date ,  description ,  status ,  status_description ,  version_name ,  release_id ,  quality_validation ,  risk_level ) VALUES (141737, '2017-08-09 11:44:32.287', NULL, 'adad', 'ERRORS', 'Error generando el subsistema PrimerSubsistema con Tag: v2.0. Error: PRUE_PRIMERSUBSISTEMA_BUILD', 'dad', 118270, NULL, NULL);
INSERT INTO  release_version  ( id ,  creation_date ,  deletion_date ,  description ,  status ,  status_description ,  version_name ,  release_id ,  quality_validation ,  risk_level ) VALUES (141692, '2017-08-09 11:41:49.21', NULL, 'adada', 'ERRORS', 'Error generando el subsistema SubsistemaEphoenix con Tag: v3.0. Error: AAAA_SUBSISTEMAEPHOENIX_BUILD', 'ada', 139017, NULL, NULL);
INSERT INTO  release_version  ( id ,  creation_date ,  deletion_date ,  description ,  status ,  status_description ,  version_name ,  release_id ,  quality_validation ,  risk_level ) VALUES (141495, '2017-08-09 10:06:58.74', NULL, 'sdfsf', 'ERRORS', 'Error generando el subsistema SubsistemaEphoenix con Tag: v3.0. Error: AAAA_SUBSISTEMAEPHOENIX_BUILD', 'sdfs', 139017, NULL, NULL);
INSERT INTO  release_version  ( id ,  creation_date ,  deletion_date ,  description ,  status ,  status_description ,  version_name ,  release_id ,  quality_validation ,  risk_level ) VALUES (141402, '2017-08-09 09:38:44.548', NULL, 'sdcvs', 'ERRORS', 'Error generando el subsistema SubsistemaEphoenix con Tag: v3.0. Error: AAAA_SUBSISTEMAEPHOENIX_BUILD', 'w', 139017, NULL, NULL);
INSERT INTO  release_version  ( id ,  creation_date ,  deletion_date ,  description ,  status ,  status_description ,  version_name ,  release_id ,  quality_validation ,  risk_level ) VALUES (141341, '2017-08-09 09:28:36.962', NULL, 'd', 'ERRORS', 'Error generando el subsistema SubsistemaEphoenix con Tag: v3.0. Error: AAAA_SUBSISTEMAEPHOENIX_BUILD', 'df', 139017, NULL, NULL);
INSERT INTO  release_version  ( id ,  creation_date ,  deletion_date ,  description ,  status ,  status_description ,  version_name ,  release_id ,  quality_validation ,  risk_level ) VALUES (141296, '2017-08-09 09:26:26.54', NULL, 'fhfhgf', 'ERRORS', 'Error generando el subsistema SubsistemaEphoenix con Tag: v3.0. Error: AAAA_SUBSISTEMAEPHOENIX_BUILD', 'hgfhfh', 139017, NULL, NULL);
INSERT INTO  release_version  ( id ,  creation_date ,  deletion_date ,  description ,  status ,  status_description ,  version_name ,  release_id ,  quality_validation ,  risk_level ) VALUES (141243, '2017-08-09 09:23:52.091', NULL, 'ada', 'ERRORS', 'Error generando el subsistema SubsistemaEphoenix con Tag: v3.0. Error: AAAA_SUBSISTEMAEPHOENIX_BUILD', 'd', 139017, NULL, NULL);
INSERT INTO  release_version  ( id ,  creation_date ,  deletion_date ,  description ,  status ,  status_description ,  version_name ,  release_id ,  quality_validation ,  risk_level ) VALUES (141182, '2017-08-09 09:13:54.051', NULL, 'dfs', 'READY_TO_DEPLOY', 'All subsystems built. Ready to deployment', 'f', 139017, 'false', NULL);
INSERT INTO  release_version  ( id ,  creation_date ,  deletion_date ,  description ,  status ,  status_description ,  version_name ,  release_id ,  quality_validation ,  risk_level ) VALUES (139405, '2017-08-08 15:11:49.647', NULL, 'erg', 'ERRORS', 'Error generando el subsistema SubsistemaEphoenix con Tag: v3.0. Error: AAAA_SUBSISTEMAEPHOENIX_BUILD', '5', 139017, NULL, NULL);
INSERT INTO  release_version  ( id ,  creation_date ,  deletion_date ,  description ,  status ,  status_description ,  version_name ,  release_id ,  quality_validation ,  risk_level ) VALUES (139355, '2017-08-08 15:10:10.713', NULL, 'vv', 'READY_TO_DEPLOY', 'All subsystems built. Ready to deployment', '4', 139017, 'false', NULL);
INSERT INTO  release_version  ( id ,  creation_date ,  deletion_date ,  description ,  status ,  status_description ,  version_name ,  release_id ,  quality_validation ,  risk_level ) VALUES (139262, '2017-08-08 15:07:29.52', NULL, 'sfsf', 'ERRORS', 'Error generando el subsistema SubsistemaEphoenix con Tag: v3.0. Error: AAAA_SUBSISTEMAEPHOENIX_BUILD', '2', 139017, NULL, NULL);
INSERT INTO  release_version  ( id ,  creation_date ,  deletion_date ,  description ,  status ,  status_description ,  version_name ,  release_id ,  quality_validation ,  risk_level ) VALUES (139210, '2017-08-08 15:05:47.27', NULL, 'ada', 'ERRORS', 'Error generando el subsistema SubsistemaEphoenix con Tag: v3.0. Error: AAAA_SUBSISTEMAEPHOENIX_BUILD', '1', 139017, NULL, NULL);
INSERT INTO  release_version  ( id ,  creation_date ,  deletion_date ,  description ,  status ,  status_description ,  version_name ,  release_id ,  quality_validation ,  risk_level ) VALUES (139164, '2017-08-08 15:03:08.352', NULL, 'adada', 'ERRORS', 'Error generando el subsistema SubsistemaEphoenix con Tag: v3.0. Error: AAAA_SUBSISTEMAEPHOENIX_BUILD', 'v3', 139017, NULL, NULL);
INSERT INTO  release_version  ( id ,  creation_date ,  deletion_date ,  description ,  status ,  status_description ,  version_name ,  release_id ,  quality_validation ,  risk_level ) VALUES (138826, '2017-08-08 13:29:43.995', NULL, 'Pruebas en el Pom', 'READY_TO_DEPLOY', 'All subsystems built. Ready to deployment', 'v1.0.2', 138432, 'false', NULL);
INSERT INTO  release_version  ( id ,  creation_date ,  deletion_date ,  description ,  status ,  status_description ,  version_name ,  release_id ,  quality_validation ,  risk_level ) VALUES (138502, '2017-08-08 12:29:49.473', NULL, 'Version con libraries', 'READY_TO_DEPLOY', 'All subsystems built. Ready to deployment', 'v1.0.1', 138432, 'false', NULL);
INSERT INTO  release_version  ( id ,  creation_date ,  deletion_date ,  description ,  status ,  status_description ,  version_name ,  release_id ,  quality_validation ,  risk_level ) VALUES (138449, '2017-08-08 12:24:35.525', NULL, 'Primera versión de certificación de ePhoenix en NOVA uuaa KLYR', 'READY_TO_DEPLOY', 'All subsystems built. Ready to deployment', 'v1.0', 138432, 'false', NULL);
INSERT INTO  release_version  ( id ,  creation_date ,  deletion_date ,  description ,  status ,  status_description ,  version_name ,  release_id ,  quality_validation ,  risk_level ) VALUES (138190, '2017-08-08 10:12:57.808', NULL, NULL, 'READY_TO_DEPLOY', 'All subsystems built. Ready to deployment', 'R13TestFinal', 138189, 'false', NULL);
INSERT INTO  release_version  ( id ,  creation_date ,  deletion_date ,  description ,  status ,  status_description ,  version_name ,  release_id ,  quality_validation ,  risk_level ) VALUES (138128, '2017-08-08 09:52:38.388', NULL, NULL, 'READY_TO_DEPLOY', 'All subsystems built. Ready to deployment', 'P007', 138062, 'false', NULL);
INSERT INTO  release_version  ( id ,  creation_date ,  deletion_date ,  description ,  status ,  status_description ,  version_name ,  release_id ,  quality_validation ,  risk_level ) VALUES (136401, '2017-08-07 12:06:12.282', NULL, 'v1.0', 'ERRORS', 'Error generando el subsistema Subsistema con Tag: v1.0. Error: QWJJ_SUBSISTEMA_BUILD', 'v1.0', 136351, NULL, NULL);
INSERT INTO  release_version  ( id ,  creation_date ,  deletion_date ,  description ,  status ,  status_description ,  version_name ,  release_id ,  quality_validation ,  risk_level ) VALUES (136352, '2017-08-07 12:01:16.533', NULL, 'DJLJKDAD', 'READY_TO_DEPLOY', 'All subsystems built. Ready to deployment', 'V1.0', 136351, 'false', NULL);
INSERT INTO  release_version  ( id ,  creation_date ,  deletion_date ,  description ,  status ,  status_description ,  version_name ,  release_id ,  quality_validation ,  risk_level ) VALUES (136082, '2017-08-07 09:38:18.201', NULL, 'daada', 'READY_TO_DEPLOY', 'All subsystems built. Ready to deployment', 'v3.0', 136027, 'false', NULL);
INSERT INTO  release_version  ( id ,  creation_date ,  deletion_date ,  description ,  status ,  status_description ,  version_name ,  release_id ,  quality_validation ,  risk_level ) VALUES (124849, '2017-08-03 13:01:11.385', NULL, 'Para mostrar', 'READY_TO_DEPLOY', 'All subsystems built. Ready to deployment', 'show', 55994, 'false', NULL);
INSERT INTO  release_version  ( id ,  creation_date ,  deletion_date ,  description ,  status ,  status_description ,  version_name ,  release_id ,  quality_validation ,  risk_level ) VALUES (120638, '2017-08-01 15:45:42.197', NULL, 'primera subida', 'READY_TO_DEPLOY', 'All subsystems built. Ready to deployment', 'v3.0', 120607, 'false', NULL);
INSERT INTO  release_version  ( id ,  creation_date ,  deletion_date ,  description ,  status ,  status_description ,  version_name ,  release_id ,  quality_validation ,  risk_level ) VALUES (119781, '2017-08-01 09:26:37.025', NULL, 'Segunda releas', 'READY_TO_DEPLOY', 'All subsystems built. Ready to deployment', 'v2.0', 119776, 'false', NULL);
INSERT INTO  release_version  ( id ,  creation_date ,  deletion_date ,  description ,  status ,  status_description ,  version_name ,  release_id ,  quality_validation ,  risk_level ) VALUES (118389, '2017-07-31 13:57:12.321', NULL, 'Primera versión del código', 'READY_TO_DEPLOY', 'All subsystems built. Ready to deployment', 'Version_1', 118270, 'false', NULL);
INSERT INTO  release_version  ( id ,  creation_date ,  deletion_date ,  description ,  status ,  status_description ,  version_name ,  release_id ,  quality_validation ,  risk_level ) VALUES (112628, '2017-07-27 11:57:49.936', NULL, 'Version 3', 'READY_TO_DEPLOY', 'All subsystems built. Ready to deployment', 'v3.0', 112079, 'false', NULL);
INSERT INTO  release_version  ( id ,  creation_date ,  deletion_date ,  description ,  status ,  status_description ,  version_name ,  release_id ,  quality_validation ,  risk_level ) VALUES (112569, '2017-07-27 11:53:07.908', NULL, 'Version 2', 'READY_TO_DEPLOY', 'All subsystems built. Ready to deployment', 'v2.0', 112079, 'false', NULL);
INSERT INTO  release_version  ( id ,  creation_date ,  deletion_date ,  description ,  status ,  status_description ,  version_name ,  release_id ,  quality_validation ,  risk_level ) VALUES (112108, '2017-07-27 09:42:59.969', NULL, 'Version 1 de la Release 5', 'READY_TO_DEPLOY', 'All subsystems built. Ready to deployment', 'v1.0', 112079, 'false', NULL);
INSERT INTO  release_version  ( id ,  creation_date ,  deletion_date ,  description ,  status ,  status_description ,  version_name ,  release_id ,  quality_validation ,  risk_level ) VALUES (108631, '2017-07-26 14:40:51.02', NULL, NULL, 'READY_TO_DEPLOY', 'All subsystems built. Ready to deployment', 'v1.0.27', 85936, 'false', NULL);
INSERT INTO  release_version  ( id ,  creation_date ,  deletion_date ,  description ,  status ,  status_description ,  version_name ,  release_id ,  quality_validation ,  risk_level ) VALUES (107829, '2017-07-26 12:07:39.766', NULL, 'Version 1 de la Release 2', 'READY_TO_DEPLOY', 'All subsystems built. Ready to deployment', 'v1.0', 107812, 'false', NULL);
INSERT INTO  release_version  ( id ,  creation_date ,  deletion_date ,  description ,  status ,  status_description ,  version_name ,  release_id ,  quality_validation ,  risk_level ) VALUES (107816, '2017-07-26 12:06:56.77', NULL, NULL, 'READY_TO_DEPLOY', 'All subsystems built. Ready to deployment', 'v1.0.26', 85936, 'false', NULL);
INSERT INTO  release_version  ( id ,  creation_date ,  deletion_date ,  description ,  status ,  status_description ,  version_name ,  release_id ,  quality_validation ,  risk_level ) VALUES (107747, '2017-07-26 11:50:14.809', NULL, 'v1.0.25', 'READY_TO_DEPLOY', 'All subsystems built. Ready to deployment', 'v1.0.25', 85936, 'false', NULL);
INSERT INTO  release_version  ( id ,  creation_date ,  deletion_date ,  description ,  status ,  status_description ,  version_name ,  release_id ,  quality_validation ,  risk_level ) VALUES (104566, '2017-07-25 17:09:53.001', NULL, NULL, 'READY_TO_DEPLOY', 'All subsystems built. Ready to deployment', 'v1.0.24', 85936, 'false', NULL);
INSERT INTO  release_version  ( id ,  creation_date ,  deletion_date ,  description ,  status ,  status_description ,  version_name ,  release_id ,  quality_validation ,  risk_level ) VALUES (104444, '2017-07-25 16:32:10.001', NULL, NULL, 'READY_TO_DEPLOY', 'All subsystems built. Ready to deployment', 'v1.0.23', 85936, 'false', NULL);
INSERT INTO  release_version  ( id ,  creation_date ,  deletion_date ,  description ,  status ,  status_description ,  version_name ,  release_id ,  quality_validation ,  risk_level ) VALUES (104389, '2017-07-25 16:21:32.342', NULL, NULL, 'READY_TO_DEPLOY', 'All subsystems built. Ready to deployment', 'v1.0.22', 85936, 'false', NULL);
INSERT INTO  release_version  ( id ,  creation_date ,  deletion_date ,  description ,  status ,  status_description ,  version_name ,  release_id ,  quality_validation ,  risk_level ) VALUES (104334, '2017-07-25 16:10:55.569', NULL, NULL, 'READY_TO_DEPLOY', 'All subsystems built. Ready to deployment', 'v1.0.21', 85936, 'false', NULL);
INSERT INTO  release_version  ( id ,  creation_date ,  deletion_date ,  description ,  status ,  status_description ,  version_name ,  release_id ,  quality_validation ,  risk_level ) VALUES (104266, '2017-07-25 15:57:43.029', NULL, NULL, 'READY_TO_DEPLOY', 'All subsystems built. Ready to deployment', 'v1.0.20', 85936, 'false', NULL);
INSERT INTO  release_version  ( id ,  creation_date ,  deletion_date ,  description ,  status ,  status_description ,  version_name ,  release_id ,  quality_validation ,  risk_level ) VALUES (104046, '2017-07-25 14:57:28.718', NULL, 'v1.0.19', 'ERRORS', 'Error generando el subsistema back con Tag: v1.0.19. Error: LUPR_BACK_BUILD', 'v1.0.19', 85936, NULL, NULL);
INSERT INTO  release_version  ( id ,  creation_date ,  deletion_date ,  description ,  status ,  status_description ,  version_name ,  release_id ,  quality_validation ,  risk_level ) VALUES (103890, '2017-07-25 14:25:41.809', NULL, 'v1.0.18', 'READY_TO_DEPLOY', 'All subsystems built. Ready to deployment', 'v1.0.18', 85936, 'false', NULL);
INSERT INTO  release_version  ( id ,  creation_date ,  deletion_date ,  description ,  status ,  status_description ,  version_name ,  release_id ,  quality_validation ,  risk_level ) VALUES (103657, '2017-07-25 13:04:11.479', NULL, 'v1.0.16', 'READY_TO_DEPLOY', 'All subsystems built. Ready to deployment', 'v1.0.16', 85936, 'false', NULL);
INSERT INTO  release_version  ( id ,  creation_date ,  deletion_date ,  description ,  status ,  status_description ,  version_name ,  release_id ,  quality_validation ,  risk_level ) VALUES (102731, '2017-07-25 09:55:27.224', NULL, 'v1.0.14', 'READY_TO_DEPLOY', 'All subsystems built. Ready to deployment', 'v1.0.14', 85936, 'false', NULL);
INSERT INTO  release_version  ( id ,  creation_date ,  deletion_date ,  description ,  status ,  status_description ,  version_name ,  release_id ,  quality_validation ,  risk_level ) VALUES (102624, '2017-07-25 09:48:58.358', NULL, 'Version 1.0', 'READY_TO_DEPLOY', 'All subsystems built. Ready to deployment', 'v1.0', 102487, 'false', NULL);
INSERT INTO  release_version  ( id ,  creation_date ,  deletion_date ,  description ,  status ,  status_description ,  version_name ,  release_id ,  quality_validation ,  risk_level ) VALUES (102451, '2017-07-25 09:29:27.601', NULL, 'v1.0.13', 'READY_TO_DEPLOY', 'All subsystems built. Ready to deployment', 'v1.0.13', 85936, 'false', NULL);
INSERT INTO  release_version  ( id ,  creation_date ,  deletion_date ,  description ,  status ,  status_description ,  version_name ,  release_id ,  quality_validation ,  risk_level ) VALUES (90872, '2017-07-21 14:19:47.397', NULL, 'fdsfsfsfsd', 'READY_TO_DEPLOY', 'All subsystems built. Ready to deployment', 'sdfsd', 85936, 'false', NULL);
INSERT INTO  release_version  ( id ,  creation_date ,  deletion_date ,  description ,  status ,  status_description ,  version_name ,  release_id ,  quality_validation ,  risk_level ) VALUES (90663, '2017-07-21 12:47:10.006', NULL, 'v1.0.12', 'READY_TO_DEPLOY', 'All subsystems built. Ready to deployment', 'v1.0.12', 85936, 'false', NULL);
INSERT INTO  release_version  ( id ,  creation_date ,  deletion_date ,  description ,  status ,  status_description ,  version_name ,  release_id ,  quality_validation ,  risk_level ) VALUES (90501, '2017-07-21 12:39:37.73', NULL, 'R13', 'READY_TO_DEPLOY', 'All subsystems built. Ready to deployment', 'R13', 80321, 'false', NULL);
INSERT INTO  release_version  ( id ,  creation_date ,  deletion_date ,  description ,  status ,  status_description ,  version_name ,  release_id ,  quality_validation ,  risk_level ) VALUES (90146, '2017-07-21 10:16:27.677', NULL, 'Front y back juntos', 'READY_TO_DEPLOY', 'All subsystems built. Ready to deployment', 'V12', 80321, 'false', NULL);
INSERT INTO  release_version  ( id ,  creation_date ,  deletion_date ,  description ,  status ,  status_description ,  version_name ,  release_id ,  quality_validation ,  risk_level ) VALUES (90114, '2017-07-21 10:12:27.857', NULL, 'v1.0.11', 'READY_TO_DEPLOY', 'All subsystems built. Ready to deployment', 'v1.0.11', 85936, 'false', NULL);
INSERT INTO  release_version  ( id ,  creation_date ,  deletion_date ,  description ,  status ,  status_description ,  version_name ,  release_id ,  quality_validation ,  risk_level ) VALUES (89976, '2017-07-21 09:33:40.341', NULL, 'v11', 'READY_TO_DEPLOY', 'All subsystems built. Ready to deployment', 'v11', 80321, 'false', NULL);
INSERT INTO  release_version  ( id ,  creation_date ,  deletion_date ,  description ,  status ,  status_description ,  version_name ,  release_id ,  quality_validation ,  risk_level ) VALUES (86610, '2017-07-20 11:23:40.338', NULL, 'v1.0.10', 'READY_TO_DEPLOY', 'All subsystems built. Ready to deployment', 'v1.0.10', 85936, 'false', NULL);
INSERT INTO  release_version  ( id ,  creation_date ,  deletion_date ,  description ,  status ,  status_description ,  version_name ,  release_id ,  quality_validation ,  risk_level ) VALUES (86565, '2017-07-20 11:11:03.021', NULL, 'v1.0.9', 'READY_TO_DEPLOY', 'All subsystems built. Ready to deployment', 'v1.0.9', 85936, 'false', NULL);
INSERT INTO  release_version  ( id ,  creation_date ,  deletion_date ,  description ,  status ,  status_description ,  version_name ,  release_id ,  quality_validation ,  risk_level ) VALUES (86494, '2017-07-20 10:48:19.196', NULL, 'v1.0.8', 'READY_TO_DEPLOY', 'All subsystems built. Ready to deployment', 'v1.0.8', 85936, 'false', NULL);
INSERT INTO  release_version  ( id ,  creation_date ,  deletion_date ,  description ,  status ,  status_description ,  version_name ,  release_id ,  quality_validation ,  risk_level ) VALUES (86366, '2017-07-20 09:57:20.572', NULL, 'v1.0.7', 'READY_TO_DEPLOY', 'All subsystems built. Ready to deployment', 'v1.0.7', 85936, 'false', NULL);
INSERT INTO  release_version  ( id ,  creation_date ,  deletion_date ,  description ,  status ,  status_description ,  version_name ,  release_id ,  quality_validation ,  risk_level ) VALUES (86335, '2017-07-20 09:37:35.673', NULL, 'v1.0.6', 'READY_TO_DEPLOY', 'All subsystems built. Ready to deployment', 'v1.0.6', 85936, 'false', NULL);
INSERT INTO  release_version  ( id ,  creation_date ,  deletion_date ,  description ,  status ,  status_description ,  version_name ,  release_id ,  quality_validation ,  risk_level ) VALUES (86143, '2017-07-19 14:41:05.143', NULL, NULL, 'READY_TO_DEPLOY', 'All subsystems built. Ready to deployment', 'v8', 80321, 'false', NULL);
INSERT INTO  release_version  ( id ,  creation_date ,  deletion_date ,  description ,  status ,  status_description ,  version_name ,  release_id ,  quality_validation ,  risk_level ) VALUES (86103, '2017-07-19 11:38:43.929', NULL, 'v1.0.5', 'READY_TO_DEPLOY', 'All subsystems built. Ready to deployment', 'v1.0.5', 85936, 'false', NULL);
INSERT INTO  release_version  ( id ,  creation_date ,  deletion_date ,  description ,  status ,  status_description ,  version_name ,  release_id ,  quality_validation ,  risk_level ) VALUES (86084, '2017-07-19 10:51:08.253', NULL, 'v1.0.3', 'READY_TO_DEPLOY', 'All subsystems built. Ready to deployment', 'v1.0.3', 85936, 'false', NULL);
INSERT INTO  release_version  ( id ,  creation_date ,  deletion_date ,  description ,  status ,  status_description ,  version_name ,  release_id ,  quality_validation ,  risk_level ) VALUES (86058, '2017-07-19 08:59:22.079', NULL, 'v1.0.2', 'READY_TO_DEPLOY', 'All subsystems built. Ready to deployment', 'v1.0.2', 85936, 'false', NULL);
INSERT INTO  release_version  ( id ,  creation_date ,  deletion_date ,  description ,  status ,  status_description ,  version_name ,  release_id ,  quality_validation ,  risk_level ) VALUES (86040, '2017-07-19 08:37:05.212', NULL, 'v1.0.1', 'READY_TO_DEPLOY', 'All subsystems built. Ready to deployment', 'v1.0.1', 85936, 'false', NULL);
INSERT INTO  release_version  ( id ,  creation_date ,  deletion_date ,  description ,  status ,  status_description ,  version_name ,  release_id ,  quality_validation ,  risk_level ) VALUES (85985, '2017-07-18 15:46:29.169', NULL, NULL, 'READY_TO_DEPLOY', 'All subsystems built. Ready to deployment', 'v7', 80321, 'false', NULL);
INSERT INTO  release_version  ( id ,  creation_date ,  deletion_date ,  description ,  status ,  status_description ,  version_name ,  release_id ,  quality_validation ,  risk_level ) VALUES (85939, '2017-07-18 14:52:25.071', NULL, 'v1.0.0', 'READY_TO_DEPLOY', 'All subsystems built. Ready to deployment', 'v1.0.0', 85936, 'false', NULL);
INSERT INTO  release_version  ( id ,  creation_date ,  deletion_date ,  description ,  status ,  status_description ,  version_name ,  release_id ,  quality_validation ,  risk_level ) VALUES (85848, '2017-07-18 12:13:08.332', NULL, NULL, 'READY_TO_DEPLOY', 'All subsystems built. Ready to deployment', 'v6', 80321, 'false', NULL);
INSERT INTO  release_version  ( id ,  creation_date ,  deletion_date ,  description ,  status ,  status_description ,  version_name ,  release_id ,  quality_validation ,  risk_level ) VALUES (85759, '2017-07-18 11:10:15.253', NULL, NULL, 'READY_TO_DEPLOY', 'All subsystems built. Ready to deployment', 'R_05', 80321, 'false', NULL);
INSERT INTO  release_version  ( id ,  creation_date ,  deletion_date ,  description ,  status ,  status_description ,  version_name ,  release_id ,  quality_validation ,  risk_level ) VALUES (85646, '2017-07-18 09:39:38.829', NULL, 'V4', 'READY_TO_DEPLOY', 'All subsystems built. Ready to deployment', 'V4', 80321, 'false', NULL);
INSERT INTO  release_version  ( id ,  creation_date ,  deletion_date ,  description ,  status ,  status_description ,  version_name ,  release_id ,  quality_validation ,  risk_level ) VALUES (85522, '2017-07-17 15:27:21.631', NULL, NULL, 'READY_TO_DEPLOY', 'All subsystems built. Ready to deployment', 'v3', 80321, 'false', NULL);
INSERT INTO  release_version  ( id ,  creation_date ,  deletion_date ,  description ,  status ,  status_description ,  version_name ,  release_id ,  quality_validation ,  risk_level ) VALUES (85439, '2017-07-17 12:36:23.221', NULL, NULL, 'READY_TO_DEPLOY', 'All subsystems built. Ready to deployment', 'v2', 80321, 'false', NULL);
INSERT INTO  release_version  ( id ,  creation_date ,  deletion_date ,  description ,  status ,  status_description ,  version_name ,  release_id ,  quality_validation ,  risk_level ) VALUES (85420, '2017-07-17 11:51:05.085', NULL, 'v1', 'READY_TO_DEPLOY', 'All subsystems built. Ready to deployment', 'v1', 80321, 'false', NULL);
INSERT INTO  release_version  ( id ,  creation_date ,  deletion_date ,  description ,  status ,  status_description ,  version_name ,  release_id ,  quality_validation ,  risk_level ) VALUES (85411, '2017-07-17 11:31:15.277', NULL, NULL, 'ERRORS', 'Error generando el subsistema TestSub con Tag: TAG_01. Error: FFDD_TESTSUB_BUILD', 'v2', 80265, NULL, NULL);
INSERT INTO  release_version  ( id ,  creation_date ,  deletion_date ,  description ,  status ,  status_description ,  version_name ,  release_id ,  quality_validation ,  risk_level ) VALUES (85403, '2017-07-17 11:29:44.698', NULL, NULL, 'BUILDING', NULL, 'v03', 40198, NULL, NULL);
INSERT INTO  release_version  ( id ,  creation_date ,  deletion_date ,  description ,  status ,  status_description ,  version_name ,  release_id ,  quality_validation ,  risk_level ) VALUES (80266, '2017-07-12 17:56:02.76', NULL, NULL, 'READY_TO_DEPLOY', 'All subsystems built. Ready to deployment', 'v1', 80265, 'true', NULL);
INSERT INTO  release_version  ( id ,  creation_date ,  deletion_date ,  description ,  status ,  status_description ,  version_name ,  release_id ,  quality_validation ,  risk_level ) VALUES (55995, '2017-07-03 17:04:08.604', NULL, 'Primera release version para probar NOVA', 'READY_TO_DEPLOY', 'All subsystems built. Ready to deployment', 'NOVA3.0', 55994, 'false', NULL);
INSERT INTO  release_version  ( id ,  creation_date ,  deletion_date ,  description ,  status ,  status_description ,  version_name ,  release_id ,  quality_validation ,  risk_level ) VALUES (49612, '2017-06-14 18:10:23.315', NULL, 'Despliegue con la nueva imagen base de nova', 'READY_TO_DEPLOY', 'All subsystems built. Ready to deployment', 'ImagenBas', 38009, 'false', NULL);
INSERT INTO  release_version  ( id ,  creation_date ,  deletion_date ,  description ,  status ,  status_description ,  version_name ,  release_id ,  quality_validation ,  risk_level ) VALUES (49406, '2017-06-14 17:42:09.734', NULL, 'Redespliegue de la version1', 'READY_TO_DEPLOY', 'All subsystems built. Ready to deployment', 'Version1-Redon', 38009, 'false', NULL);
INSERT INTO  release_version  ( id ,  creation_date ,  deletion_date ,  description ,  status ,  status_description ,  version_name ,  release_id ,  quality_validation ,  risk_level ) VALUES (47009, '2017-06-01 16:54:40.724', NULL, 'Otra prueba de Sonar', 'READY_TO_DEPLOY', 'All subsystems built. Ready to deployment', '1.0.3', 46825, 'false', NULL);
INSERT INTO  release_version  ( id ,  creation_date ,  deletion_date ,  description ,  status ,  status_description ,  version_name ,  release_id ,  quality_validation ,  risk_level ) VALUES (46983, '2017-06-01 16:34:39.697', NULL, 'Prueba nueva por problemas de Sonar', 'READY_TO_DEPLOY', 'All subsystems built. Ready to deployment', '1.0.2', 46825, 'false', NULL);
INSERT INTO  release_version  ( id ,  creation_date ,  deletion_date ,  description ,  status ,  status_description ,  version_name ,  release_id ,  quality_validation ,  risk_level ) VALUES (46953, '2017-06-01 15:28:10.748', NULL, 'Pruebas en Sonar de LAB que no ha cogido bien los proyectos', 'READY_TO_DEPLOY', 'All subsystems built. Ready to deployment', '1.0.1', 46825, 'false', NULL);
INSERT INTO  release_version  ( id ,  creation_date ,  deletion_date ,  description ,  status ,  status_description ,  version_name ,  release_id ,  quality_validation ,  risk_level ) VALUES (46826, '2017-06-01 14:34:14.403', NULL, 'Generador de APIs con todos los servicios y librerías', 'READY_TO_DEPLOY', 'All subsystems built. Ready to deployment', '1.0.0', 46825, 'false', NULL);
INSERT INTO  release_version  ( id ,  creation_date ,  deletion_date ,  description ,  status ,  status_description ,  version_name ,  release_id ,  quality_validation ,  risk_level ) VALUES (44612, '2017-05-22 12:12:05.975', NULL, NULL, 'READY_TO_DEPLOY', 'All subsystems built. Ready to deployment', 'v2', 40198, 'true', NULL);
INSERT INTO  release_version  ( id ,  creation_date ,  deletion_date ,  description ,  status ,  status_description ,  version_name ,  release_id ,  quality_validation ,  risk_level ) VALUES (43503, '2017-05-16 09:38:51.178', NULL, 'yyyyyyyyyyyyyyyyyyyyyyyyyyyy', 'READY_TO_DEPLOY', 'All subsystems built. Ready to deployment', 'xxxxxxxxxxxxxxxxx', 29376, 'true', NULL);
INSERT INTO  release_version  ( id ,  creation_date ,  deletion_date ,  description ,  status ,  status_description ,  version_name ,  release_id ,  quality_validation ,  risk_level ) VALUES (42753, '2017-05-12 22:29:54.63', NULL, 'Versión inicial de pruebas', 'READY_TO_DEPLOY', 'All subsystems built. Ready to deployment', 'V1.0.0', 42746, 'false', NULL);
INSERT INTO  release_version  ( id ,  creation_date ,  deletion_date ,  description ,  status ,  status_description ,  version_name ,  release_id ,  quality_validation ,  risk_level ) VALUES (42641, '2017-05-12 21:39:03.549', NULL, 'Añadido un sleep', 'READY_TO_DEPLOY', 'All subsystems built. Ready to deployment', 'Sleep', 38009, 'false', NULL);
INSERT INTO  release_version  ( id ,  creation_date ,  deletion_date ,  description ,  status ,  status_description ,  version_name ,  release_id ,  quality_validation ,  risk_level ) VALUES (40825, '2017-05-12 14:06:39.132', NULL, 'Version viernes', 'READY_TO_DEPLOY', 'All subsystems built. Ready to deployment', 'Version1205', 38009, 'false', NULL);
INSERT INTO  release_version  ( id ,  creation_date ,  deletion_date ,  description ,  status ,  status_description ,  version_name ,  release_id ,  quality_validation ,  risk_level ) VALUES (40199, '2017-05-11 17:07:12.126', NULL, 'Olé!', 'READY_TO_DEPLOY', 'All subsystems built. Ready to deployment', 'v1', 40198, 'true', 22);
INSERT INTO  release_version  ( id ,  creation_date ,  deletion_date ,  description ,  status ,  status_description ,  version_name ,  release_id ,  quality_validation ,  risk_level ) VALUES (39387, '2017-05-10 17:24:57.677', NULL, 'nueva version', 'READY_TO_DEPLOY', 'All subsystems built. Ready to deployment', 'VersionNew', 29376, 'true', NULL);
INSERT INTO  release_version  ( id ,  creation_date ,  deletion_date ,  description ,  status ,  status_description ,  version_name ,  release_id ,  quality_validation ,  risk_level ) VALUES (39340, '2017-05-10 17:12:42.231', NULL, 'sdsd', 'READY_TO_DEPLOY', 'All subsystems built. Ready to deployment', 'v1.1', 34537, 'true', NULL);
INSERT INTO  release_version  ( id ,  creation_date ,  deletion_date ,  description ,  status ,  status_description ,  version_name ,  release_id ,  quality_validation ,  risk_level ) VALUES (38784, '2017-05-09 15:57:38.356', NULL, 'Version actualizada para NovaBatchTask 1.2.0', 'READY_TO_DEPLOY', 'All subsystems built. Ready to deployment', 'NewNovaTask', 38783, NULL, NULL);
INSERT INTO  release_version  ( id ,  creation_date ,  deletion_date ,  description ,  status ,  status_description ,  version_name ,  release_id ,  quality_validation ,  risk_level ) VALUES (38740, '2017-05-09 15:30:31.043', NULL, 'Version del batch con el pom actualizado', 'READY_TO_DEPLOY', 'All subsystems built. Ready to deployment', 'BatchVersion0905', 38739, NULL, NULL);
INSERT INTO  release_version  ( id ,  creation_date ,  deletion_date ,  description ,  status ,  status_description ,  version_name ,  release_id ,  quality_validation ,  risk_level ) VALUES (38201, '2017-05-09 08:55:12.522', NULL, 'Version de prueba de batch', 'READY_TO_DEPLOY', 'All subsystems built. Ready to deployment', 'PruebaBatchTest', 38009, NULL, NULL);
INSERT INTO  release_version  ( id ,  creation_date ,  deletion_date ,  description ,  status ,  status_description ,  version_name ,  release_id ,  quality_validation ,  risk_level ) VALUES (38073, '2017-05-08 16:07:11.416', NULL, 'Test con estructura buena', 'READY_TO_DEPLOY', 'All subsystems built. Ready to deployment', 'MyBatchTest', 38009, NULL, NULL);
INSERT INTO  release_version  ( id ,  creation_date ,  deletion_date ,  description ,  status ,  status_description ,  version_name ,  release_id ,  quality_validation ,  risk_level ) VALUES (38010, '2017-05-08 15:22:26.687', NULL, 'Testeo de batch', 'READY_TO_DEPLOY', 'All subsystems built. Ready to deployment', 'version1', 38009, NULL, NULL);
INSERT INTO  release_version  ( id ,  creation_date ,  deletion_date ,  description ,  status ,  status_description ,  version_name ,  release_id ,  quality_validation ,  risk_level ) VALUES (37878, '2017-05-08 14:45:15.766', NULL, NULL, 'READY_TO_DEPLOY', 'All subsystems built. Ready to deployment', 'VersionPrueba', 37877, NULL, NULL);
INSERT INTO  release_version  ( id ,  creation_date ,  deletion_date ,  description ,  status ,  status_description ,  version_name ,  release_id ,  quality_validation ,  risk_level ) VALUES (35993, '2017-05-04 10:45:41.695', NULL, NULL, 'READY_TO_DEPLOY', 'All subsystems built. Ready to deployment', 'v9', 34537, NULL, NULL);
INSERT INTO  release_version  ( id ,  creation_date ,  deletion_date ,  description ,  status ,  status_description ,  version_name ,  release_id ,  quality_validation ,  risk_level ) VALUES (35233, '2017-05-03 17:59:41.255', NULL, NULL, 'READY_TO_DEPLOY', 'All subsystems built. Ready to deployment', 'v8', 34537, NULL, NULL);
INSERT INTO  release_version  ( id ,  creation_date ,  deletion_date ,  description ,  status ,  status_description ,  version_name ,  release_id ,  quality_validation ,  risk_level ) VALUES (35192, '2017-05-03 17:56:45.011', NULL, 'prueba', 'READY_TO_DEPLOY', 'All subsystems built. Ready to deployment', 'UnPrueba', 34951, NULL, NULL);
INSERT INTO  release_version  ( id ,  creation_date ,  deletion_date ,  description ,  status ,  status_description ,  version_name ,  release_id ,  quality_validation ,  risk_level ) VALUES (34959, '2017-05-03 17:06:03.261', NULL, NULL, 'READY_TO_DEPLOY', 'All subsystems built. Ready to deployment', 'v7', 34537, NULL, NULL);
INSERT INTO  release_version  ( id ,  creation_date ,  deletion_date ,  description ,  status ,  status_description ,  version_name ,  release_id ,  quality_validation ,  risk_level ) VALUES (34921, '2017-05-03 16:56:30.684', NULL, NULL, 'READY_TO_DEPLOY', 'All subsystems built. Ready to deployment', 'v5', 34537, NULL, NULL);
INSERT INTO  release_version  ( id ,  creation_date ,  deletion_date ,  description ,  status ,  status_description ,  version_name ,  release_id ,  quality_validation ,  risk_level ) VALUES (34660, '2017-05-03 15:43:41.048', NULL, NULL, 'READY_TO_DEPLOY', 'All subsystems built. Ready to deployment', 'v4', 34537, NULL, NULL);
INSERT INTO  release_version  ( id ,  creation_date ,  deletion_date ,  description ,  status ,  status_description ,  version_name ,  release_id ,  quality_validation ,  risk_level ) VALUES (34603, '2017-05-03 14:42:58.967', NULL, NULL, 'READY_TO_DEPLOY', NULL, 'v3', 34537, NULL, NULL);
INSERT INTO  release_version  ( id ,  creation_date ,  deletion_date ,  description ,  status ,  status_description ,  version_name ,  release_id ,  quality_validation ,  risk_level ) VALUES (34558, '2017-05-03 14:31:15.37', NULL, NULL, 'READY_TO_DEPLOY', 'All subsystems built. Ready to deployment', 'v2', 34537, NULL, NULL);
INSERT INTO  release_version  ( id ,  creation_date ,  deletion_date ,  description ,  status ,  status_description ,  version_name ,  release_id ,  quality_validation ,  risk_level ) VALUES (34541, '2017-05-03 14:23:32.323', NULL, 'ssdsd', 'READY_TO_DEPLOY', 'All subsystems built. Ready to deployment', 'v1', 34537, NULL, NULL);
INSERT INTO  release_version  ( id ,  creation_date ,  deletion_date ,  description ,  status ,  status_description ,  version_name ,  release_id ,  quality_validation ,  risk_level ) VALUES (34519, '2017-05-03 14:20:44.862', NULL, NULL, 'ERRORS', 'Error generando el subsistema Backend con Tag: TAG_03. Error: ENOA_Backend_BUILD', 'v2', 31499, NULL, NULL);
INSERT INTO  release_version  ( id ,  creation_date ,  deletion_date ,  description ,  status ,  status_description ,  version_name ,  release_id ,  quality_validation ,  risk_level ) VALUES (31501, '2017-04-26 17:31:08.333', NULL, 'wew', 'ERRORS', 'Error generando el subsistema Backend con Tag: TAG_02. Error: ENOA_Backend_BUILD', 'v1', 31499, NULL, NULL);
INSERT INTO  release_version  ( id ,  creation_date ,  deletion_date ,  description ,  status ,  status_description ,  version_name ,  release_id ,  quality_validation ,  risk_level ) VALUES (29392, '2017-04-12 12:10:16.087', NULL, 'Develop build TAG_01', 'READY_TO_DEPLOY', 'All subsystems built. Ready to deployment', 'DEV: TAG_01', 29376, NULL, NULL);
INSERT INTO  release_version  ( id ,  creation_date ,  deletion_date ,  description ,  status ,  status_description ,  version_name ,  release_id ,  quality_validation ,  risk_level ) VALUES (29377, '2017-04-12 12:05:33.703', NULL, NULL, 'ERRORS', 'All subsystems built. Ready to deployment', 'sdsdsd', 29376, NULL, NULL);


INSERT INTO  release_version_subsystem  ( id ,  compilation_job_name ,  status ,  status_message ,  tag_name ,  product_subsystem_id ,  release_version_id ,  tag_url ) VALUES (29378, 'ENOA_Backend_BUILD', 'DONE', 'ENOA_Backend_BUILD', 'TAG_02', 29371, 29377, NULL);
INSERT INTO  release_version_subsystem  ( id ,  compilation_job_name ,  status ,  status_message ,  tag_name ,  product_subsystem_id ,  release_version_id ,  tag_url ) VALUES (29393, 'ENOA_Backend_BUILD', 'DONE', 'ENOA_Backend_BUILD', 'TAG_01', 29371, 29392, NULL);
INSERT INTO  release_version_subsystem  ( id ,  compilation_job_name ,  status ,  status_message ,  tag_name ,  product_subsystem_id ,  release_version_id ,  tag_url ) VALUES (31502, 'ENOA_Backend_BUILD', 'ERROR', 'ENOA_Backend_BUILD', 'TAG_02', 29371, 31501, NULL);
INSERT INTO  release_version_subsystem  ( id ,  compilation_job_name ,  status ,  status_message ,  tag_name ,  product_subsystem_id ,  release_version_id ,  tag_url ) VALUES (34520, 'ENOA_Backend_BUILD', 'ERROR', 'ENOA_Backend_BUILD', 'TAG_03', 29371, 34519, NULL);
INSERT INTO  release_version_subsystem  ( id ,  compilation_job_name ,  status ,  status_message ,  tag_name ,  product_subsystem_id ,  release_version_id ,  tag_url ) VALUES (34542, 'ENOA_Backend_BUILD', 'DONE', 'ENOA_Backend_BUILD', 'TAG_03', 29371, 34541, NULL);
INSERT INTO  release_version_subsystem  ( id ,  compilation_job_name ,  status ,  status_message ,  tag_name ,  product_subsystem_id ,  release_version_id ,  tag_url ) VALUES (34559, 'ENOA_Backend_BUILD', 'DONE', 'ENOA_Backend_BUILD', 'TAG_04', 29371, 34558, NULL);
INSERT INTO  release_version_subsystem  ( id ,  compilation_job_name ,  status ,  status_message ,  tag_name ,  product_subsystem_id ,  release_version_id ,  tag_url ) VALUES (34604, 'ENOA_Backend_BUILD', 'DOING', NULL, 'TAG_05', 29371, 34603, NULL);
INSERT INTO  release_version_subsystem  ( id ,  compilation_job_name ,  status ,  status_message ,  tag_name ,  product_subsystem_id ,  release_version_id ,  tag_url ) VALUES (34661, 'ENOA_Backend_BUILD', 'DONE', 'ENOA_Backend_BUILD', 'TAG_05', 29371, 34660, NULL);
INSERT INTO  release_version_subsystem  ( id ,  compilation_job_name ,  status ,  status_message ,  tag_name ,  product_subsystem_id ,  release_version_id ,  tag_url ) VALUES (34922, 'ENOA_Backend_BUILD', 'DONE', 'ENOA_Backend_BUILD', 'TAG_06', 29371, 34921, NULL);
INSERT INTO  release_version_subsystem  ( id ,  compilation_job_name ,  status ,  status_message ,  tag_name ,  product_subsystem_id ,  release_version_id ,  tag_url ) VALUES (34960, 'ENOA_Backend_BUILD', 'DONE', 'ENOA_Backend_BUILD', 'TAG_07', 29371, 34959, NULL);
INSERT INTO  release_version_subsystem  ( id ,  compilation_job_name ,  status ,  status_message ,  tag_name ,  product_subsystem_id ,  release_version_id ,  tag_url ) VALUES (35193, 'ENOA_Backend_BUILD', 'DONE', 'ENOA_Backend_BUILD', 'TAG_07', 29371, 35192, NULL);
INSERT INTO  release_version_subsystem  ( id ,  compilation_job_name ,  status ,  status_message ,  tag_name ,  product_subsystem_id ,  release_version_id ,  tag_url ) VALUES (35234, 'ENOA_Backend_BUILD', 'DONE', 'ENOA_Backend_BUILD', 'TAG_08', 29371, 35233, NULL);
INSERT INTO  release_version_subsystem  ( id ,  compilation_job_name ,  status ,  status_message ,  tag_name ,  product_subsystem_id ,  release_version_id ,  tag_url ) VALUES (35994, 'ENOA_Backend_BUILD', 'DONE', 'ENOA_Backend_BUILD', 'TAG_09', 29371, 35993, NULL);
INSERT INTO  release_version_subsystem  ( id ,  compilation_job_name ,  status ,  status_message ,  tag_name ,  product_subsystem_id ,  release_version_id ,  tag_url ) VALUES (37879, 'ENOA_BACKEND_BUILD', 'DONE', 'ENOA_BACKEND_BUILD', 'PRUEBA', 29371, 37878, NULL);
INSERT INTO  release_version_subsystem  ( id ,  compilation_job_name ,  status ,  status_message ,  tag_name ,  product_subsystem_id ,  release_version_id ,  tag_url ) VALUES (38011, 'BATC_MYBATCHTEST_BUILD', 'DONE', 'BATC_MYBATCHTEST_BUILD', 'version1', 38000, 38010, NULL);
INSERT INTO  release_version_subsystem  ( id ,  compilation_job_name ,  status ,  status_message ,  tag_name ,  product_subsystem_id ,  release_version_id ,  tag_url ) VALUES (38074, 'BATC_MYBATCHTEST_BUILD', 'DONE', 'BATC_MYBATCHTEST_BUILD', 'MyBatchVersion1', 38000, 38073, NULL);
INSERT INTO  release_version_subsystem  ( id ,  compilation_job_name ,  status ,  status_message ,  tag_name ,  product_subsystem_id ,  release_version_id ,  tag_url ) VALUES (38202, 'BATC_MYBATCHTEST_BUILD', 'DONE', 'BATC_MYBATCHTEST_BUILD', 'MyBatchVersion1', 38000, 38201, NULL);
INSERT INTO  release_version_subsystem  ( id ,  compilation_job_name ,  status ,  status_message ,  tag_name ,  product_subsystem_id ,  release_version_id ,  tag_url ) VALUES (38741, 'BATC_MYBATCHTEST_BUILD', 'DONE', 'BATC_MYBATCHTEST_BUILD', 'Version0905', 38000, 38740, NULL);
INSERT INTO  release_version_subsystem  ( id ,  compilation_job_name ,  status ,  status_message ,  tag_name ,  product_subsystem_id ,  release_version_id ,  tag_url ) VALUES (38785, 'BATC_MYBATCHTEST_BUILD', 'DONE', 'BATC_MYBATCHTEST_BUILD', 'UpdateNovaBatchTask', 38000, 38784, NULL);
INSERT INTO  release_version_subsystem  ( id ,  compilation_job_name ,  status ,  status_message ,  tag_name ,  product_subsystem_id ,  release_version_id ,  tag_url ) VALUES (39341, 'ENOA_BACKEND_BUILD', 'DONE', 'ENOA_BACKEND_BUILD', 'TAG_10', 29371, 39340, NULL);
INSERT INTO  release_version_subsystem  ( id ,  compilation_job_name ,  status ,  status_message ,  tag_name ,  product_subsystem_id ,  release_version_id ,  tag_url ) VALUES (39388, 'ENOA_BACKEND_BUILD', 'DONE', 'ENOA_BACKEND_BUILD', 'TAG_08', 29371, 39387, NULL);
INSERT INTO  release_version_subsystem  ( id ,  compilation_job_name ,  status ,  status_message ,  tag_name ,  product_subsystem_id ,  release_version_id ,  tag_url ) VALUES (40200, 'ENOA_MINIBACKEND_BUILD', 'DONE', 'ENOA_MINIBACKEND_BUILD', 'TAG_01', 40196, 40199, NULL);
INSERT INTO  release_version_subsystem  ( id ,  compilation_job_name ,  status ,  status_message ,  tag_name ,  product_subsystem_id ,  release_version_id ,  tag_url ) VALUES (40826, 'BATC_MYBATCHTEST_BUILD', 'DONE', 'BATC_MYBATCHTEST_BUILD', 'COMPLETO', 38000, 40825, NULL);
INSERT INTO  release_version_subsystem  ( id ,  compilation_job_name ,  status ,  status_message ,  tag_name ,  product_subsystem_id ,  release_version_id ,  tag_url ) VALUES (42642, 'BATC_MYBATCHTEST_BUILD', 'DONE', 'BATC_MYBATCHTEST_BUILD', 'SLEEP', 38000, 42641, NULL);
INSERT INTO  release_version_subsystem  ( id ,  compilation_job_name ,  status ,  status_message ,  tag_name ,  product_subsystem_id ,  release_version_id ,  tag_url ) VALUES (42754, 'JLDC_VISOR_BUILD', 'DONE', 'JLDC_VISOR_BUILD', 'v1.0.0', 42691, 42753, NULL);
INSERT INTO  release_version_subsystem  ( id ,  compilation_job_name ,  status ,  status_message ,  tag_name ,  product_subsystem_id ,  release_version_id ,  tag_url ) VALUES (42756, 'JLDC_MARKET_BUILD', 'DONE', 'JLDC_MARKET_BUILD', 'v1.0.0', 42697, 42753, NULL);
INSERT INTO  release_version_subsystem  ( id ,  compilation_job_name ,  status ,  status_message ,  tag_name ,  product_subsystem_id ,  release_version_id ,  tag_url ) VALUES (43504, 'ENOA_MINIBACKEND_BUILD', 'DONE', 'ENOA_MINIBACKEND_BUILD', 'TAG_01', 40196, 43503, NULL);
INSERT INTO  release_version_subsystem  ( id ,  compilation_job_name ,  status ,  status_message ,  tag_name ,  product_subsystem_id ,  release_version_id ,  tag_url ) VALUES (44613, 'ENOA_MINIBACKEND_BUILD', 'DONE', 'ENOA_MINIBACKEND_BUILD', 'TAG_01', 40196, 44612, NULL);
INSERT INTO  release_version_subsystem  ( id ,  compilation_job_name ,  status ,  status_message ,  tag_name ,  product_subsystem_id ,  release_version_id ,  tag_url ) VALUES (46827, 'NOVA_APIRESTGENERATOR_BUILD', 'DONE', 'NOVA_APIRESTGENERATOR_BUILD', '1.0.0', 46823, 46826, NULL);
INSERT INTO  release_version_subsystem  ( id ,  compilation_job_name ,  status ,  status_message ,  tag_name ,  product_subsystem_id ,  release_version_id ,  tag_url ) VALUES (46954, 'NOVA_APIRESTGENERATOR_BUILD', 'DONE', 'NOVA_APIRESTGENERATOR_BUILD', '1.0.0', 46823, 46953, NULL);
INSERT INTO  release_version_subsystem  ( id ,  compilation_job_name ,  status ,  status_message ,  tag_name ,  product_subsystem_id ,  release_version_id ,  tag_url ) VALUES (46984, 'NOVA_APIRESTGENERATOR_BUILD', 'DONE', 'NOVA_APIRESTGENERATOR_BUILD', '1.0.0', 46823, 46983, NULL);
INSERT INTO  release_version_subsystem  ( id ,  compilation_job_name ,  status ,  status_message ,  tag_name ,  product_subsystem_id ,  release_version_id ,  tag_url ) VALUES (47010, 'NOVA_APIRESTGENERATOR_BUILD', 'DONE', 'NOVA_APIRESTGENERATOR_BUILD', '1.0.0', 46823, 47009, NULL);
INSERT INTO  release_version_subsystem  ( id ,  compilation_job_name ,  status ,  status_message ,  tag_name ,  product_subsystem_id ,  release_version_id ,  tag_url ) VALUES (49407, 'BATC_MYBATCHTEST_BUILD', 'DONE', 'BATC_MYBATCHTEST_BUILD', 'SLEEP', 38000, 49406, NULL);
INSERT INTO  release_version_subsystem  ( id ,  compilation_job_name ,  status ,  status_message ,  tag_name ,  product_subsystem_id ,  release_version_id ,  tag_url ) VALUES (49613, 'BATC_MYBATCHTEST_BUILD', 'DONE', 'BATC_MYBATCHTEST_BUILD', 'BASE-IMAG', 38000, 49612, NULL);
INSERT INTO  release_version_subsystem  ( id ,  compilation_job_name ,  status ,  status_message ,  tag_name ,  product_subsystem_id ,  release_version_id ,  tag_url ) VALUES (55996, 'DEMO_VISOR_BUILD', 'DONE', 'DEMO_VISOR_BUILD', 'v2.0.0', 55965, 55995, NULL);
INSERT INTO  release_version_subsystem  ( id ,  compilation_job_name ,  status ,  status_message ,  tag_name ,  product_subsystem_id ,  release_version_id ,  tag_url ) VALUES (55999, 'DEMO_MARKET_BUILD', 'DONE', 'DEMO_MARKET_BUILD', 'v2.0.0', 55961, 55995, NULL);
INSERT INTO  release_version_subsystem  ( id ,  compilation_job_name ,  status ,  status_message ,  tag_name ,  product_subsystem_id ,  release_version_id ,  tag_url ) VALUES (80267, 'FFDD_TESTSUB_BUILD', 'DONE', 'FFDD_TESTSUB_BUILD', 'TAG_01', 80257, 80266, NULL);
INSERT INTO  release_version_subsystem  ( id ,  compilation_job_name ,  status ,  status_message ,  tag_name ,  product_subsystem_id ,  release_version_id ,  tag_url ) VALUES (85404, 'Error launching job ENOA_MINIBACKEND_BUILD', 'DOING', NULL, 'TAG_02', 40196, 85403, NULL);
INSERT INTO  release_version_subsystem  ( id ,  compilation_job_name ,  status ,  status_message ,  tag_name ,  product_subsystem_id ,  release_version_id ,  tag_url ) VALUES (85412, 'FFDD_TESTSUB_BUILD', 'ERROR', 'FFDD_TESTSUB_BUILD', 'TAG_01', 80257, 85411, NULL);
INSERT INTO  release_version_subsystem  ( id ,  compilation_job_name ,  status ,  status_message ,  tag_name ,  product_subsystem_id ,  release_version_id ,  tag_url ) VALUES (85421, 'KCSA_WEBCSA_BUILD', 'DONE', 'KCSA_WEBCSA_BUILD', 'TAG_01', 75794, 85420, NULL);
INSERT INTO  release_version_subsystem  ( id ,  compilation_job_name ,  status ,  status_message ,  tag_name ,  product_subsystem_id ,  release_version_id ,  tag_url ) VALUES (85440, 'KCSA_WEBCSA_BUILD', 'DONE', 'KCSA_WEBCSA_BUILD', 'TAG_01', 75794, 85439, NULL);
INSERT INTO  release_version_subsystem  ( id ,  compilation_job_name ,  status ,  status_message ,  tag_name ,  product_subsystem_id ,  release_version_id ,  tag_url ) VALUES (85523, 'KCSA_WEBCSA_BUILD', 'DONE', 'KCSA_WEBCSA_BUILD', 'TAG_02', 75794, 85522, NULL);
INSERT INTO  release_version_subsystem  ( id ,  compilation_job_name ,  status ,  status_message ,  tag_name ,  product_subsystem_id ,  release_version_id ,  tag_url ) VALUES (85647, 'KCSA_WEBCSA_BUILD', 'DONE', 'KCSA_WEBCSA_BUILD', 'TAG_03', 75794, 85646, NULL);
INSERT INTO  release_version_subsystem  ( id ,  compilation_job_name ,  status ,  status_message ,  tag_name ,  product_subsystem_id ,  release_version_id ,  tag_url ) VALUES (85760, 'KCSA_WEBCSA_BUILD', 'DONE', 'KCSA_WEBCSA_BUILD', 'TAG_05', 75794, 85759, NULL);
INSERT INTO  release_version_subsystem  ( id ,  compilation_job_name ,  status ,  status_message ,  tag_name ,  product_subsystem_id ,  release_version_id ,  tag_url ) VALUES (85849, 'KCSA_WEBCSA_BUILD', 'DONE', 'KCSA_WEBCSA_BUILD', 'TAG_06', 75794, 85848, NULL);
INSERT INTO  release_version_subsystem  ( id ,  compilation_job_name ,  status ,  status_message ,  tag_name ,  product_subsystem_id ,  release_version_id ,  tag_url ) VALUES (85940, 'LUPR_BACK_BUILD', 'DONE', 'LUPR_BACK_BUILD', 'v1.0.0', 85934, 85939, 'http://llnova601.igrupobbva:9999/LUPR/back/tree/v1.0.0');
INSERT INTO  release_version_subsystem  ( id ,  compilation_job_name ,  status ,  status_message ,  tag_name ,  product_subsystem_id ,  release_version_id ,  tag_url ) VALUES (85986, 'KCSA_WEBCSA_BUILD', 'DONE', 'KCSA_WEBCSA_BUILD', 'TAG_07', 75794, 85985, NULL);
INSERT INTO  release_version_subsystem  ( id ,  compilation_job_name ,  status ,  status_message ,  tag_name ,  product_subsystem_id ,  release_version_id ,  tag_url ) VALUES (86041, 'LUPR_BACK_BUILD', 'DONE', 'LUPR_BACK_BUILD', 'v1.0.0', 85934, 86040, 'http://llnova601.igrupobbva:9999/LUPR/back/tree/v1.0.0');
INSERT INTO  release_version_subsystem  ( id ,  compilation_job_name ,  status ,  status_message ,  tag_name ,  product_subsystem_id ,  release_version_id ,  tag_url ) VALUES (86059, 'LUPR_BACK_BUILD', 'DONE', 'LUPR_BACK_BUILD', 'v1.0.2', 85934, 86058, 'http://llnova601.igrupobbva:9999/LUPR/back/tree/v1.0.2');
INSERT INTO  release_version_subsystem  ( id ,  compilation_job_name ,  status ,  status_message ,  tag_name ,  product_subsystem_id ,  release_version_id ,  tag_url ) VALUES (86085, 'LUPR_BACK_BUILD', 'DONE', 'LUPR_BACK_BUILD', 'v1.0.3', 85934, 86084, 'http://llnova601.igrupobbva:9999/LUPR/back/tree/v1.0.3');
INSERT INTO  release_version_subsystem  ( id ,  compilation_job_name ,  status ,  status_message ,  tag_name ,  product_subsystem_id ,  release_version_id ,  tag_url ) VALUES (86104, 'LUPR_BACK_BUILD', 'DONE', 'LUPR_BACK_BUILD', 'v1.0.5', 85934, 86103, 'http://llnova601.igrupobbva:9999/LUPR/back/tree/v1.0.5');
INSERT INTO  release_version_subsystem  ( id ,  compilation_job_name ,  status ,  status_message ,  tag_name ,  product_subsystem_id ,  release_version_id ,  tag_url ) VALUES (86144, 'KCSA_WEBCSA_BUILD', 'DONE', 'KCSA_WEBCSA_BUILD', 'TAG_08', 75794, 86143, NULL);
INSERT INTO  release_version_subsystem  ( id ,  compilation_job_name ,  status ,  status_message ,  tag_name ,  product_subsystem_id ,  release_version_id ,  tag_url ) VALUES (86336, 'LUPR_BACK_BUILD', 'DONE', 'LUPR_BACK_BUILD', 'v1.0.6', 85934, 86335, 'http://llnova601.igrupobbva:9999/LUPR/back/tree/v1.0.6');
INSERT INTO  release_version_subsystem  ( id ,  compilation_job_name ,  status ,  status_message ,  tag_name ,  product_subsystem_id ,  release_version_id ,  tag_url ) VALUES (86367, 'LUPR_BACK_BUILD', 'DONE', 'LUPR_BACK_BUILD', 'v1.0.7', 85934, 86366, 'http://llnova601.igrupobbva:9999/LUPR/back/tree/v1.0.7');
INSERT INTO  release_version_subsystem  ( id ,  compilation_job_name ,  status ,  status_message ,  tag_name ,  product_subsystem_id ,  release_version_id ,  tag_url ) VALUES (86495, 'LUPR_BACK_BUILD', 'DONE', 'LUPR_BACK_BUILD', 'v1.0.8', 85934, 86494, 'http://llnova601.igrupobbva:9999/LUPR/back/tree/v1.0.8');
INSERT INTO  release_version_subsystem  ( id ,  compilation_job_name ,  status ,  status_message ,  tag_name ,  product_subsystem_id ,  release_version_id ,  tag_url ) VALUES (86566, 'LUPR_BACK_BUILD', 'DONE', 'LUPR_BACK_BUILD', 'v1.0.9', 85934, 86565, 'http://llnova601.igrupobbva:9999/LUPR/back/tree/v1.0.9');
INSERT INTO  release_version_subsystem  ( id ,  compilation_job_name ,  status ,  status_message ,  tag_name ,  product_subsystem_id ,  release_version_id ,  tag_url ) VALUES (86611, 'LUPR_BACK_BUILD', 'DONE', 'LUPR_BACK_BUILD', 'v1.0.10', 85934, 86610, 'http://llnova601.igrupobbva:9999/LUPR/back/tree/v1.0.10');
INSERT INTO  release_version_subsystem  ( id ,  compilation_job_name ,  status ,  status_message ,  tag_name ,  product_subsystem_id ,  release_version_id ,  tag_url ) VALUES (89977, 'KCSA_WEBCSA_BUILD', 'DONE', 'KCSA_WEBCSA_BUILD', 'TAG_11', 75794, 89976, 'http://llnova601.igrupobbva:9999/KCSA/webcsa/tree/TAG_11');
INSERT INTO  release_version_subsystem  ( id ,  compilation_job_name ,  status ,  status_message ,  tag_name ,  product_subsystem_id ,  release_version_id ,  tag_url ) VALUES (90115, 'LUPR_BACK_BUILD', 'DONE', 'LUPR_BACK_BUILD', 'v1.0.11', 85934, 90114, 'http://llnova601.igrupobbva:9999/LUPR/back/tree/v1.0.11');
INSERT INTO  release_version_subsystem  ( id ,  compilation_job_name ,  status ,  status_message ,  tag_name ,  product_subsystem_id ,  release_version_id ,  tag_url ) VALUES (90147, 'KCSA_WEBCSA_BUILD', 'DONE', 'KCSA_WEBCSA_BUILD', 'TAG_12FrontBack', 75794, 90146, 'http://llnova601.igrupobbva:9999/KCSA/webcsa/tree/TAG_12FrontBack');
INSERT INTO  release_version_subsystem  ( id ,  compilation_job_name ,  status ,  status_message ,  tag_name ,  product_subsystem_id ,  release_version_id ,  tag_url ) VALUES (90502, 'KCSA_WEBCSA_BUILD', 'DONE', 'KCSA_WEBCSA_BUILD', 'TAG_13', 75794, 90501, 'http://llnova601.igrupobbva:9999/KCSA/webcsa/tree/TAG_13');
INSERT INTO  release_version_subsystem  ( id ,  compilation_job_name ,  status ,  status_message ,  tag_name ,  product_subsystem_id ,  release_version_id ,  tag_url ) VALUES (90664, 'LUPR_BACK_BUILD', 'DONE', 'LUPR_BACK_BUILD', 'v1.0.12', 85934, 90663, 'http://llnova601.igrupobbva:9999/LUPR/back/tree/v1.0.12');
INSERT INTO  release_version_subsystem  ( id ,  compilation_job_name ,  status ,  status_message ,  tag_name ,  product_subsystem_id ,  release_version_id ,  tag_url ) VALUES (90873, 'LUPR_BACK_BUILD', 'DONE', 'LUPR_BACK_BUILD', 'v1.0.12', 85934, 90872, 'http://llnova601.igrupobbva:9999/LUPR/back/tree/v1.0.12');
INSERT INTO  release_version_subsystem  ( id ,  compilation_job_name ,  status ,  status_message ,  tag_name ,  product_subsystem_id ,  release_version_id ,  tag_url ) VALUES (102452, 'LUPR_BACK_BUILD', 'DONE', 'LUPR_BACK_BUILD', 'v1.0.13', 85934, 102451, 'http://llnova601.igrupobbva:9999/LUPR/back/tree/v1.0.13');
INSERT INTO  release_version_subsystem  ( id ,  compilation_job_name ,  status ,  status_message ,  tag_name ,  product_subsystem_id ,  release_version_id ,  tag_url ) VALUES (102625, 'AAAA_SUBSISTEMAEPHOENIX_BUILD', 'DONE', 'AAAA_SUBSISTEMAEPHOENIX_BUILD', 'v1.0', 102481, 102624, 'http://llnova601.igrupobbva:9999/AAAA/subsistemaephoenix/tree/v1.0');
INSERT INTO  release_version_subsystem  ( id ,  compilation_job_name ,  status ,  status_message ,  tag_name ,  product_subsystem_id ,  release_version_id ,  tag_url ) VALUES (102732, 'LUPR_BACK_BUILD', 'DONE', 'LUPR_BACK_BUILD', 'v1.0.14', 85934, 102731, 'http://llnova601.igrupobbva:9999/LUPR/back/tree/v1.0.14');
INSERT INTO  release_version_subsystem  ( id ,  compilation_job_name ,  status ,  status_message ,  tag_name ,  product_subsystem_id ,  release_version_id ,  tag_url ) VALUES (103658, 'LUPR_BACK_BUILD', 'DONE', 'LUPR_BACK_BUILD', 'v1.0.16', 85934, 103657, 'http://llnova601.igrupobbva:9999/LUPR/back/tree/v1.0.16');
INSERT INTO  release_version_subsystem  ( id ,  compilation_job_name ,  status ,  status_message ,  tag_name ,  product_subsystem_id ,  release_version_id ,  tag_url ) VALUES (103891, 'LUPR_BACK_BUILD', 'DONE', 'LUPR_BACK_BUILD', 'v1.0.18', 85934, 103890, 'http://llnova601.igrupobbva:9999/LUPR/back/tree/v1.0.18');
INSERT INTO  release_version_subsystem  ( id ,  compilation_job_name ,  status ,  status_message ,  tag_name ,  product_subsystem_id ,  release_version_id ,  tag_url ) VALUES (104047, 'LUPR_BACK_BUILD', 'ERROR', 'LUPR_BACK_BUILD', 'v1.0.19', 85934, 104046, 'http://llnova601.igrupobbva:9999/LUPR/back/tree/v1.0.19');
INSERT INTO  release_version_subsystem  ( id ,  compilation_job_name ,  status ,  status_message ,  tag_name ,  product_subsystem_id ,  release_version_id ,  tag_url ) VALUES (104267, 'LUPR_BACK_BUILD', 'DONE', 'LUPR_BACK_BUILD', 'v1.0.20', 85934, 104266, 'http://llnova601.igrupobbva:9999/LUPR/back/tree/v1.0.20');
INSERT INTO  release_version_subsystem  ( id ,  compilation_job_name ,  status ,  status_message ,  tag_name ,  product_subsystem_id ,  release_version_id ,  tag_url ) VALUES (104335, 'LUPR_BACK_BUILD', 'DONE', 'LUPR_BACK_BUILD', 'v1.0.21', 85934, 104334, 'http://llnova601.igrupobbva:9999/LUPR/back/tree/v1.0.21');
INSERT INTO  release_version_subsystem  ( id ,  compilation_job_name ,  status ,  status_message ,  tag_name ,  product_subsystem_id ,  release_version_id ,  tag_url ) VALUES (104390, 'LUPR_BACK_BUILD', 'DONE', 'LUPR_BACK_BUILD', 'v1.0.22', 85934, 104389, 'http://llnova601.igrupobbva:9999/LUPR/back/tree/v1.0.22');
INSERT INTO  release_version_subsystem  ( id ,  compilation_job_name ,  status ,  status_message ,  tag_name ,  product_subsystem_id ,  release_version_id ,  tag_url ) VALUES (104445, 'LUPR_BACK_BUILD', 'DONE', 'LUPR_BACK_BUILD', 'v1.0.23', 85934, 104444, 'http://llnova601.igrupobbva:9999/LUPR/back/tree/v1.0.23');
INSERT INTO  release_version_subsystem  ( id ,  compilation_job_name ,  status ,  status_message ,  tag_name ,  product_subsystem_id ,  release_version_id ,  tag_url ) VALUES (104567, 'LUPR_BACK_BUILD', 'DONE', 'LUPR_BACK_BUILD', 'v1.0.24', 85934, 104566, 'http://llnova601.igrupobbva:9999/LUPR/back/tree/v1.0.24');
INSERT INTO  release_version_subsystem  ( id ,  compilation_job_name ,  status ,  status_message ,  tag_name ,  product_subsystem_id ,  release_version_id ,  tag_url ) VALUES (107748, 'LUPR_BACK_BUILD', 'DONE', 'LUPR_BACK_BUILD', 'v1.0.25', 85934, 107747, 'http://llnova601.igrupobbva:9999/LUPR/back/tree/v1.0.25');
INSERT INTO  release_version_subsystem  ( id ,  compilation_job_name ,  status ,  status_message ,  tag_name ,  product_subsystem_id ,  release_version_id ,  tag_url ) VALUES (107817, 'LUPR_BACK_BUILD', 'DONE', 'LUPR_BACK_BUILD', 'v1.0.26', 85934, 107816, 'http://llnova601.igrupobbva:9999/LUPR/back/tree/v1.0.26');
INSERT INTO  release_version_subsystem  ( id ,  compilation_job_name ,  status ,  status_message ,  tag_name ,  product_subsystem_id ,  release_version_id ,  tag_url ) VALUES (107830, 'AAAA_SUBSISTEMAEPHOENIX_BUILD', 'DONE', 'AAAA_SUBSISTEMAEPHOENIX_BUILD', 'v1.0', 102481, 107829, 'http://llnova601.igrupobbva:9999/AAAA/subsistemaephoenix/tree/v1.0');
INSERT INTO  release_version_subsystem  ( id ,  compilation_job_name ,  status ,  status_message ,  tag_name ,  product_subsystem_id ,  release_version_id ,  tag_url ) VALUES (108632, 'LUPR_BACK_BUILD', 'DONE', 'LUPR_BACK_BUILD', 'v1.0.27', 85934, 108631, 'http://llnova601.igrupobbva:9999/LUPR/back/tree/v1.0.27');
INSERT INTO  release_version_subsystem  ( id ,  compilation_job_name ,  status ,  status_message ,  tag_name ,  product_subsystem_id ,  release_version_id ,  tag_url ) VALUES (112109, 'AAAA_SUBSISTEMAEPHOENIX_BUILD', 'DONE', 'AAAA_SUBSISTEMAEPHOENIX_BUILD', 'v1.0', 102481, 112108, 'http://llnova601.igrupobbva:9999/AAAA/subsistemaephoenix/tree/v1.0');
INSERT INTO  release_version_subsystem  ( id ,  compilation_job_name ,  status ,  status_message ,  tag_name ,  product_subsystem_id ,  release_version_id ,  tag_url ) VALUES (112570, 'AAAA_SUBSISTEMAEPHOENIX_BUILD', 'DONE', 'AAAA_SUBSISTEMAEPHOENIX_BUILD', 'v1.0', 102481, 112569, 'http://llnova601.igrupobbva:9999/AAAA/subsistemaephoenix/tree/v1.0');
INSERT INTO  release_version_subsystem  ( id ,  compilation_job_name ,  status ,  status_message ,  tag_name ,  product_subsystem_id ,  release_version_id ,  tag_url ) VALUES (112629, 'AAAA_SUBSISTEMAEPHOENIX_BUILD', 'DONE', 'AAAA_SUBSISTEMAEPHOENIX_BUILD', 'v1.0', 102481, 112628, 'http://llnova601.igrupobbva:9999/AAAA/subsistemaephoenix/tree/v1.0');
INSERT INTO  release_version_subsystem  ( id ,  compilation_job_name ,  status ,  status_message ,  tag_name ,  product_subsystem_id ,  release_version_id ,  tag_url ) VALUES (118390, 'PRUE_PRIMERSUBSISTEMA_BUILD', 'DONE', 'PRUE_PRIMERSUBSISTEMA_BUILD', 'v1.0', 118218, 118389, 'http://llnova601.igrupobbva:9999/PRUE/primersubsistema/tree/v1.0');
INSERT INTO  release_version_subsystem  ( id ,  compilation_job_name ,  status ,  status_message ,  tag_name ,  product_subsystem_id ,  release_version_id ,  tag_url ) VALUES (119782, 'PRUE_PRIMERSUBSISTEMA_BUILD', 'DONE', 'PRUE_PRIMERSUBSISTEMA_BUILD', 'v2.0', 118218, 119781, 'http://llnova601.igrupobbva:9999/PRUE/primersubsistema/tree/v2.0');
INSERT INTO  release_version_subsystem  ( id ,  compilation_job_name ,  status ,  status_message ,  tag_name ,  product_subsystem_id ,  release_version_id ,  tag_url ) VALUES (120639, 'QWJJ_EPHOENIXBATCH_BUILD', 'DONE', 'QWJJ_EPHOENIXBATCH_BUILD', 'v1.0', 119754, 120638, 'http://llnova601.igrupobbva:9999/QWJJ/ephoenixbatch/tree/v1.0');
INSERT INTO  release_version_subsystem  ( id ,  compilation_job_name ,  status ,  status_message ,  tag_name ,  product_subsystem_id ,  release_version_id ,  tag_url ) VALUES (124850, 'DEMO_MARKET_BUILD', 'DONE', 'DEMO_MARKET_BUILD', 'v3.0.0', 55961, 124849, 'http://llnova601.igrupobbva:9999/DEMO/market/tree/v3.0.0');
INSERT INTO  release_version_subsystem  ( id ,  compilation_job_name ,  status ,  status_message ,  tag_name ,  product_subsystem_id ,  release_version_id ,  tag_url ) VALUES (136083, 'AAAA_SUBSISTEMAEPHOENIX_BUILD', 'DONE', 'AAAA_SUBSISTEMAEPHOENIX_BUILD', 'v3.0', 102481, 136082, 'http://llnova601.igrupobbva:9999/AAAA/subsistemaephoenix/tree/v3.0');
INSERT INTO  release_version_subsystem  ( id ,  compilation_job_name ,  status ,  status_message ,  tag_name ,  product_subsystem_id ,  release_version_id ,  tag_url ) VALUES (136353, 'QWJJ_EPHOENIXBATCH_BUILD', 'DONE', 'QWJJ_EPHOENIXBATCH_BUILD', 'v1.0', 119754, 136352, 'http://llnova601.igrupobbva:9999/QWJJ/ephoenixbatch/tree/v1.0');
INSERT INTO  release_version_subsystem  ( id ,  compilation_job_name ,  status ,  status_message ,  tag_name ,  product_subsystem_id ,  release_version_id ,  tag_url ) VALUES (136402, 'QWJJ_SUBSISTEMA_BUILD', 'ERROR', 'QWJJ_SUBSISTEMA_BUILD', 'v1.0', 136345, 136401, 'http://llnova601.igrupobbva:9999/QWJJ/subsistema/tree/v1.0');
INSERT INTO  release_version_subsystem  ( id ,  compilation_job_name ,  status ,  status_message ,  tag_name ,  product_subsystem_id ,  release_version_id ,  tag_url ) VALUES (138129, 'KETR_MDSGLOBAL_BUILD', 'DONE', 'KETR_MDSGLOBAL_BUILD', 'v.1.0.7', 137998, 138128, 'http://llnova601.igrupobbva:9999/KETR/mdsglobal/tree/v.1.0.7');
INSERT INTO  release_version_subsystem  ( id ,  compilation_job_name ,  status ,  status_message ,  tag_name ,  product_subsystem_id ,  release_version_id ,  tag_url ) VALUES (138191, 'KCSA_WEBCSA_BUILD', 'DONE', 'KCSA_WEBCSA_BUILD', 'TAG_13', 75794, 138190, 'http://llnova601.igrupobbva:9999/KCSA/webcsa/tree/TAG_13');
INSERT INTO  release_version_subsystem  ( id ,  compilation_job_name ,  status ,  status_message ,  tag_name ,  product_subsystem_id ,  release_version_id ,  tag_url ) VALUES (138450, 'KLYR_CALYPSO_BUILD', 'DONE', 'KLYR_CALYPSO_BUILD', 'v1.0', 124589, 138449, 'http://llnova601.igrupobbva:9999/KLYR/calypso/tree/v1.0');
INSERT INTO  release_version_subsystem  ( id ,  compilation_job_name ,  status ,  status_message ,  tag_name ,  product_subsystem_id ,  release_version_id ,  tag_url ) VALUES (138503, 'KLYR_CALYPSO_BUILD', 'DONE', 'KLYR_CALYPSO_BUILD', 'v1.0.1', 124589, 138502, 'http://llnova601.igrupobbva:9999/KLYR/calypso/tree/v1.0.1');
INSERT INTO  release_version_subsystem  ( id ,  compilation_job_name ,  status ,  status_message ,  tag_name ,  product_subsystem_id ,  release_version_id ,  tag_url ) VALUES (138827, 'KLYR_CALYPSO_BUILD', 'DONE', 'KLYR_CALYPSO_BUILD', 'v1.0.2', 124589, 138826, 'http://llnova601.igrupobbva:9999/KLYR/calypso/tree/v1.0.2');
INSERT INTO  release_version_subsystem  ( id ,  compilation_job_name ,  status ,  status_message ,  tag_name ,  product_subsystem_id ,  release_version_id ,  tag_url ) VALUES (139165, 'AAAA_SUBSISTEMAEPHOENIX_BUILD', 'ERROR', 'AAAA_SUBSISTEMAEPHOENIX_BUILD', 'v3.0', 102481, 139164, 'http://llnova601.igrupobbva:9999/AAAA/subsistemaephoenix/tree/v3.0');
INSERT INTO  release_version_subsystem  ( id ,  compilation_job_name ,  status ,  status_message ,  tag_name ,  product_subsystem_id ,  release_version_id ,  tag_url ) VALUES (139211, 'AAAA_SUBSISTEMAEPHOENIX_BUILD', 'ERROR', 'AAAA_SUBSISTEMAEPHOENIX_BUILD', 'v3.0', 102481, 139210, 'http://llnova601.igrupobbva:9999/AAAA/subsistemaephoenix/tree/v3.0');
INSERT INTO  release_version_subsystem  ( id ,  compilation_job_name ,  status ,  status_message ,  tag_name ,  product_subsystem_id ,  release_version_id ,  tag_url ) VALUES (139263, 'AAAA_SUBSISTEMAEPHOENIX_BUILD', 'ERROR', 'AAAA_SUBSISTEMAEPHOENIX_BUILD', 'v3.0', 102481, 139262, 'http://llnova601.igrupobbva:9999/AAAA/subsistemaephoenix/tree/v3.0');
INSERT INTO  release_version_subsystem  ( id ,  compilation_job_name ,  status ,  status_message ,  tag_name ,  product_subsystem_id ,  release_version_id ,  tag_url ) VALUES (139356, 'AAAA_SUBSISTEMAEPHOENIX_BUILD', 'DONE', 'AAAA_SUBSISTEMAEPHOENIX_BUILD', 'v3.0', 102481, 139355, 'http://llnova601.igrupobbva:9999/AAAA/subsistemaephoenix/tree/v3.0');
INSERT INTO  release_version_subsystem  ( id ,  compilation_job_name ,  status ,  status_message ,  tag_name ,  product_subsystem_id ,  release_version_id ,  tag_url ) VALUES (139406, 'AAAA_SUBSISTEMAEPHOENIX_BUILD', 'ERROR', 'AAAA_SUBSISTEMAEPHOENIX_BUILD', 'v3.0', 102481, 139405, 'http://llnova601.igrupobbva:9999/AAAA/subsistemaephoenix/tree/v3.0');
INSERT INTO  release_version_subsystem  ( id ,  compilation_job_name ,  status ,  status_message ,  tag_name ,  product_subsystem_id ,  release_version_id ,  tag_url ) VALUES (141183, 'AAAA_SUBSISTEMAEPHOENIX_BUILD', 'DONE', 'AAAA_SUBSISTEMAEPHOENIX_BUILD', 'v3.0', 102481, 141182, 'http://llnova601.igrupobbva:9999/AAAA/subsistemaephoenix/tree/v3.0');
INSERT INTO  release_version_subsystem  ( id ,  compilation_job_name ,  status ,  status_message ,  tag_name ,  product_subsystem_id ,  release_version_id ,  tag_url ) VALUES (141244, 'AAAA_SUBSISTEMAEPHOENIX_BUILD', 'ERROR', 'AAAA_SUBSISTEMAEPHOENIX_BUILD', 'v3.0', 102481, 141243, 'http://llnova601.igrupobbva:9999/AAAA/subsistemaephoenix/tree/v3.0');
INSERT INTO  release_version_subsystem  ( id ,  compilation_job_name ,  status ,  status_message ,  tag_name ,  product_subsystem_id ,  release_version_id ,  tag_url ) VALUES (141297, 'AAAA_SUBSISTEMAEPHOENIX_BUILD', 'ERROR', 'AAAA_SUBSISTEMAEPHOENIX_BUILD', 'v3.0', 102481, 141296, 'http://llnova601.igrupobbva:9999/AAAA/subsistemaephoenix/tree/v3.0');
INSERT INTO  release_version_subsystem  ( id ,  compilation_job_name ,  status ,  status_message ,  tag_name ,  product_subsystem_id ,  release_version_id ,  tag_url ) VALUES (141342, 'AAAA_SUBSISTEMAEPHOENIX_BUILD', 'ERROR', 'AAAA_SUBSISTEMAEPHOENIX_BUILD', 'v3.0', 102481, 141341, 'http://llnova601.igrupobbva:9999/AAAA/subsistemaephoenix/tree/v3.0');
INSERT INTO  release_version_subsystem  ( id ,  compilation_job_name ,  status ,  status_message ,  tag_name ,  product_subsystem_id ,  release_version_id ,  tag_url ) VALUES (141403, 'AAAA_SUBSISTEMAEPHOENIX_BUILD', 'DONE', 'AAAA_SUBSISTEMAEPHOENIX_BUILD', 'v3.0', 102481, 141402, 'http://llnova601.igrupobbva:9999/AAAA/subsistemaephoenix/tree/v3.0');
INSERT INTO  release_version_subsystem  ( id ,  compilation_job_name ,  status ,  status_message ,  tag_name ,  product_subsystem_id ,  release_version_id ,  tag_url ) VALUES (141496, 'AAAA_SUBSISTEMAEPHOENIX_BUILD', 'ERROR', 'AAAA_SUBSISTEMAEPHOENIX_BUILD', 'v3.0', 102481, 141495, 'http://llnova601.igrupobbva:9999/AAAA/subsistemaephoenix/tree/v3.0');
INSERT INTO  release_version_subsystem  ( id ,  compilation_job_name ,  status ,  status_message ,  tag_name ,  product_subsystem_id ,  release_version_id ,  tag_url ) VALUES (141693, 'AAAA_SUBSISTEMAEPHOENIX_BUILD', 'ERROR', 'AAAA_SUBSISTEMAEPHOENIX_BUILD', 'v3.0', 102481, 141692, 'http://llnova601.igrupobbva:9999/AAAA/subsistemaephoenix/tree/v3.0');
INSERT INTO  release_version_subsystem  ( id ,  compilation_job_name ,  status ,  status_message ,  tag_name ,  product_subsystem_id ,  release_version_id ,  tag_url ) VALUES (141738, 'PRUE_PRIMERSUBSISTEMA_BUILD', 'ERROR', 'PRUE_PRIMERSUBSISTEMA_BUILD', 'v2.0', 118218, 141737, 'http://llnova601.igrupobbva:9999/PRUE/primersubsistema/tree/v2.0');
INSERT INTO  release_version_subsystem  ( id ,  compilation_job_name ,  status ,  status_message ,  tag_name ,  product_subsystem_id ,  release_version_id ,  tag_url ) VALUES (141791, 'PRUE_PRIMERSUBSISTEMA_BUILD', 'ERROR', 'PRUE_PRIMERSUBSISTEMA_BUILD', 'v2.0', 118218, 141790, 'http://llnova601.igrupobbva:9999/PRUE/primersubsistema/tree/v2.0');
INSERT INTO  release_version_subsystem  ( id ,  compilation_job_name ,  status ,  status_message ,  tag_name ,  product_subsystem_id ,  release_version_id ,  tag_url ) VALUES (141836, 'PRUE_PRIMERSUBSISTEMA_BUILD', 'ERROR', 'PRUE_PRIMERSUBSISTEMA_BUILD', 'v2.0', 118218, 141835, 'http://llnova601.igrupobbva:9999/PRUE/primersubsistema/tree/v2.0');
INSERT INTO  release_version_subsystem  ( id ,  compilation_job_name ,  status ,  status_message ,  tag_name ,  product_subsystem_id ,  release_version_id ,  tag_url ) VALUES (141881, 'PRUE_PRIMERSUBSISTEMA_BUILD', 'ERROR', 'PRUE_PRIMERSUBSISTEMA_BUILD', 'v2.0', 118218, 141880, 'http://llnova601.igrupobbva:9999/PRUE/primersubsistema/tree/v2.0');
INSERT INTO  release_version_subsystem  ( id ,  compilation_job_name ,  status ,  status_message ,  tag_name ,  product_subsystem_id ,  release_version_id ,  tag_url ) VALUES (141971, 'PRUE_PRIMERSUBSISTEMA_BUILD', 'DONE', 'PRUE_PRIMERSUBSISTEMA_BUILD', 'v2.0', 118218, 141970, 'http://llnova601.igrupobbva:9999/PRUE/primersubsistema/tree/v2.0');
INSERT INTO  release_version_subsystem  ( id ,  compilation_job_name ,  status ,  status_message ,  tag_name ,  product_subsystem_id ,  release_version_id ,  tag_url ) VALUES (142024, 'PRUE_PRIMERSUBSISTEMA_BUILD', 'DONE', 'PRUE_PRIMERSUBSISTEMA_BUILD', 'v2.0', 136498, 142023, 'http://llnova601.igrupobbva:9999/PRUE/primersubsistema/tree/v2.0');
INSERT INTO  release_version_subsystem  ( id ,  compilation_job_name ,  status ,  status_message ,  tag_name ,  product_subsystem_id ,  release_version_id ,  tag_url ) VALUES (142074, 'AAAA_ADRI_BUILD', 'ERROR', 'AAAA_ADRI_BUILD', 'v1.0', 142068, 142073, 'http://llnova601.igrupobbva:9999/AAAA/adri/tree/v1.0');
INSERT INTO  release_version_subsystem  ( id ,  compilation_job_name ,  status ,  status_message ,  tag_name ,  product_subsystem_id ,  release_version_id ,  tag_url ) VALUES (142104, 'AAAA_ADRI_BUILD', 'DONE', 'AAAA_ADRI_BUILD', 'v1.0', 142068, 142103, 'http://llnova601.igrupobbva:9999/AAAA/adri/tree/v1.0');
INSERT INTO  release_version_subsystem  ( id ,  compilation_job_name ,  status ,  status_message ,  tag_name ,  product_subsystem_id ,  release_version_id ,  tag_url ) VALUES (142142, 'AAAA_ADRI_BUILD', 'DONE', 'AAAA_ADRI_BUILD', 'v1.0', 142068, 142141, 'http://llnova601.igrupobbva:9999/AAAA/adri/tree/v1.0');
INSERT INTO  release_version_subsystem  ( id ,  compilation_job_name ,  status ,  status_message ,  tag_name ,  product_subsystem_id ,  release_version_id ,  tag_url ) VALUES (142176, 'AAAA_ADRI_BUILD', 'DONE', 'AAAA_ADRI_BUILD', 'v1.0', 142068, 142175, 'http://llnova601.igrupobbva:9999/AAAA/adri/tree/v1.0');
INSERT INTO  release_version_subsystem  ( id ,  compilation_job_name ,  status ,  status_message ,  tag_name ,  product_subsystem_id ,  release_version_id ,  tag_url ) VALUES (144516, 'AAAA_ADRI_BUILD', 'ERROR', 'AAAA_ADRI_BUILD', 'v1.0', 142068, 144515, 'http://llnova601.igrupobbva:9999/AAAA/adri/tree/v1.0');
INSERT INTO  release_version_subsystem  ( id ,  compilation_job_name ,  status ,  status_message ,  tag_name ,  product_subsystem_id ,  release_version_id ,  tag_url ) VALUES (145431, 'KLYR_CALYPSO_BUILD', 'ERROR', 'KLYR_CALYPSO_BUILD', 'v2.0', 124589, 145430, 'http://llnova601.igrupobbva:9999/KLYR/calypso/tree/v2.0');
INSERT INTO  release_version_subsystem  ( id ,  compilation_job_name ,  status ,  status_message ,  tag_name ,  product_subsystem_id ,  release_version_id ,  tag_url ) VALUES (145506, 'KLYR_CALYPSO_BUILD', 'DONE', 'KLYR_CALYPSO_BUILD', 'v2.0.1', 124589, 145505, 'http://llnova601.igrupobbva:9999/KLYR/calypso/tree/v2.0.1');
INSERT INTO  release_version_subsystem  ( id ,  compilation_job_name ,  status ,  status_message ,  tag_name ,  product_subsystem_id ,  release_version_id ,  tag_url ) VALUES (147915, 'KETR_MDSGLOBAL_BUILD', 'DONE', 'KETR_MDSGLOBAL_BUILD', 'v.1.0.7', 137998, 147914, 'http://llnova601.igrupobbva:9999/KETR/mdsglobal/tree/v.1.0.7');
INSERT INTO  release_version_subsystem  ( id ,  compilation_job_name ,  status ,  status_message ,  tag_name ,  product_subsystem_id ,  release_version_id ,  tag_url ) VALUES (147950, 'KLYR_CALYPSO_BUILD', 'DONE', 'KLYR_CALYPSO_BUILD', 'v2.0.2', 124589, 147949, 'http://llnova601.igrupobbva:9999/KLYR/calypso/tree/v2.0.2');
INSERT INTO  release_version_subsystem  ( id ,  compilation_job_name ,  status ,  status_message ,  tag_name ,  product_subsystem_id ,  release_version_id ,  tag_url ) VALUES (148117, 'KETR_MDSGLOBAL_BUILD', 'DONE', 'KETR_MDSGLOBAL_BUILD', 'v.1.0.8', 137998, 148116, 'http://llnova601.igrupobbva:9999/KETR/mdsglobal/tree/v.1.0.8');
INSERT INTO  release_version_subsystem  ( id ,  compilation_job_name ,  status ,  status_message ,  tag_name ,  product_subsystem_id ,  release_version_id ,  tag_url ) VALUES (148224, 'KLYR_CALYPSO_BUILD', 'DONE', 'KLYR_CALYPSO_BUILD', 'v2.0.3', 124589, 148223, 'http://llnova601.igrupobbva:9999/KLYR/calypso/tree/v2.0.3');
INSERT INTO  release_version_subsystem  ( id ,  compilation_job_name ,  status ,  status_message ,  tag_name ,  product_subsystem_id ,  release_version_id ,  tag_url ) VALUES (148923, 'KLYR_CALYPSO_BUILD', 'DONE', 'KLYR_CALYPSO_BUILD', 'v2.0.4', 124589, 148922, 'http://llnova601.igrupobbva:9999/KLYR/calypso/tree/v2.0.4');
INSERT INTO  release_version_subsystem  ( id ,  compilation_job_name ,  status ,  status_message ,  tag_name ,  product_subsystem_id ,  release_version_id ,  tag_url ) VALUES (169821, 'KLYR_CALYPSO_BUILD', 'DONE', 'KLYR_CALYPSO_BUILD', 'v3.0', 124589, 169820, 'http://llnova601.igrupobbva:9999/KLYR/calypso/tree/v3.0');
INSERT INTO  release_version_subsystem  ( id ,  compilation_job_name ,  status ,  status_message ,  tag_name ,  product_subsystem_id ,  release_version_id ,  tag_url ) VALUES (171305, 'KLYR_CALYPSO_BUILD', 'ERROR', 'KLYR_CALYPSO_BUILD', 'v3.0.1', 124589, 171304, 'http://llnova601.igrupobbva:9999/KLYR/calypso/tree/v3.0.1');
INSERT INTO  release_version_subsystem  ( id ,  compilation_job_name ,  status ,  status_message ,  tag_name ,  product_subsystem_id ,  release_version_id ,  tag_url ) VALUES (171374, 'KLYR_CALYPSO_BUILD', 'DONE', 'KLYR_CALYPSO_BUILD', 'v3.0.2', 124589, 171373, 'http://llnova601.igrupobbva:9999/KLYR/calypso/tree/v3.0.2');
INSERT INTO  release_version_subsystem  ( id ,  compilation_job_name ,  status ,  status_message ,  tag_name ,  product_subsystem_id ,  release_version_id ,  tag_url ) VALUES (171506, 'KLYR_CALYPSO_BUILD', 'DONE', 'KLYR_CALYPSO_BUILD', 'v3.0.3', 124589, 171505, 'http://llnova601.igrupobbva:9999/KLYR/calypso/tree/v3.0.3');
INSERT INTO  release_version_subsystem  ( id ,  compilation_job_name ,  status ,  status_message ,  tag_name ,  product_subsystem_id ,  release_version_id ,  tag_url ) VALUES (171625, 'KLYR_CALYPSO_BUILD', 'DONE', 'KLYR_CALYPSO_BUILD', 'v3.0.4', 124589, 171624, 'http://llnova601.igrupobbva:9999/KLYR/calypso/tree/v3.0.4');
INSERT INTO  release_version_subsystem  ( id ,  compilation_job_name ,  status ,  status_message ,  tag_name ,  product_subsystem_id ,  release_version_id ,  tag_url ) VALUES (174191, 'KLYR_CALYPSO_BUILD', 'DONE', 'KLYR_CALYPSO_BUILD', 'v4.0.0', 124589, 174190, 'http://llnova601.igrupobbva:9999/KLYR/calypso/tree/v4.0.0');
INSERT INTO  release_version_subsystem  ( id ,  compilation_job_name ,  status ,  status_message ,  tag_name ,  product_subsystem_id ,  release_version_id ,  tag_url ) VALUES (174323, 'KLYR_CALYPSO_BUILD', 'DONE', 'KLYR_CALYPSO_BUILD', 'v4.0.1', 124589, 174322, 'http://llnova601.igrupobbva:9999/KLYR/calypso/tree/v4.0.1');
INSERT INTO  release_version_subsystem  ( id ,  compilation_job_name ,  status ,  status_message ,  tag_name ,  product_subsystem_id ,  release_version_id ,  tag_url ) VALUES (193796, 'DEMO_MARKET_BUILD', 'DONE', 'DEMO_MARKET_BUILD', 'v3.1.0', 55961, 193795, 'http://llnova601.igrupobbva:9999/DEMO/market/tree/v3.1.0');
INSERT INTO  release_version_subsystem  ( id ,  compilation_job_name ,  status ,  status_message ,  tag_name ,  product_subsystem_id ,  release_version_id ,  tag_url ) VALUES (197897, 'DEMO_MARKET_BUILD', 'DONE', 'DEMO_MARKET_BUILD', 'v3.1.0', 55961, 197896, 'http://llnova601.igrupobbva:9999/DEMO/market/tree/v3.1.0');
INSERT INTO  release_version_subsystem  ( id ,  compilation_job_name ,  status ,  status_message ,  tag_name ,  product_subsystem_id ,  release_version_id ,  tag_url ) VALUES (197906, 'DEMO_VISOR_BUILD', 'DONE', 'DEMO_VISOR_BUILD', 'v3.1.0', 55965, 197896, 'http://llnova601.igrupobbva:9999/DEMO/visor/tree/v3.1.0');
INSERT INTO  release_version_subsystem  ( id ,  compilation_job_name ,  status ,  status_message ,  tag_name ,  product_subsystem_id ,  release_version_id ,  tag_url ) VALUES (201029, 'DEMO_MARKET_BUILD', 'DONE', 'DEMO_MARKET_BUILD', 'v3.1.0', 55961, 201028, 'http://llnova601.igrupobbva:9999/DEMO/market/tree/v3.1.0');
INSERT INTO  release_version_subsystem  ( id ,  compilation_job_name ,  status ,  status_message ,  tag_name ,  product_subsystem_id ,  release_version_id ,  tag_url ) VALUES (201038, 'DEMO_VISOR_BUILD', 'DONE', 'DEMO_VISOR_BUILD', 'v3.1.0', 55965, 201028, 'http://llnova601.igrupobbva:9999/DEMO/visor/tree/v3.1.0');
INSERT INTO  release_version_subsystem  ( id ,  compilation_job_name ,  status ,  status_message ,  tag_name ,  product_subsystem_id ,  release_version_id ,  tag_url ) VALUES (201522, 'KLYR_CALYPSO_BUILD', 'DONE', 'KLYR_CALYPSO_BUILD', 'v4.0.1', 124589, 201521, 'http://llnova601.igrupobbva:9999/KLYR/calypso/tree/v4.0.1');
INSERT INTO  release_version_subsystem  ( id ,  compilation_job_name ,  status ,  status_message ,  tag_name ,  product_subsystem_id ,  release_version_id ,  tag_url ) VALUES (201576, 'KETR_MDSGLOBAL_BUILD', 'DONE', 'KETR_MDSGLOBAL_BUILD', 'v.1.0.8', 137998, 201575, 'http://llnova601.igrupobbva:9999/KETR/mdsglobal/tree/v.1.0.8');
INSERT INTO  release_version_subsystem  ( id ,  compilation_job_name ,  status ,  status_message ,  tag_name ,  product_subsystem_id ,  release_version_id ,  tag_url ) VALUES (203188, 'XYZT_SBSPRUEBA_BUILD', 'ERROR', 'XYZT_SBSPRUEBA_BUILD', 'v1.0', 120445, 203187, 'http://llnova601.igrupobbva:9999/XYZT/sbsprueba/tree/v1.0');
INSERT INTO  release_version_subsystem  ( id ,  compilation_job_name ,  status ,  status_message ,  tag_name ,  product_subsystem_id ,  release_version_id ,  tag_url ) VALUES (203673, 'QWJJ_EPHOENIXBATCH_BUILD', 'ERROR', 'QWJJ_EPHOENIXBATCH_BUILD', 'v1.0', 119754, 203672, 'http://llnova601.igrupobbva:9999/QWJJ/ephoenixbatch/tree/v1.0');
INSERT INTO  release_version_subsystem  ( id ,  compilation_job_name ,  status ,  status_message ,  tag_name ,  product_subsystem_id ,  release_version_id ,  tag_url ) VALUES (203721, 'QWJJ_EPHOENIXBATCH_BUILD', 'ERROR', 'QWJJ_EPHOENIXBATCH_BUILD', 'v1.0', 119754, 203720, 'http://llnova601.igrupobbva:9999/QWJJ/ephoenixbatch/tree/v1.0');
INSERT INTO  release_version_subsystem  ( id ,  compilation_job_name ,  status ,  status_message ,  tag_name ,  product_subsystem_id ,  release_version_id ,  tag_url ) VALUES (203820, 'KETR_MDSGLOBAL_BUILD', 'DONE', 'KETR_MDSGLOBAL_BUILD', 'v.1.0.7', 137998, 203819, 'http://llnova601.igrupobbva:9999/KETR/mdsglobal/tree/v.1.0.7');
INSERT INTO  release_version_subsystem  ( id ,  compilation_job_name ,  status ,  status_message ,  tag_name ,  product_subsystem_id ,  release_version_id ,  tag_url ) VALUES (204024, 'DEMO_MARKET_BUILD', 'DONE', 'DEMO_MARKET_BUILD', 'v3.1.0', 55961, 204023, 'http://llnova601.igrupobbva:9999/DEMO/market/tree/v3.1.0');
INSERT INTO  release_version_subsystem  ( id ,  compilation_job_name ,  status ,  status_message ,  tag_name ,  product_subsystem_id ,  release_version_id ,  tag_url ) VALUES (204033, 'DEMO_VISOR_BUILD', 'DONE', 'DEMO_VISOR_BUILD', 'v3.1.0', 55965, 204023, 'http://llnova601.igrupobbva:9999/DEMO/visor/tree/v3.1.0');
INSERT INTO  release_version_subsystem  ( id ,  compilation_job_name ,  status ,  status_message ,  tag_name ,  product_subsystem_id ,  release_version_id ,  tag_url ) VALUES (215742, 'KLYR_CALYPSO_BUILD', 'ERROR', 'KLYR_CALYPSO_BUILD', 'v4.0.2', 124589, 215741, 'http://llnova601.igrupobbva:9999/KLYR/calypso/tree/v4.0.2');
INSERT INTO  release_version_subsystem  ( id ,  compilation_job_name ,  status ,  status_message ,  tag_name ,  product_subsystem_id ,  release_version_id ,  tag_url ) VALUES (217051, 'LUPR_BACK_BUILD', 'DONE', 'LUPR_BACK_BUILD', 'v1.0.27', 85934, 217050, 'http://llnova601.igrupobbva:9999/LUPR/back/tree/v1.0.27');
INSERT INTO  release_version_subsystem  ( id ,  compilation_job_name ,  status ,  status_message ,  tag_name ,  product_subsystem_id ,  release_version_id ,  tag_url ) VALUES (217154, 'DEMO_MARKET_BUILD', 'DONE', 'DEMO_MARKET_BUILD', 'v3.1.0', 55961, 217153, 'http://llnova601.igrupobbva:9999/DEMO/market/tree/v3.1.0');
INSERT INTO  release_version_subsystem  ( id ,  compilation_job_name ,  status ,  status_message ,  tag_name ,  product_subsystem_id ,  release_version_id ,  tag_url ) VALUES (217218, 'DEMO_MARKET_BUILD', 'DONE', 'DEMO_MARKET_BUILD', 'v3.0.2', 55961, 217217, 'http://llnova601.igrupobbva:9999/DEMO/market/tree/v3.0.2');
INSERT INTO  release_version_subsystem  ( id ,  compilation_job_name ,  status ,  status_message ,  tag_name ,  product_subsystem_id ,  release_version_id ,  tag_url ) VALUES (217959, 'DEMO_MARKET_BUILD', 'DONE', 'DEMO_MARKET_BUILD', 'v3.1.1', 55961, 217958, 'http://llnova601.igrupobbva:9999/DEMO/market/tree/v3.1.1');
INSERT INTO  release_version_subsystem  ( id ,  compilation_job_name ,  status ,  status_message ,  tag_name ,  product_subsystem_id ,  release_version_id ,  tag_url ) VALUES (217981, 'DEMO_MARKET_BUILD', 'DONE', 'DEMO_MARKET_BUILD', 'v3.1.1', 55961, 217980, 'http://llnova601.igrupobbva:9999/DEMO/market/tree/v3.1.1');
INSERT INTO  release_version_subsystem  ( id ,  compilation_job_name ,  status ,  status_message ,  tag_name ,  product_subsystem_id ,  release_version_id ,  tag_url ) VALUES (218132, 'DEMO_MARKET_BUILD', 'DONE', 'DEMO_MARKET_BUILD', '3.1.2', 55961, 218131, 'http://llnova601.igrupobbva:9999/DEMO/market/tree/3.1.2');
INSERT INTO  release_version_subsystem  ( id ,  compilation_job_name ,  status ,  status_message ,  tag_name ,  product_subsystem_id ,  release_version_id ,  tag_url ) VALUES (218328, 'DEMO_VISOR_BUILD', 'DONE', 'DEMO_VISOR_BUILD', 'v3.1.0', 55965, 218327, 'http://llnova601.igrupobbva:9999/DEMO/visor/tree/v3.1.0');




INSERT INTO  release_version_service  ( id ,  artifact_id ,  description ,  final_name ,  folder ,  group_id ,  image_name ,  nova_version ,  service_name ,  service_type ,  version ,  version_subsystem_id ,  ephoenix_data_id ,  node_package_file_id ,  project_definition_file_id  ) VALUES (110, 'eureka', 'com.bbva.enoa.discovery.eureka', 'com.bbva.enoa.discovery-eureka', 'eureka', 'com.bbva.enoa.discovery', 'com.bbva.enoa.discovery/eureka-nova2:1.0.0', '2', 'com.bbva.enoa.discovery-eureka', 'NOVA', '1.0.0', 29378, NULL, NULL, NULL);
INSERT INTO  release_version_service  ( id ,  artifact_id ,  description ,  final_name ,  folder ,  group_id ,  image_name ,  nova_version ,  service_name ,  service_type ,  version ,  version_subsystem_id ,  ephoenix_data_id ,  node_package_file_id ,  project_definition_file_id  ) VALUES (29379, 'serviceon', 'NOVA Platform - Service On', 'com.bbva.enoa.test.exampleapp-serviceon', 'serviceon', 'com.bbva.enoa.test.exampleapp', 'com.bbva.enoa.test.exampleapp/serviceone-novatest.dev:1.0.0', '2', 'serviceon', 'NOVA', '1.0.0', 29378, NULL, NULL, NULL);
INSERT INTO  release_version_service  ( id ,  artifact_id ,  description ,  final_name ,  folder ,  group_id ,  image_name ,  nova_version ,  service_name ,  service_type ,  version ,  version_subsystem_id ,  ephoenix_data_id ,  node_package_file_id ,  project_definition_file_id  ) VALUES (29380, 'servicetwo', 'NOVA Platform - Service Two', 'com.bbva.enoa.test.exampleapp-servicetwo', 'servicetwo', 'com.bbva.enoa.test.exampleapp', 'com.bbva.enoa.test.exampleapp/servicetwo-novatest.dev:1.0.0', '2', 'servicetwo', 'NOVA', '1.0.0', 29378, NULL, NULL, NULL);
INSERT INTO  release_version_service  ( id ,  artifact_id ,  description ,  final_name ,  folder ,  group_id ,  image_name ,  nova_version ,  service_name ,  service_type ,  version ,  version_subsystem_id ,  ephoenix_data_id ,  node_package_file_id ,  project_definition_file_id  ) VALUES (29394, 'serviceon', 'NOVA Platform - Service On', 'com.bbva.enoa.test.exampleapp-serviceon', 'serviceon', 'com.bbva.enoa.test.exampleapp', 'com.bbva.enoa.test.exampleapp/serviceone-novatest.dev:1.0.0', '2', 'serviceon', 'NOVA', '1.0.0', 29393, NULL, NULL, NULL);
INSERT INTO  release_version_service  ( id ,  artifact_id ,  description ,  final_name ,  folder ,  group_id ,  image_name ,  nova_version ,  service_name ,  service_type ,  version ,  version_subsystem_id ,  ephoenix_data_id ,  node_package_file_id ,  project_definition_file_id  ) VALUES (29395, 'servicetwo', 'NOVA Platform - Service Two', 'com.bbva.enoa.test.exampleapp-servicetwo', 'servicetwo', 'com.bbva.enoa.test.exampleapp', 'com.bbva.enoa.test.exampleapp/servicetwo-novatest.dev:1.0.0', '2', 'servicetwo', 'NOVA_BATCH', '1.0.0', 29393, NULL, NULL, NULL);
INSERT INTO  release_version_service  ( id ,  artifact_id ,  description ,  final_name ,  folder ,  group_id ,  image_name ,  nova_version ,  service_name ,  service_type ,  version ,  version_subsystem_id ,  ephoenix_data_id ,  node_package_file_id ,  project_definition_file_id  ) VALUES (31503, 'serviceon', 'NOVA Platform - Service On', 'com.bbva.enoa.test.exampleapp-serviceon', 'serviceon', 'com.bbva.enoa.test.exampleapp', 'com.bbva.enoa.test.exampleapp/serviceone-reléase otra vez:1.0.0', '2', 'serviceon', 'NOVA', '1.0.0', 31502, NULL, NULL, NULL);
INSERT INTO  release_version_service  ( id ,  artifact_id ,  description ,  final_name ,  folder ,  group_id ,  image_name ,  nova_version ,  service_name ,  service_type ,  version ,  version_subsystem_id ,  ephoenix_data_id ,  node_package_file_id ,  project_definition_file_id  ) VALUES (31504, 'servicetwo', 'NOVA Platform - Service Two', 'com.bbva.enoa.test.exampleapp-servicetwo', 'servicetwo', 'com.bbva.enoa.test.exampleapp', 'com.bbva.enoa.test.exampleapp/servicetwo-reléase otra vez:1.0.0', '2', 'servicetwo', 'NOVA', '1.0.0', 31502, NULL, NULL, NULL);
INSERT INTO  release_version_service  ( id ,  artifact_id ,  description ,  final_name ,  folder ,  group_id ,  image_name ,  nova_version ,  service_name ,  service_type ,  version ,  version_subsystem_id ,  ephoenix_data_id ,  node_package_file_id ,  project_definition_file_id  ) VALUES (34521, 'serviceon', 'NOVA Platform - Service On', 'com.bbva.enoa.test.exampleapp-serviceon', 'serviceon', 'com.bbva.enoa.test.exampleapp', 'com.bbva.enoa.test.exampleapp/serviceone-reléase otra vez:1.0.0', '2', 'serviceon', 'NOVA', '1.0.0', 34520, NULL, NULL, NULL);
INSERT INTO  release_version_service  ( id ,  artifact_id ,  description ,  final_name ,  folder ,  group_id ,  image_name ,  nova_version ,  service_name ,  service_type ,  version ,  version_subsystem_id ,  ephoenix_data_id ,  node_package_file_id ,  project_definition_file_id  ) VALUES (34522, 'servicetwo', 'NOVA Platform - Service Two', 'com.bbva.enoa.test.exampleapp-servicetwo', 'servicetwo', 'com.bbva.enoa.test.exampleapp', 'com.bbva.enoa.test.exampleapp/servicetwo-reléase otra vez:1.0.0', '2', 'servicetwo', 'NOVA', '1.0.0', 34520, NULL, NULL, NULL);
INSERT INTO  release_version_service  ( id ,  artifact_id ,  description ,  final_name ,  folder ,  group_id ,  image_name ,  nova_version ,  service_name ,  service_type ,  version ,  version_subsystem_id ,  ephoenix_data_id ,  node_package_file_id ,  project_definition_file_id  ) VALUES (34543, 'serviceon', 'NOVA Platform - Service On', 'com.bbva.enoa.test.exampleapp-serviceon', 'serviceon', 'com.bbva.enoa.test.exampleapp', 'com.bbva.enoa.test.exampleapp/serviceone-r1:1.0.0', '2', 'serviceon', 'NOVA', '1.0.0', 34542, NULL, NULL, NULL);
INSERT INTO  release_version_service  ( id ,  artifact_id ,  description ,  final_name ,  folder ,  group_id ,  image_name ,  nova_version ,  service_name ,  service_type ,  version ,  version_subsystem_id ,  ephoenix_data_id ,  node_package_file_id ,  project_definition_file_id  ) VALUES (34544, 'servicetwo', 'NOVA Platform - Service Two', 'com.bbva.enoa.test.exampleapp-servicetwo', 'servicetwo', 'com.bbva.enoa.test.exampleapp', 'com.bbva.enoa.test.exampleapp/servicetwo-r1:1.0.0', '2', 'servicetwo', 'NOVA', '1.0.0', 34542, NULL, NULL, NULL);
INSERT INTO  release_version_service  ( id ,  artifact_id ,  description ,  final_name ,  folder ,  group_id ,  image_name ,  nova_version ,  service_name ,  service_type ,  version ,  version_subsystem_id ,  ephoenix_data_id ,  node_package_file_id ,  project_definition_file_id  ) VALUES (34560, 'serviceon', 'NOVA Platform - Service On', 'com.bbva.enoa.test.exampleapp-serviceon', 'serviceon', 'com.bbva.enoa.test.exampleapp', 'com.bbva.enoa.test.exampleapp/serviceone-r1:1.0.0', '2', 'serviceon', 'NOVA', '1.0.0', 34559, NULL, NULL, NULL);
INSERT INTO  release_version_service  ( id ,  artifact_id ,  description ,  final_name ,  folder ,  group_id ,  image_name ,  nova_version ,  service_name ,  service_type ,  version ,  version_subsystem_id ,  ephoenix_data_id ,  node_package_file_id ,  project_definition_file_id  ) VALUES (34561, 'servicetwo', 'NOVA Platform - Service Two', 'com.bbva.enoa.test.exampleapp-servicetwo', 'servicetwo', 'com.bbva.enoa.test.exampleapp', 'com.bbva.enoa.test.exampleapp/servicetwo-r1:1.0.0', '2', 'servicetwo', 'NOVA', '1.0.0', 34559, NULL, NULL, NULL);
INSERT INTO  release_version_service  ( id ,  artifact_id ,  description ,  final_name ,  folder ,  group_id ,  image_name ,  nova_version ,  service_name ,  service_type ,  version ,  version_subsystem_id ,  ephoenix_data_id ,  node_package_file_id ,  project_definition_file_id  ) VALUES (34605, 'serviceon', 'NOVA Platform - Service On', 'com.bbva.enoa.test.exampleapp-serviceon', 'serviceon', 'com.bbva.enoa.test.exampleapp', 'com.bbva.enoa.test.exampleapp/serviceone-r1:1.0.0', '2', 'serviceon', 'NOVA', '1.0.0', 34604, NULL, NULL, NULL);
INSERT INTO  release_version_service  ( id ,  artifact_id ,  description ,  final_name ,  folder ,  group_id ,  image_name ,  nova_version ,  service_name ,  service_type ,  version ,  version_subsystem_id ,  ephoenix_data_id ,  node_package_file_id ,  project_definition_file_id  ) VALUES (34606, 'servicetwo', 'NOVA Platform - Service Two', 'com.bbva.enoa.test.exampleapp-servicetwo', 'servicetwo', 'com.bbva.enoa.test.exampleapp', 'com.bbva.enoa.test.exampleapp/servicetwo-r1:1.0.0', '2', 'servicetwo', 'NOVA', '1.0.0', 34604, NULL, NULL, NULL);
INSERT INTO  release_version_service  ( id ,  artifact_id ,  description ,  final_name ,  folder ,  group_id ,  image_name ,  nova_version ,  service_name ,  service_type ,  version ,  version_subsystem_id ,  ephoenix_data_id ,  node_package_file_id ,  project_definition_file_id  ) VALUES (34662, 'serviceon', 'NOVA Platform - Service On', 'com.bbva.enoa.test.exampleapp-serviceon', 'serviceon', 'com.bbva.enoa.test.exampleapp', 'com.bbva.enoa.test.exampleapp/serviceone-r1:1.0.0', '2', 'serviceon', 'NOVA', '1.0.0', 34661, NULL, NULL, NULL);
INSERT INTO  release_version_service  ( id ,  artifact_id ,  description ,  final_name ,  folder ,  group_id ,  image_name ,  nova_version ,  service_name ,  service_type ,  version ,  version_subsystem_id ,  ephoenix_data_id ,  node_package_file_id ,  project_definition_file_id  ) VALUES (34663, 'servicetwo', 'NOVA Platform - Service Two', 'com.bbva.enoa.test.exampleapp-servicetwo', 'servicetwo', 'com.bbva.enoa.test.exampleapp', 'com.bbva.enoa.test.exampleapp/servicetwo-r1:1.0.0', '2', 'servicetwo', 'NOVA', '1.0.0', 34661, NULL, NULL, NULL);
INSERT INTO  release_version_service  ( id ,  artifact_id ,  description ,  final_name ,  folder ,  group_id ,  image_name ,  nova_version ,  service_name ,  service_type ,  version ,  version_subsystem_id ,  ephoenix_data_id ,  node_package_file_id ,  project_definition_file_id  ) VALUES (34923, 'serviceon', 'NOVA Platform - Service On', 'com.bbva.enoa.test.exampleapp-serviceon', 'serviceon', 'com.bbva.enoa.test.exampleapp', 'com.bbva.enoa.test.exampleapp/serviceone-r1:1.0.0', '2', 'serviceon', 'NOVA', '1.0.0', 34922, NULL, NULL, NULL);
INSERT INTO  release_version_service  ( id ,  artifact_id ,  description ,  final_name ,  folder ,  group_id ,  image_name ,  nova_version ,  service_name ,  service_type ,  version ,  version_subsystem_id ,  ephoenix_data_id ,  node_package_file_id ,  project_definition_file_id  ) VALUES (34924, 'servicetwo', 'NOVA Platform - Service Two', 'com.bbva.enoa.test.exampleapp-servicetwo', 'servicetwo', 'com.bbva.enoa.test.exampleapp', 'com.bbva.enoa.test.exampleapp/servicetwo-r1:1.0.0', '2', 'servicetwo', 'NOVA', '1.0.0', 34922, NULL, NULL, NULL);
INSERT INTO  release_version_service  ( id ,  artifact_id ,  description ,  final_name ,  folder ,  group_id ,  image_name ,  nova_version ,  service_name ,  service_type ,  version ,  version_subsystem_id ,  ephoenix_data_id ,  node_package_file_id ,  project_definition_file_id  ) VALUES (34961, 'serviceon', 'NOVA Platform - Service On', 'com.bbva.enoa.test.exampleapp-serviceon', 'serviceon', 'com.bbva.enoa.test.exampleapp', 'com.bbva.enoa.test.exampleapp/serviceone-r1:1.0.0', '2', 'serviceon', 'NOVA', '1.0.0', 34960, NULL, NULL, NULL);
INSERT INTO  release_version_service  ( id ,  artifact_id ,  description ,  final_name ,  folder ,  group_id ,  image_name ,  nova_version ,  service_name ,  service_type ,  version ,  version_subsystem_id ,  ephoenix_data_id ,  node_package_file_id ,  project_definition_file_id  ) VALUES (34962, 'servicetwo', 'NOVA Platform - Service Two', 'com.bbva.enoa.test.exampleapp-servicetwo', 'servicetwo', 'com.bbva.enoa.test.exampleapp', 'com.bbva.enoa.test.exampleapp/servicetwo-r1:1.0.0', '2', 'servicetwo', 'NOVA', '1.0.0', 34960, NULL, NULL, NULL);
INSERT INTO  release_version_service  ( id ,  artifact_id ,  description ,  final_name ,  folder ,  group_id ,  image_name ,  nova_version ,  service_name ,  service_type ,  version ,  version_subsystem_id ,  ephoenix_data_id ,  node_package_file_id ,  project_definition_file_id  ) VALUES (35194, 'serviceon', 'NOVA Platform - Service On', 'com.bbva.enoa.test.exampleapp-serviceon', 'serviceon', 'com.bbva.enoa.test.exampleapp', 'com.bbva.enoa.test.exampleapp/serviceone-mirelease:1.0.0', '2', 'serviceon', 'NOVA', '1.0.0', 35193, NULL, NULL, NULL);
INSERT INTO  release_version_service  ( id ,  artifact_id ,  description ,  final_name ,  folder ,  group_id ,  image_name ,  nova_version ,  service_name ,  service_type ,  version ,  version_subsystem_id ,  ephoenix_data_id ,  node_package_file_id ,  project_definition_file_id  ) VALUES (35195, 'servicetwo', 'NOVA Platform - Service Two', 'com.bbva.enoa.test.exampleapp-servicetwo', 'servicetwo', 'com.bbva.enoa.test.exampleapp', 'com.bbva.enoa.test.exampleapp/servicetwo-mirelease:1.0.0', '2', 'servicetwo', 'NOVA', '1.0.0', 35193, NULL, NULL, NULL);
INSERT INTO  release_version_service  ( id ,  artifact_id ,  description ,  final_name ,  folder ,  group_id ,  image_name ,  nova_version ,  service_name ,  service_type ,  version ,  version_subsystem_id ,  ephoenix_data_id ,  node_package_file_id ,  project_definition_file_id  ) VALUES (35235, 'serviceon', 'NOVA Platform - Service On', 'com.bbva.enoa.test.exampleapp-serviceon', 'serviceon', 'com.bbva.enoa.test.exampleapp', 'com.bbva.enoa.test.exampleapp/serviceone-r1:1.0.0', '2', 'serviceon', 'NOVA', '1.0.0', 35234, NULL, NULL, NULL);
INSERT INTO  release_version_service  ( id ,  artifact_id ,  description ,  final_name ,  folder ,  group_id ,  image_name ,  nova_version ,  service_name ,  service_type ,  version ,  version_subsystem_id ,  ephoenix_data_id ,  node_package_file_id ,  project_definition_file_id  ) VALUES (35236, 'servicethr', 'NOVA Platform - Service Thr', 'com.bbva.enoa.test.exampleapp-servicethr', 'servicethr', 'com.bbva.enoa.test.exampleapp', 'com.bbva.enoa.test.exampleapp/servicethree-r1:1.0.0', '2', 'servicethr', 'NOVA', '1.0.0', 35234, NULL, NULL, NULL);
INSERT INTO  release_version_service  ( id ,  artifact_id ,  description ,  final_name ,  folder ,  group_id ,  image_name ,  nova_version ,  service_name ,  service_type ,  version ,  version_subsystem_id ,  ephoenix_data_id ,  node_package_file_id ,  project_definition_file_id  ) VALUES (35237, 'servicetwo', 'NOVA Platform - Service Two', 'com.bbva.enoa.test.exampleapp-servicetwo', 'servicetwo', 'com.bbva.enoa.test.exampleapp', 'com.bbva.enoa.test.exampleapp/servicetwo-r1:1.0.0', '2', 'servicetwo', 'NOVA', '1.0.0', 35234, NULL, NULL, NULL);
INSERT INTO  release_version_service  ( id ,  artifact_id ,  description ,  final_name ,  folder ,  group_id ,  image_name ,  nova_version ,  service_name ,  service_type ,  version ,  version_subsystem_id ,  ephoenix_data_id ,  node_package_file_id ,  project_definition_file_id  ) VALUES (35995, 'serviceon', 'NOVA Platform - Service On', 'com.bbva.enoa.test.exampleapp-serviceon', 'serviceon', 'com.bbva.enoa.test.exampleapp', 'com.bbva.enoa.test.exampleapp/serviceone-r1:1.0.0', '2', 'serviceon', 'NOVA', '1.0.0', 35994, NULL, NULL, NULL);
INSERT INTO  release_version_service  ( id ,  artifact_id ,  description ,  final_name ,  folder ,  group_id ,  image_name ,  nova_version ,  service_name ,  service_type ,  version ,  version_subsystem_id ,  ephoenix_data_id ,  node_package_file_id ,  project_definition_file_id  ) VALUES (35996, 'servicethr', 'NOVA Platform - Service Thr', 'com.bbva.enoa.test.exampleapp-servicethr', 'servicethr', 'com.bbva.enoa.test.exampleapp', 'com.bbva.enoa.test.exampleapp/servicethree-r1:1.0.0', '2', 'servicethr', 'NOVA', '1.0.0', 35994, NULL, NULL, NULL);
INSERT INTO  release_version_service  ( id ,  artifact_id ,  description ,  final_name ,  folder ,  group_id ,  image_name ,  nova_version ,  service_name ,  service_type ,  version ,  version_subsystem_id ,  ephoenix_data_id ,  node_package_file_id ,  project_definition_file_id  ) VALUES (35997, 'servicetwo', 'NOVA Platform - Service Two', 'com.bbva.enoa.test.exampleapp-servicetwo', 'servicetwo', 'com.bbva.enoa.test.exampleapp', 'com.bbva.enoa.test.exampleapp/servicetwo-r1:1.0.0', '2', 'servicetwo', 'NOVA', '1.0.0', 35994, NULL, NULL, NULL);
INSERT INTO  release_version_service  ( id ,  artifact_id ,  description ,  final_name ,  folder ,  group_id ,  image_name ,  nova_version ,  service_name ,  service_type ,  version ,  version_subsystem_id ,  ephoenix_data_id ,  node_package_file_id ,  project_definition_file_id  ) VALUES (37880, 'serviceon', 'NOVA Platform - Service On', 'com.bbva.enoa.test.exampleapp-serviceon', 'serviceon', 'com.bbva.enoa.test.exampleapp', 'com.bbva.enoa.test.exampleapp/serviceone-prueba:1.0.0', '2', 'serviceon', 'NOVA', '1.0.0', 37879, NULL, NULL, NULL);
INSERT INTO  release_version_service  ( id ,  artifact_id ,  description ,  final_name ,  folder ,  group_id ,  image_name ,  nova_version ,  service_name ,  service_type ,  version ,  version_subsystem_id ,  ephoenix_data_id ,  node_package_file_id ,  project_definition_file_id  ) VALUES (38075, 'simple_nova_batch', 'New project for simple_nova_batch', 'com.bbva.test.simple_nova_batch-simple_nova_batch', 'mybatchtest', 'com.bbva.test.simple_nova_batch', 'com.bbva.test.simple_nova_batch/simple_nova_batch-version1:1.0.0', '2', 'simple_nova_batch', 'NOVA_SPRING_BATCH', '1.0.0', 38074, NULL, NULL, NULL);
INSERT INTO  release_version_service  ( id ,  artifact_id ,  description ,  final_name ,  folder ,  group_id ,  image_name ,  nova_version ,  service_name ,  service_type ,  version ,  version_subsystem_id ,  ephoenix_data_id ,  node_package_file_id ,  project_definition_file_id  ) VALUES (38203, 'simple_nova_batch', 'New project for simple_nova_batch', 'com.bbva.test.simple_nova_batch-simple_nova_batch', 'mybatchtest', 'com.bbva.test.simple_nova_batch', 'com.bbva.test.simple_nova_batch/simple_nova_batch-version1:1.0.0', '2', 'simple_nova_batch', 'NOVA_SPRING_BATCH', '1.0.0', 38202, NULL, NULL, NULL);
INSERT INTO  release_version_service  ( id ,  artifact_id ,  description ,  final_name ,  folder ,  group_id ,  image_name ,  nova_version ,  service_name ,  service_type ,  version ,  version_subsystem_id ,  ephoenix_data_id ,  node_package_file_id ,  project_definition_file_id  ) VALUES (38742, 'simple_nova_batch', 'New project for simple_nova_batch', 'com.bbva.test.simple_nova_batch-simple_nova_batch', 'mybatchtest', 'com.bbva.test.simple_nova_batch', 'com.bbva.test.simple_nova_batch/simple_nova_batch-version0905:1.0.0', '2', 'simple_nova_batch', 'NOVA_SPRING_BATCH', '1.0.0', 38741, NULL, NULL, NULL);
INSERT INTO  release_version_service  ( id ,  artifact_id ,  description ,  final_name ,  folder ,  group_id ,  image_name ,  nova_version ,  service_name ,  service_type ,  version ,  version_subsystem_id ,  ephoenix_data_id ,  node_package_file_id ,  project_definition_file_id  ) VALUES (38786, 'simple_nova_batch', 'New project for simple_nova_batch', 'com.bbva.test.simple_nova_batch-simple_nova_batch', 'mybatchtest', 'com.bbva.test.simple_nova_batch', 'com.bbva.test.simple_nova_batch/simple_nova_batch-newnovatask:1.0.0', '2', 'simple_nova_batch', 'NOVA_SPRING_BATCH', '1.0.0', 38785, NULL, NULL, NULL);
INSERT INTO  release_version_service  ( id ,  artifact_id ,  description ,  final_name ,  folder ,  group_id ,  image_name ,  nova_version ,  service_name ,  service_type ,  version ,  version_subsystem_id ,  ephoenix_data_id ,  node_package_file_id ,  project_definition_file_id  ) VALUES (39342, 'serviceon', 'NOVA Platform - Service On', 'com.bbva.enoa.test.exampleapp-serviceon', 'serviceon', 'com.bbva.enoa.test.exampleapp', 'com.bbva.enoa.test.exampleapp/serviceone-r1:1.0.0', '2', 'serviceon', 'NOVA', '1.0.0', 39341, NULL, NULL, NULL);
INSERT INTO  release_version_service  ( id ,  artifact_id ,  description ,  final_name ,  folder ,  group_id ,  image_name ,  nova_version ,  service_name ,  service_type ,  version ,  version_subsystem_id ,  ephoenix_data_id ,  node_package_file_id ,  project_definition_file_id  ) VALUES (39343, 'servicethr', 'NOVA Platform - Service Thr', 'com.bbva.enoa.test.exampleapp-servicethr', 'servicethr', 'com.bbva.enoa.test.exampleapp', 'com.bbva.enoa.test.exampleapp/servicethree-r1:1.0.0', '2', 'servicethr', 'NOVA', '1.0.0', 39341, NULL, NULL, NULL);
INSERT INTO  release_version_service  ( id ,  artifact_id ,  description ,  final_name ,  folder ,  group_id ,  image_name ,  nova_version ,  service_name ,  service_type ,  version ,  version_subsystem_id ,  ephoenix_data_id ,  node_package_file_id ,  project_definition_file_id  ) VALUES (39344, 'servicetwo', 'NOVA Platform - Service Two', 'com.bbva.enoa.test.exampleapp-servicetwo', 'servicetwo', 'com.bbva.enoa.test.exampleapp', 'com.bbva.enoa.test.exampleapp/servicetwo-r1:1.0.0', '2', 'servicetwo', 'NOVA', '1.0.0', 39341, NULL, NULL, NULL);
INSERT INTO  release_version_service  ( id ,  artifact_id ,  description ,  final_name ,  folder ,  group_id ,  image_name ,  nova_version ,  service_name ,  service_type ,  version ,  version_subsystem_id ,  ephoenix_data_id ,  node_package_file_id ,  project_definition_file_id  ) VALUES (39389, 'serviceon', 'NOVA Platform - Service On', 'com.bbva.enoa.test.exampleapp-serviceon', 'serviceon', 'com.bbva.enoa.test.exampleapp', 'com.bbva.enoa.test.exampleapp/serviceone-novatest.dev:1.0.0', '2', 'serviceon', 'NOVA', '1.0.0', 39388, NULL, NULL, NULL);
INSERT INTO  release_version_service  ( id ,  artifact_id ,  description ,  final_name ,  folder ,  group_id ,  image_name ,  nova_version ,  service_name ,  service_type ,  version ,  version_subsystem_id ,  ephoenix_data_id ,  node_package_file_id ,  project_definition_file_id  ) VALUES (39390, 'servicethr', 'NOVA Platform - Service Thr', 'com.bbva.enoa.test.exampleapp-servicethr', 'servicethr', 'com.bbva.enoa.test.exampleapp', 'com.bbva.enoa.test.exampleapp/servicethree-novatest.dev:1.0.0', '2', 'servicethr', 'NOVA', '1.0.0', 39388, NULL, NULL, NULL);
INSERT INTO  release_version_service  ( id ,  artifact_id ,  description ,  final_name ,  folder ,  group_id ,  image_name ,  nova_version ,  service_name ,  service_type ,  version ,  version_subsystem_id ,  ephoenix_data_id ,  node_package_file_id ,  project_definition_file_id  ) VALUES (39391, 'servicetwo', 'NOVA Platform - Service Two', 'com.bbva.enoa.test.exampleapp-servicetwo', 'servicetwo', 'com.bbva.enoa.test.exampleapp', 'com.bbva.enoa.test.exampleapp/servicetwo-novatest.dev:1.0.0', '2', 'servicetwo', 'NOVA', '1.0.0', 39388, NULL, NULL, NULL);
INSERT INTO  release_version_service  ( id ,  artifact_id ,  description ,  final_name ,  folder ,  group_id ,  image_name ,  nova_version ,  service_name ,  service_type ,  version ,  version_subsystem_id ,  ephoenix_data_id ,  node_package_file_id ,  project_definition_file_id  ) VALUES (40201, 'serviceon', 'NOVA Platform - Service On', 'com.bbva.enoa.test.exampleapp-serviceon', 'serviceon', 'com.bbva.enoa.test.exampleapp', 'com.bbva.enoa.test.exampleapp/serviceone-r2d2:1.0.0', '2', 'serviceon', 'NOVA', '1.0.0', 40200, NULL, NULL, NULL);
INSERT INTO  release_version_service  ( id ,  artifact_id ,  description ,  final_name ,  folder ,  group_id ,  image_name ,  nova_version ,  service_name ,  service_type ,  version ,  version_subsystem_id ,  ephoenix_data_id ,  node_package_file_id ,  project_definition_file_id  ) VALUES (40827, 'simple_nova_batch', 'New project for simple_nova_batch', 'com.bbva.test.simple_nova_batch-simple_nova_batch', 'mybatchtest', 'com.bbva.test.simple_nova_batch', 'com.bbva.test.simple_nova_batch/simple_nova_batch-version1:1.0.0', '2', 'simple_nova_batch', 'NOVA_SPRING_BATCH', '1.0.0', 40826, NULL, NULL, NULL);
INSERT INTO  release_version_service  ( id ,  artifact_id ,  description ,  final_name ,  folder ,  group_id ,  image_name ,  nova_version ,  service_name ,  service_type ,  version ,  version_subsystem_id ,  ephoenix_data_id ,  node_package_file_id ,  project_definition_file_id  ) VALUES (42643, 'simple_nova_batch', 'New project for simple_nova_batch', 'com.bbva.test.simple_nova_batch-simple_nova_batch', 'mybatchtest', 'com.bbva.test.simple_nova_batch', 'com.bbva.test.simple_nova_batch/simple_nova_batch-version1:1.0.0', '2', 'simple_nova_batch', 'NOVA_SPRING_BATCH', '1.0.0', 42642, NULL, NULL, NULL);
INSERT INTO  release_version_service  ( id ,  artifact_id ,  description ,  final_name ,  folder ,  group_id ,  image_name ,  nova_version ,  service_name ,  service_type ,  version ,  version_subsystem_id ,  ephoenix_data_id ,  node_package_file_id ,  project_definition_file_id  ) VALUES (42755, 'charts', 'New project for running in NOVA Architecture the charts project', 'com.bbva.demo.visor-charts', 'charts', 'com.bbva.demo.visor', 'com.bbva.demo.visor/charts-stable:1.0.0', '2', 'charts', 'NOVA', '1.0.0', 42754, NULL, NULL, NULL);
INSERT INTO  release_version_service  ( id ,  artifact_id ,  description ,  final_name ,  folder ,  group_id ,  image_name ,  nova_version ,  service_name ,  service_type ,  version ,  version_subsystem_id ,  ephoenix_data_id ,  node_package_file_id ,  project_definition_file_id  ) VALUES (42757, 'dependencieon', 'Simulate a one dependencie on', NULL, 'dependencieon', 'com.bbva.demo.market', 'com.bbva.demo.market/dependencieone-stable:1.0.0', NULL, 'dependencieon', 'DEPENDENCY', '1.0.0', 42756, NULL, NULL, NULL);
INSERT INTO  release_version_service  ( id ,  artifact_id ,  description ,  final_name ,  folder ,  group_id ,  image_name ,  nova_version ,  service_name ,  service_type ,  version ,  version_subsystem_id ,  ephoenix_data_id ,  node_package_file_id ,  project_definition_file_id  ) VALUES (42758, 'dependencietwo', 'Simulate a second dependenci', NULL, 'dependencietwo', 'com.bbva.demo.market', 'com.bbva.demo.market/dependencietwo-stable:1.0.0', NULL, 'dependencietwo', 'DEPENDENCY', '1.0.0', 42756, NULL, NULL, NULL);
INSERT INTO  release_version_service  ( id ,  artifact_id ,  description ,  final_name ,  folder ,  group_id ,  image_name ,  nova_version ,  service_name ,  service_type ,  version ,  version_subsystem_id ,  ephoenix_data_id ,  node_package_file_id ,  project_definition_file_id  ) VALUES (42759, 'generator', 'New project for running in NOVA Architectur', 'com.bbva.demo.market-generator', 'generator', 'com.bbva.demo.market', 'com.bbva.demo.market/generator-stable:1.0.0', '2', 'generator', 'NOVA', '1.0.0', 42756, NULL, NULL, NULL);
INSERT INTO  release_version_service  ( id ,  artifact_id ,  description ,  final_name ,  folder ,  group_id ,  image_name ,  nova_version ,  service_name ,  service_type ,  version ,  version_subsystem_id ,  ephoenix_data_id ,  node_package_file_id ,  project_definition_file_id  ) VALUES (42760, 'simplenovabatch', 'New project for simple_nova_batch', 'com.bbva.demo.market-simplenovabatch', 'simplenovabatch', 'com.bbva.demo.market', 'com.bbva.demo.market/simplenovabatch-stable:1.0.0', '2', 'simplenovabatch', 'NOVA_SPRING_BATCH', '1.0.0', 42756, NULL, NULL, NULL);
INSERT INTO  release_version_service  ( id ,  artifact_id ,  description ,  final_name ,  folder ,  group_id ,  image_name ,  nova_version ,  service_name ,  service_type ,  version ,  version_subsystem_id ,  ephoenix_data_id ,  node_package_file_id ,  project_definition_file_id  ) VALUES (42761, 'statistics', 'New project for running in NOVA Architectur', 'com.bbva.demo.market-statistics', 'statistics', 'com.bbva.demo.market', 'com.bbva.demo.market/statistics-stable:1.0.0', '2', 'statistics', 'NOVA', '1.0.0', 42756, NULL, NULL, NULL);
INSERT INTO  release_version_service  ( id ,  artifact_id ,  description ,  final_name ,  folder ,  group_id ,  image_name ,  nova_version ,  service_name ,  service_type ,  version ,  version_subsystem_id ,  ephoenix_data_id ,  node_package_file_id ,  project_definition_file_id  ) VALUES (43505, 'serviceon', 'NOVA Platform - Service On', 'com.bbva.enoa.test.exampleapp-serviceon', 'serviceon', 'com.bbva.enoa.test.exampleapp', 'com.bbva.enoa.test.exampleapp/serviceone-novatest.dev:1.0.0', '2', 'serviceon', 'NOVA', '1.0.0', 43504, NULL, NULL, NULL);
INSERT INTO  release_version_service  ( id ,  artifact_id ,  description ,  final_name ,  folder ,  group_id ,  image_name ,  nova_version ,  service_name ,  service_type ,  version ,  version_subsystem_id ,  ephoenix_data_id ,  node_package_file_id ,  project_definition_file_id  ) VALUES (44614, 'serviceon', 'NOVA Platform - Service On', 'com.bbva.enoa.test.exampleapp-serviceon', 'serviceon', 'com.bbva.enoa.test.exampleapp', 'com.bbva.enoa.test.exampleapp/serviceone-r2d2:1.0.0', '2', 'serviceon', 'NOVA', '1.0.0', 44613, NULL, NULL, NULL);
INSERT INTO  release_version_service  ( id ,  artifact_id ,  description ,  final_name ,  folder ,  group_id ,  image_name ,  nova_version ,  service_name ,  service_type ,  version ,  version_subsystem_id ,  ephoenix_data_id ,  node_package_file_id ,  project_definition_file_id  ) VALUES (46828, 'controllerservernova', 'New project for running in NOVA Architectur', 'com.bbva.kltt.apirest-controllerservernova', 'controller.server.nova', 'com.bbva.kltt.apirest', 'com.bbva.kltt.apirest/controllerservernova-beta:2.1.3', '2', 'controllerservernova', 'NOVA', '2.1.3', 46827, NULL, NULL, NULL);
INSERT INTO  release_version_service  ( id ,  artifact_id ,  description ,  final_name ,  folder ,  group_id ,  image_name ,  nova_version ,  service_name ,  service_type ,  version ,  version_subsystem_id ,  ephoenix_data_id ,  node_package_file_id ,  project_definition_file_id  ) VALUES (46829, 'cor', NULL, 'com.bbva.kltt.apirest-cor', 'cor', 'com.bbva.kltt.apirest', 'com.bbva.kltt.apirest/core-beta:2.0.1', NULL, 'cor', 'DEPENDENCY', '2.0.1', 46827, NULL, NULL, NULL);
INSERT INTO  release_version_service  ( id ,  artifact_id ,  description ,  final_name ,  folder ,  group_id ,  image_name ,  nova_version ,  service_name ,  service_type ,  version ,  version_subsystem_id ,  ephoenix_data_id ,  node_package_file_id ,  project_definition_file_id  ) VALUES (46830, 'generator.client.angular2', NULL, 'com.bbva.kltt.apirest-generator.client.angular2', 'generator.client.angular2', 'com.bbva.kltt.apirest', 'com.bbva.kltt.apirest/generator.client.angular2-beta:2.1.1', NULL, 'generator.client.angular2', 'DEPENDENCY', '2.1.1', 46827, NULL, NULL, NULL);
INSERT INTO  release_version_service  ( id ,  artifact_id ,  description ,  final_name ,  folder ,  group_id ,  image_name ,  nova_version ,  service_name ,  service_type ,  version ,  version_subsystem_id ,  ephoenix_data_id ,  node_package_file_id ,  project_definition_file_id  ) VALUES (46831, 'generator.client.feign.nova', NULL, 'com.bbva.kltt.apirest-generator.client.feign.nova', 'generator.client.feign.nova', 'com.bbva.kltt.apirest', 'com.bbva.kltt.apirest/generator.client.feign.nova-beta:2.0.2', NULL, 'generator.client.feign.nova', 'DEPENDENCY', '2.0.2', 46827, NULL, NULL, NULL);
INSERT INTO  release_version_service  ( id ,  artifact_id ,  description ,  final_name ,  folder ,  group_id ,  image_name ,  nova_version ,  service_name ,  service_type ,  version ,  version_subsystem_id ,  ephoenix_data_id ,  node_package_file_id ,  project_definition_file_id  ) VALUES (46832, 'generator.client.feign', NULL, 'com.bbva.kltt.apirest-generator.client.feign', 'generator.client.feign', 'com.bbva.kltt.apirest', 'com.bbva.kltt.apirest/generator.client.feign-beta:2.0.2', NULL, 'generator.client.feign', 'DEPENDENCY', '2.0.2', 46827, NULL, NULL, NULL);
INSERT INTO  release_version_service  ( id ,  artifact_id ,  description ,  final_name ,  folder ,  group_id ,  image_name ,  nova_version ,  service_name ,  service_type ,  version ,  version_subsystem_id ,  ephoenix_data_id ,  node_package_file_id ,  project_definition_file_id  ) VALUES (46833, 'generator.client.javascript', NULL, 'com.bbva.kltt.apirest-generator.client.javascript', 'generator.client.javascript', 'com.bbva.kltt.apirest', 'com.bbva.kltt.apirest/generator.client.javascript-beta:2.1.1', NULL, 'generator.client.javascript', 'DEPENDENCY', '2.1.1', 46827, NULL, NULL, NULL);
INSERT INTO  release_version_service  ( id ,  artifact_id ,  description ,  final_name ,  folder ,  group_id ,  image_name ,  nova_version ,  service_name ,  service_type ,  version ,  version_subsystem_id ,  ephoenix_data_id ,  node_package_file_id ,  project_definition_file_id  ) VALUES (46834, 'generator.client.jaxrs', NULL, 'com.bbva.kltt.apirest-generator.client.jaxrs', 'generator.client.jaxrs', 'com.bbva.kltt.apirest', 'com.bbva.kltt.apirest/generator.client.jaxrs-beta:2.0.2', NULL, 'generator.client.jaxrs', 'DEPENDENCY', '2.0.2', 46827, NULL, NULL, NULL);
INSERT INTO  release_version_service  ( id ,  artifact_id ,  description ,  final_name ,  folder ,  group_id ,  image_name ,  nova_version ,  service_name ,  service_type ,  version ,  version_subsystem_id ,  ephoenix_data_id ,  node_package_file_id ,  project_definition_file_id  ) VALUES (46835, 'generator.client.web', NULL, 'com.bbva.kltt.apirest-generator.client.web', 'generator.client.web', 'com.bbva.kltt.apirest', 'com.bbva.kltt.apirest/generator.client.web-beta:2.0.1', NULL, 'generator.client.web', 'DEPENDENCY', '2.0.1', 46827, NULL, NULL, NULL);
INSERT INTO  release_version_service  ( id ,  artifact_id ,  description ,  final_name ,  folder ,  group_id ,  image_name ,  nova_version ,  service_name ,  service_type ,  version ,  version_subsystem_id ,  ephoenix_data_id ,  node_package_file_id ,  project_definition_file_id  ) VALUES (46836, 'generator.java', NULL, 'com.bbva.kltt.apirest-generator.java', 'generator.java', 'com.bbva.kltt.apirest', 'com.bbva.kltt.apirest/generator.java-beta:2.1.1', NULL, 'generator.java', 'DEPENDENCY', '2.1.1', 46827, NULL, NULL, NULL);
INSERT INTO  release_version_service  ( id ,  artifact_id ,  description ,  final_name ,  folder ,  group_id ,  image_name ,  nova_version ,  service_name ,  service_type ,  version ,  version_subsystem_id ,  ephoenix_data_id ,  node_package_file_id ,  project_definition_file_id  ) VALUES (46837, 'generator.server.jaxrs', NULL, 'com.bbva.kltt.apirest-generator.server.jaxrs', 'generator.server.jaxrs', 'com.bbva.kltt.apirest', 'com.bbva.kltt.apirest/generator.server.jaxrs-beta:2.0.2', NULL, 'generator.server.jaxrs', 'DEPENDENCY', '2.0.2', 46827, NULL, NULL, NULL);
INSERT INTO  release_version_service  ( id ,  artifact_id ,  description ,  final_name ,  folder ,  group_id ,  image_name ,  nova_version ,  service_name ,  service_type ,  version ,  version_subsystem_id ,  ephoenix_data_id ,  node_package_file_id ,  project_definition_file_id  ) VALUES (46838, 'generator.server.spring.nova', NULL, 'com.bbva.kltt.apirest-generator.server.spring.nova', 'generator.server.spring.nova', 'com.bbva.kltt.apirest', 'com.bbva.kltt.apirest/generator.server.spring.nova-beta:2.0.3', NULL, 'generator.server.spring.nova', 'DEPENDENCY', '2.0.3', 46827, NULL, NULL, NULL);
INSERT INTO  release_version_service  ( id ,  artifact_id ,  description ,  final_name ,  folder ,  group_id ,  image_name ,  nova_version ,  service_name ,  service_type ,  version ,  version_subsystem_id ,  ephoenix_data_id ,  node_package_file_id ,  project_definition_file_id  ) VALUES (46839, 'generator.server.spring', NULL, 'com.bbva.kltt.apirest-generator.server.spring', 'generator.server.spring', 'com.bbva.kltt.apirest', 'com.bbva.kltt.apirest/generator.server.spring-beta:2.0.2', NULL, 'generator.server.spring', 'DEPENDENCY', '2.0.2', 46827, NULL, NULL, NULL);
INSERT INTO  release_version_service  ( id ,  artifact_id ,  description ,  final_name ,  folder ,  group_id ,  image_name ,  nova_version ,  service_name ,  service_type ,  version ,  version_subsystem_id ,  ephoenix_data_id ,  node_package_file_id ,  project_definition_file_id  ) VALUES (46840, 'parent', NULL, 'com.bbva.kltt.apirest-parent', 'parent', 'com.bbva.kltt.apirest', 'com.bbva.kltt.apirest/parent-beta:2.0.0', NULL, 'parent', 'DEPENDENCY', '2.0.0', 46827, NULL, NULL, NULL);
INSERT INTO  release_version_service  ( id ,  artifact_id ,  description ,  final_name ,  folder ,  group_id ,  image_name ,  nova_version ,  service_name ,  service_type ,  version ,  version_subsystem_id ,  ephoenix_data_id ,  node_package_file_id ,  project_definition_file_id  ) VALUES (46841, 'parser.swagger', NULL, 'com.bbva.kltt.apirest-parser.swagger', 'parser.swagger', 'com.bbva.kltt.apirest', 'com.bbva.kltt.apirest/parser.swagger-beta:2.0.1', NULL, 'parser.swagger', 'DEPENDENCY', '2.0.1', 46827, NULL, NULL, NULL);
INSERT INTO  release_version_service  ( id ,  artifact_id ,  description ,  final_name ,  folder ,  group_id ,  image_name ,  nova_version ,  service_name ,  service_type ,  version ,  version_subsystem_id ,  ephoenix_data_id ,  node_package_file_id ,  project_definition_file_id  ) VALUES (46842, 'webclientnova', 'New project for running in NOVA Architectur', 'com.bbva.kltt.apirest-webclientnova', 'web.client.nova', 'com.bbva.kltt.apirest', 'com.bbva.kltt.apirest/webclientnova-beta:2.1.2', '2', 'webclientnova', 'NOVA', '2.1.2', 46827, NULL, NULL, NULL);
INSERT INTO  release_version_service  ( id ,  artifact_id ,  description ,  final_name ,  folder ,  group_id ,  image_name ,  nova_version ,  service_name ,  service_type ,  version ,  version_subsystem_id ,  ephoenix_data_id ,  node_package_file_id ,  project_definition_file_id  ) VALUES (46955, 'controllerservernova', 'New project for running in NOVA Architectur', 'com.bbva.kltt.apirest-controllerservernova', 'controller.server.nova', 'com.bbva.kltt.apirest', 'com.bbva.kltt.apirest/controllerservernova-beta:2.1.3', '2', 'controllerservernova', 'NOVA', '2.1.3', 46954, NULL, NULL, NULL);
INSERT INTO  release_version_service  ( id ,  artifact_id ,  description ,  final_name ,  folder ,  group_id ,  image_name ,  nova_version ,  service_name ,  service_type ,  version ,  version_subsystem_id ,  ephoenix_data_id ,  node_package_file_id ,  project_definition_file_id  ) VALUES (46956, 'cor', NULL, 'com.bbva.kltt.apirest-cor', 'cor', 'com.bbva.kltt.apirest', 'com.bbva.kltt.apirest/core-beta:2.0.1', NULL, 'cor', 'DEPENDENCY', '2.0.1', 46954, NULL, NULL, NULL);
INSERT INTO  release_version_service  ( id ,  artifact_id ,  description ,  final_name ,  folder ,  group_id ,  image_name ,  nova_version ,  service_name ,  service_type ,  version ,  version_subsystem_id ,  ephoenix_data_id ,  node_package_file_id ,  project_definition_file_id  ) VALUES (46957, 'generator.client.angular2', NULL, 'com.bbva.kltt.apirest-generator.client.angular2', 'generator.client.angular2', 'com.bbva.kltt.apirest', 'com.bbva.kltt.apirest/generator.client.angular2-beta:2.1.1', NULL, 'generator.client.angular2', 'DEPENDENCY', '2.1.1', 46954, NULL, NULL, NULL);
INSERT INTO  release_version_service  ( id ,  artifact_id ,  description ,  final_name ,  folder ,  group_id ,  image_name ,  nova_version ,  service_name ,  service_type ,  version ,  version_subsystem_id ,  ephoenix_data_id ,  node_package_file_id ,  project_definition_file_id  ) VALUES (46958, 'generator.client.feign.nova', NULL, 'com.bbva.kltt.apirest-generator.client.feign.nova', 'generator.client.feign.nova', 'com.bbva.kltt.apirest', 'com.bbva.kltt.apirest/generator.client.feign.nova-beta:2.0.2', NULL, 'generator.client.feign.nova', 'DEPENDENCY', '2.0.2', 46954, NULL, NULL, NULL);
INSERT INTO  release_version_service  ( id ,  artifact_id ,  description ,  final_name ,  folder ,  group_id ,  image_name ,  nova_version ,  service_name ,  service_type ,  version ,  version_subsystem_id ,  ephoenix_data_id ,  node_package_file_id ,  project_definition_file_id  ) VALUES (46959, 'generator.client.feign', NULL, 'com.bbva.kltt.apirest-generator.client.feign', 'generator.client.feign', 'com.bbva.kltt.apirest', 'com.bbva.kltt.apirest/generator.client.feign-beta:2.0.2', NULL, 'generator.client.feign', 'DEPENDENCY', '2.0.2', 46954, NULL, NULL, NULL);
INSERT INTO  release_version_service  ( id ,  artifact_id ,  description ,  final_name ,  folder ,  group_id ,  image_name ,  nova_version ,  service_name ,  service_type ,  version ,  version_subsystem_id ,  ephoenix_data_id ,  node_package_file_id ,  project_definition_file_id  ) VALUES (46960, 'generator.client.javascript', NULL, 'com.bbva.kltt.apirest-generator.client.javascript', 'generator.client.javascript', 'com.bbva.kltt.apirest', 'com.bbva.kltt.apirest/generator.client.javascript-beta:2.1.1', NULL, 'generator.client.javascript', 'DEPENDENCY', '2.1.1', 46954, NULL, NULL, NULL);
INSERT INTO  release_version_service  ( id ,  artifact_id ,  description ,  final_name ,  folder ,  group_id ,  image_name ,  nova_version ,  service_name ,  service_type ,  version ,  version_subsystem_id ,  ephoenix_data_id ,  node_package_file_id ,  project_definition_file_id  ) VALUES (46961, 'generator.client.jaxrs', NULL, 'com.bbva.kltt.apirest-generator.client.jaxrs', 'generator.client.jaxrs', 'com.bbva.kltt.apirest', 'com.bbva.kltt.apirest/generator.client.jaxrs-beta:2.0.2', NULL, 'generator.client.jaxrs', 'DEPENDENCY', '2.0.2', 46954, NULL, NULL, NULL);
INSERT INTO  release_version_service  ( id ,  artifact_id ,  description ,  final_name ,  folder ,  group_id ,  image_name ,  nova_version ,  service_name ,  service_type ,  version ,  version_subsystem_id ,  ephoenix_data_id ,  node_package_file_id ,  project_definition_file_id  ) VALUES (46962, 'generator.client.web', NULL, 'com.bbva.kltt.apirest-generator.client.web', 'generator.client.web', 'com.bbva.kltt.apirest', 'com.bbva.kltt.apirest/generator.client.web-beta:2.0.1', NULL, 'generator.client.web', 'DEPENDENCY', '2.0.1', 46954, NULL, NULL, NULL);
INSERT INTO  release_version_service  ( id ,  artifact_id ,  description ,  final_name ,  folder ,  group_id ,  image_name ,  nova_version ,  service_name ,  service_type ,  version ,  version_subsystem_id ,  ephoenix_data_id ,  node_package_file_id ,  project_definition_file_id  ) VALUES (46963, 'generator.java', NULL, 'com.bbva.kltt.apirest-generator.java', 'generator.java', 'com.bbva.kltt.apirest', 'com.bbva.kltt.apirest/generator.java-beta:2.1.1', NULL, 'generator.java', 'DEPENDENCY', '2.1.1', 46954, NULL, NULL, NULL);
INSERT INTO  release_version_service  ( id ,  artifact_id ,  description ,  final_name ,  folder ,  group_id ,  image_name ,  nova_version ,  service_name ,  service_type ,  version ,  version_subsystem_id ,  ephoenix_data_id ,  node_package_file_id ,  project_definition_file_id  ) VALUES (46964, 'generator.server.jaxrs', NULL, 'com.bbva.kltt.apirest-generator.server.jaxrs', 'generator.server.jaxrs', 'com.bbva.kltt.apirest', 'com.bbva.kltt.apirest/generator.server.jaxrs-beta:2.0.2', NULL, 'generator.server.jaxrs', 'DEPENDENCY', '2.0.2', 46954, NULL, NULL, NULL);
INSERT INTO  release_version_service  ( id ,  artifact_id ,  description ,  final_name ,  folder ,  group_id ,  image_name ,  nova_version ,  service_name ,  service_type ,  version ,  version_subsystem_id ,  ephoenix_data_id ,  node_package_file_id ,  project_definition_file_id  ) VALUES (46965, 'generator.server.spring.nova', NULL, 'com.bbva.kltt.apirest-generator.server.spring.nova', 'generator.server.spring.nova', 'com.bbva.kltt.apirest', 'com.bbva.kltt.apirest/generator.server.spring.nova-beta:2.0.3', NULL, 'generator.server.spring.nova', 'DEPENDENCY', '2.0.3', 46954, NULL, NULL, NULL);
INSERT INTO  release_version_service  ( id ,  artifact_id ,  description ,  final_name ,  folder ,  group_id ,  image_name ,  nova_version ,  service_name ,  service_type ,  version ,  version_subsystem_id ,  ephoenix_data_id ,  node_package_file_id ,  project_definition_file_id  ) VALUES (46966, 'generator.server.spring', NULL, 'com.bbva.kltt.apirest-generator.server.spring', 'generator.server.spring', 'com.bbva.kltt.apirest', 'com.bbva.kltt.apirest/generator.server.spring-beta:2.0.2', NULL, 'generator.server.spring', 'DEPENDENCY', '2.0.2', 46954, NULL, NULL, NULL);
INSERT INTO  release_version_service  ( id ,  artifact_id ,  description ,  final_name ,  folder ,  group_id ,  image_name ,  nova_version ,  service_name ,  service_type ,  version ,  version_subsystem_id ,  ephoenix_data_id ,  node_package_file_id ,  project_definition_file_id  ) VALUES (46967, 'parent', NULL, 'com.bbva.kltt.apirest-parent', 'parent', 'com.bbva.kltt.apirest', 'com.bbva.kltt.apirest/parent-beta:2.0.0', NULL, 'parent', 'DEPENDENCY', '2.0.0', 46954, NULL, NULL, NULL);
INSERT INTO  release_version_service  ( id ,  artifact_id ,  description ,  final_name ,  folder ,  group_id ,  image_name ,  nova_version ,  service_name ,  service_type ,  version ,  version_subsystem_id ,  ephoenix_data_id ,  node_package_file_id ,  project_definition_file_id  ) VALUES (46968, 'parser.swagger', NULL, 'com.bbva.kltt.apirest-parser.swagger', 'parser.swagger', 'com.bbva.kltt.apirest', 'com.bbva.kltt.apirest/parser.swagger-beta:2.0.1', NULL, 'parser.swagger', 'DEPENDENCY', '2.0.1', 46954, NULL, NULL, NULL);
INSERT INTO  release_version_service  ( id ,  artifact_id ,  description ,  final_name ,  folder ,  group_id ,  image_name ,  nova_version ,  service_name ,  service_type ,  version ,  version_subsystem_id ,  ephoenix_data_id ,  node_package_file_id ,  project_definition_file_id  ) VALUES (46969, 'webclientnova', 'New project for running in NOVA Architectur', 'com.bbva.kltt.apirest-webclientnova', 'web.client.nova', 'com.bbva.kltt.apirest', 'com.bbva.kltt.apirest/webclientnova-beta:2.1.2', '2', 'webclientnova', 'NOVA', '2.1.2', 46954, NULL, NULL, NULL);
INSERT INTO  release_version_service  ( id ,  artifact_id ,  description ,  final_name ,  folder ,  group_id ,  image_name ,  nova_version ,  service_name ,  service_type ,  version ,  version_subsystem_id ,  ephoenix_data_id ,  node_package_file_id ,  project_definition_file_id  ) VALUES (46985, 'controllerservernova', 'New project for running in NOVA Architectur', 'com.bbva.kltt.apirest-controllerservernova', 'controller.server.nova', 'com.bbva.kltt.apirest', 'com.bbva.kltt.apirest/controllerservernova-beta:2.1.3', '2', 'controllerservernova', 'NOVA', '2.1.3', 46984, NULL, NULL, NULL);
INSERT INTO  release_version_service  ( id ,  artifact_id ,  description ,  final_name ,  folder ,  group_id ,  image_name ,  nova_version ,  service_name ,  service_type ,  version ,  version_subsystem_id ,  ephoenix_data_id ,  node_package_file_id ,  project_definition_file_id  ) VALUES (46986, 'cor', NULL, 'com.bbva.kltt.apirest-cor', 'cor', 'com.bbva.kltt.apirest', 'com.bbva.kltt.apirest/core-beta:2.0.1', NULL, 'cor', 'DEPENDENCY', '2.0.1', 46984, NULL, NULL, NULL);
INSERT INTO  release_version_service  ( id ,  artifact_id ,  description ,  final_name ,  folder ,  group_id ,  image_name ,  nova_version ,  service_name ,  service_type ,  version ,  version_subsystem_id ,  ephoenix_data_id ,  node_package_file_id ,  project_definition_file_id  ) VALUES (46987, 'generator.client.angular2', NULL, 'com.bbva.kltt.apirest-generator.client.angular2', 'generator.client.angular2', 'com.bbva.kltt.apirest', 'com.bbva.kltt.apirest/generator.client.angular2-beta:2.1.1', NULL, 'generator.client.angular2', 'DEPENDENCY', '2.1.1', 46984, NULL, NULL, NULL);
INSERT INTO  release_version_service  ( id ,  artifact_id ,  description ,  final_name ,  folder ,  group_id ,  image_name ,  nova_version ,  service_name ,  service_type ,  version ,  version_subsystem_id ,  ephoenix_data_id ,  node_package_file_id ,  project_definition_file_id  ) VALUES (46988, 'generator.client.feign.nova', NULL, 'com.bbva.kltt.apirest-generator.client.feign.nova', 'generator.client.feign.nova', 'com.bbva.kltt.apirest', 'com.bbva.kltt.apirest/generator.client.feign.nova-beta:2.0.2', NULL, 'generator.client.feign.nova', 'DEPENDENCY', '2.0.2', 46984, NULL, NULL, NULL);
INSERT INTO  release_version_service  ( id ,  artifact_id ,  description ,  final_name ,  folder ,  group_id ,  image_name ,  nova_version ,  service_name ,  service_type ,  version ,  version_subsystem_id ,  ephoenix_data_id ,  node_package_file_id ,  project_definition_file_id  ) VALUES (46989, 'generator.client.feign', NULL, 'com.bbva.kltt.apirest-generator.client.feign', 'generator.client.feign', 'com.bbva.kltt.apirest', 'com.bbva.kltt.apirest/generator.client.feign-beta:2.0.2', NULL, 'generator.client.feign', 'DEPENDENCY', '2.0.2', 46984, NULL, NULL, NULL);
INSERT INTO  release_version_service  ( id ,  artifact_id ,  description ,  final_name ,  folder ,  group_id ,  image_name ,  nova_version ,  service_name ,  service_type ,  version ,  version_subsystem_id ,  ephoenix_data_id ,  node_package_file_id ,  project_definition_file_id  ) VALUES (46990, 'generator.client.javascript', NULL, 'com.bbva.kltt.apirest-generator.client.javascript', 'generator.client.javascript', 'com.bbva.kltt.apirest', 'com.bbva.kltt.apirest/generator.client.javascript-beta:2.1.1', NULL, 'generator.client.javascript', 'DEPENDENCY', '2.1.1', 46984, NULL, NULL, NULL);
INSERT INTO  release_version_service  ( id ,  artifact_id ,  description ,  final_name ,  folder ,  group_id ,  image_name ,  nova_version ,  service_name ,  service_type ,  version ,  version_subsystem_id ,  ephoenix_data_id ,  node_package_file_id ,  project_definition_file_id  ) VALUES (46991, 'generator.client.jaxrs', NULL, 'com.bbva.kltt.apirest-generator.client.jaxrs', 'generator.client.jaxrs', 'com.bbva.kltt.apirest', 'com.bbva.kltt.apirest/generator.client.jaxrs-beta:2.0.2', NULL, 'generator.client.jaxrs', 'DEPENDENCY', '2.0.2', 46984, NULL, NULL, NULL);
INSERT INTO  release_version_service  ( id ,  artifact_id ,  description ,  final_name ,  folder ,  group_id ,  image_name ,  nova_version ,  service_name ,  service_type ,  version ,  version_subsystem_id ,  ephoenix_data_id ,  node_package_file_id ,  project_definition_file_id  ) VALUES (46992, 'generator.client.web', NULL, 'com.bbva.kltt.apirest-generator.client.web', 'generator.client.web', 'com.bbva.kltt.apirest', 'com.bbva.kltt.apirest/generator.client.web-beta:2.0.1', NULL, 'generator.client.web', 'DEPENDENCY', '2.0.1', 46984, NULL, NULL, NULL);
INSERT INTO  release_version_service  ( id ,  artifact_id ,  description ,  final_name ,  folder ,  group_id ,  image_name ,  nova_version ,  service_name ,  service_type ,  version ,  version_subsystem_id ,  ephoenix_data_id ,  node_package_file_id ,  project_definition_file_id  ) VALUES (46993, 'generator.java', NULL, 'com.bbva.kltt.apirest-generator.java', 'generator.java', 'com.bbva.kltt.apirest', 'com.bbva.kltt.apirest/generator.java-beta:2.1.1', NULL, 'generator.java', 'DEPENDENCY', '2.1.1', 46984, NULL, NULL, NULL);
INSERT INTO  release_version_service  ( id ,  artifact_id ,  description ,  final_name ,  folder ,  group_id ,  image_name ,  nova_version ,  service_name ,  service_type ,  version ,  version_subsystem_id ,  ephoenix_data_id ,  node_package_file_id ,  project_definition_file_id  ) VALUES (46994, 'generator.server.jaxrs', NULL, 'com.bbva.kltt.apirest-generator.server.jaxrs', 'generator.server.jaxrs', 'com.bbva.kltt.apirest', 'com.bbva.kltt.apirest/generator.server.jaxrs-beta:2.0.2', NULL, 'generator.server.jaxrs', 'DEPENDENCY', '2.0.2', 46984, NULL, NULL, NULL);
INSERT INTO  release_version_service  ( id ,  artifact_id ,  description ,  final_name ,  folder ,  group_id ,  image_name ,  nova_version ,  service_name ,  service_type ,  version ,  version_subsystem_id ,  ephoenix_data_id ,  node_package_file_id ,  project_definition_file_id  ) VALUES (46995, 'generator.server.spring.nova', NULL, 'com.bbva.kltt.apirest-generator.server.spring.nova', 'generator.server.spring.nova', 'com.bbva.kltt.apirest', 'com.bbva.kltt.apirest/generator.server.spring.nova-beta:2.0.3', NULL, 'generator.server.spring.nova', 'DEPENDENCY', '2.0.3', 46984, NULL, NULL, NULL);
INSERT INTO  release_version_service  ( id ,  artifact_id ,  description ,  final_name ,  folder ,  group_id ,  image_name ,  nova_version ,  service_name ,  service_type ,  version ,  version_subsystem_id ,  ephoenix_data_id ,  node_package_file_id ,  project_definition_file_id  ) VALUES (46996, 'generator.server.spring', NULL, 'com.bbva.kltt.apirest-generator.server.spring', 'generator.server.spring', 'com.bbva.kltt.apirest', 'com.bbva.kltt.apirest/generator.server.spring-beta:2.0.2', NULL, 'generator.server.spring', 'DEPENDENCY', '2.0.2', 46984, NULL, NULL, NULL);
INSERT INTO  release_version_service  ( id ,  artifact_id ,  description ,  final_name ,  folder ,  group_id ,  image_name ,  nova_version ,  service_name ,  service_type ,  version ,  version_subsystem_id ,  ephoenix_data_id ,  node_package_file_id ,  project_definition_file_id  ) VALUES (46997, 'parent', NULL, 'com.bbva.kltt.apirest-parent', 'parent', 'com.bbva.kltt.apirest', 'com.bbva.kltt.apirest/parent-beta:2.0.0', NULL, 'parent', 'DEPENDENCY', '2.0.0', 46984, NULL, NULL, NULL);
INSERT INTO  release_version_service  ( id ,  artifact_id ,  description ,  final_name ,  folder ,  group_id ,  image_name ,  nova_version ,  service_name ,  service_type ,  version ,  version_subsystem_id ,  ephoenix_data_id ,  node_package_file_id ,  project_definition_file_id  ) VALUES (46998, 'parser.swagger', NULL, 'com.bbva.kltt.apirest-parser.swagger', 'parser.swagger', 'com.bbva.kltt.apirest', 'com.bbva.kltt.apirest/parser.swagger-beta:2.0.1', NULL, 'parser.swagger', 'DEPENDENCY', '2.0.1', 46984, NULL, NULL, NULL);
INSERT INTO  release_version_service  ( id ,  artifact_id ,  description ,  final_name ,  folder ,  group_id ,  image_name ,  nova_version ,  service_name ,  service_type ,  version ,  version_subsystem_id ,  ephoenix_data_id ,  node_package_file_id ,  project_definition_file_id  ) VALUES (46999, 'webclientnova', 'New project for running in NOVA Architectur', 'com.bbva.kltt.apirest-webclientnova', 'web.client.nova', 'com.bbva.kltt.apirest', 'com.bbva.kltt.apirest/webclientnova-beta:2.1.2', '2', 'webclientnova', 'NOVA', '2.1.2', 46984, NULL, NULL, NULL);
INSERT INTO  release_version_service  ( id ,  artifact_id ,  description ,  final_name ,  folder ,  group_id ,  image_name ,  nova_version ,  service_name ,  service_type ,  version ,  version_subsystem_id ,  ephoenix_data_id ,  node_package_file_id ,  project_definition_file_id  ) VALUES (47011, 'controllerservernova', 'New project for running in NOVA Architectur', 'com.bbva.kltt.apirest-controllerservernova', 'controller.server.nova', 'com.bbva.kltt.apirest', 'com.bbva.kltt.apirest/controllerservernova-beta:2.1.3', '2', 'controllerservernova', 'NOVA', '2.1.3', 47010, NULL, NULL, NULL);
INSERT INTO  release_version_service  ( id ,  artifact_id ,  description ,  final_name ,  folder ,  group_id ,  image_name ,  nova_version ,  service_name ,  service_type ,  version ,  version_subsystem_id ,  ephoenix_data_id ,  node_package_file_id ,  project_definition_file_id  ) VALUES (47012, 'cor', NULL, 'com.bbva.kltt.apirest-cor', 'cor', 'com.bbva.kltt.apirest', 'com.bbva.kltt.apirest/core-beta:2.0.1', NULL, 'cor', 'DEPENDENCY', '2.0.1', 47010, NULL, NULL, NULL);
INSERT INTO  release_version_service  ( id ,  artifact_id ,  description ,  final_name ,  folder ,  group_id ,  image_name ,  nova_version ,  service_name ,  service_type ,  version ,  version_subsystem_id ,  ephoenix_data_id ,  node_package_file_id ,  project_definition_file_id  ) VALUES (47013, 'generator.client.angular2', NULL, 'com.bbva.kltt.apirest-generator.client.angular2', 'generator.client.angular2', 'com.bbva.kltt.apirest', 'com.bbva.kltt.apirest/generator.client.angular2-beta:2.1.1', NULL, 'generator.client.angular2', 'DEPENDENCY', '2.1.1', 47010, NULL, NULL, NULL);
INSERT INTO  release_version_service  ( id ,  artifact_id ,  description ,  final_name ,  folder ,  group_id ,  image_name ,  nova_version ,  service_name ,  service_type ,  version ,  version_subsystem_id ,  ephoenix_data_id ,  node_package_file_id ,  project_definition_file_id  ) VALUES (47014, 'generator.client.feign.nova', NULL, 'com.bbva.kltt.apirest-generator.client.feign.nova', 'generator.client.feign.nova', 'com.bbva.kltt.apirest', 'com.bbva.kltt.apirest/generator.client.feign.nova-beta:2.0.2', NULL, 'generator.client.feign.nova', 'DEPENDENCY', '2.0.2', 47010, NULL, NULL, NULL);
INSERT INTO  release_version_service  ( id ,  artifact_id ,  description ,  final_name ,  folder ,  group_id ,  image_name ,  nova_version ,  service_name ,  service_type ,  version ,  version_subsystem_id ,  ephoenix_data_id ,  node_package_file_id ,  project_definition_file_id  ) VALUES (47015, 'generator.client.feign', NULL, 'com.bbva.kltt.apirest-generator.client.feign', 'generator.client.feign', 'com.bbva.kltt.apirest', 'com.bbva.kltt.apirest/generator.client.feign-beta:2.0.2', NULL, 'generator.client.feign', 'DEPENDENCY', '2.0.2', 47010, NULL, NULL, NULL);
INSERT INTO  release_version_service  ( id ,  artifact_id ,  description ,  final_name ,  folder ,  group_id ,  image_name ,  nova_version ,  service_name ,  service_type ,  version ,  version_subsystem_id ,  ephoenix_data_id ,  node_package_file_id ,  project_definition_file_id  ) VALUES (47016, 'generator.client.javascript', NULL, 'com.bbva.kltt.apirest-generator.client.javascript', 'generator.client.javascript', 'com.bbva.kltt.apirest', 'com.bbva.kltt.apirest/generator.client.javascript-beta:2.1.1', NULL, 'generator.client.javascript', 'DEPENDENCY', '2.1.1', 47010, NULL, NULL, NULL);
INSERT INTO  release_version_service  ( id ,  artifact_id ,  description ,  final_name ,  folder ,  group_id ,  image_name ,  nova_version ,  service_name ,  service_type ,  version ,  version_subsystem_id ,  ephoenix_data_id ,  node_package_file_id ,  project_definition_file_id  ) VALUES (47017, 'generator.client.jaxrs', NULL, 'com.bbva.kltt.apirest-generator.client.jaxrs', 'generator.client.jaxrs', 'com.bbva.kltt.apirest', 'com.bbva.kltt.apirest/generator.client.jaxrs-beta:2.0.2', NULL, 'generator.client.jaxrs', 'DEPENDENCY', '2.0.2', 47010, NULL, NULL, NULL);
INSERT INTO  release_version_service  ( id ,  artifact_id ,  description ,  final_name ,  folder ,  group_id ,  image_name ,  nova_version ,  service_name ,  service_type ,  version ,  version_subsystem_id ,  ephoenix_data_id ,  node_package_file_id ,  project_definition_file_id  ) VALUES (47018, 'generator.client.web', NULL, 'com.bbva.kltt.apirest-generator.client.web', 'generator.client.web', 'com.bbva.kltt.apirest', 'com.bbva.kltt.apirest/generator.client.web-beta:2.0.1', NULL, 'generator.client.web', 'DEPENDENCY', '2.0.1', 47010, NULL, NULL, NULL);
INSERT INTO  release_version_service  ( id ,  artifact_id ,  description ,  final_name ,  folder ,  group_id ,  image_name ,  nova_version ,  service_name ,  service_type ,  version ,  version_subsystem_id ,  ephoenix_data_id ,  node_package_file_id ,  project_definition_file_id  ) VALUES (47019, 'generator.java', NULL, 'com.bbva.kltt.apirest-generator.java', 'generator.java', 'com.bbva.kltt.apirest', 'com.bbva.kltt.apirest/generator.java-beta:2.1.1', NULL, 'generator.java', 'DEPENDENCY', '2.1.1', 47010, NULL, NULL, NULL);
INSERT INTO  release_version_service  ( id ,  artifact_id ,  description ,  final_name ,  folder ,  group_id ,  image_name ,  nova_version ,  service_name ,  service_type ,  version ,  version_subsystem_id ,  ephoenix_data_id ,  node_package_file_id ,  project_definition_file_id  ) VALUES (47020, 'generator.server.jaxrs', NULL, 'com.bbva.kltt.apirest-generator.server.jaxrs', 'generator.server.jaxrs', 'com.bbva.kltt.apirest', 'com.bbva.kltt.apirest/generator.server.jaxrs-beta:2.0.2', NULL, 'generator.server.jaxrs', 'DEPENDENCY', '2.0.2', 47010, NULL, NULL, NULL);
INSERT INTO  release_version_service  ( id ,  artifact_id ,  description ,  final_name ,  folder ,  group_id ,  image_name ,  nova_version ,  service_name ,  service_type ,  version ,  version_subsystem_id ,  ephoenix_data_id ,  node_package_file_id ,  project_definition_file_id  ) VALUES (47021, 'generator.server.spring.nova', NULL, 'com.bbva.kltt.apirest-generator.server.spring.nova', 'generator.server.spring.nova', 'com.bbva.kltt.apirest', 'com.bbva.kltt.apirest/generator.server.spring.nova-beta:2.0.3', NULL, 'generator.server.spring.nova', 'DEPENDENCY', '2.0.3', 47010, NULL, NULL, NULL);
INSERT INTO  release_version_service  ( id ,  artifact_id ,  description ,  final_name ,  folder ,  group_id ,  image_name ,  nova_version ,  service_name ,  service_type ,  version ,  version_subsystem_id ,  ephoenix_data_id ,  node_package_file_id ,  project_definition_file_id  ) VALUES (47022, 'generator.server.spring', NULL, 'com.bbva.kltt.apirest-generator.server.spring', 'generator.server.spring', 'com.bbva.kltt.apirest', 'com.bbva.kltt.apirest/generator.server.spring-beta:2.0.2', NULL, 'generator.server.spring', 'DEPENDENCY', '2.0.2', 47010, NULL, NULL, NULL);
INSERT INTO  release_version_service  ( id ,  artifact_id ,  description ,  final_name ,  folder ,  group_id ,  image_name ,  nova_version ,  service_name ,  service_type ,  version ,  version_subsystem_id ,  ephoenix_data_id ,  node_package_file_id ,  project_definition_file_id  ) VALUES (47023, 'parent', NULL, 'com.bbva.kltt.apirest-parent', 'parent', 'com.bbva.kltt.apirest', 'com.bbva.kltt.apirest/parent-beta:2.0.0', NULL, 'parent', 'DEPENDENCY', '2.0.0', 47010, NULL, NULL, NULL);
INSERT INTO  release_version_service  ( id ,  artifact_id ,  description ,  final_name ,  folder ,  group_id ,  image_name ,  nova_version ,  service_name ,  service_type ,  version ,  version_subsystem_id ,  ephoenix_data_id ,  node_package_file_id ,  project_definition_file_id  ) VALUES (47024, 'parser.swagger', NULL, 'com.bbva.kltt.apirest-parser.swagger', 'parser.swagger', 'com.bbva.kltt.apirest', 'com.bbva.kltt.apirest/parser.swagger-beta:2.0.1', NULL, 'parser.swagger', 'DEPENDENCY', '2.0.1', 47010, NULL, NULL, NULL);
INSERT INTO  release_version_service  ( id ,  artifact_id ,  description ,  final_name ,  folder ,  group_id ,  image_name ,  nova_version ,  service_name ,  service_type ,  version ,  version_subsystem_id ,  ephoenix_data_id ,  node_package_file_id ,  project_definition_file_id  ) VALUES (47025, 'webclientnova', 'New project for running in NOVA Architectur', 'com.bbva.kltt.apirest-webclientnova', 'web.client.nova', 'com.bbva.kltt.apirest', 'com.bbva.kltt.apirest/webclientnova-beta:2.1.2', '2', 'webclientnova', 'NOVA', '2.1.2', 47010, NULL, NULL, NULL);
INSERT INTO  release_version_service  ( id ,  artifact_id ,  description ,  final_name ,  folder ,  group_id ,  image_name ,  nova_version ,  service_name ,  service_type ,  version ,  version_subsystem_id ,  ephoenix_data_id ,  node_package_file_id ,  project_definition_file_id  ) VALUES (49408, 'simple_nova_batch', 'New project for simple_nova_batch', 'com.bbva.test.simple_nova_batch-simple_nova_batch', 'mybatchtest', 'com.bbva.test.simple_nova_batch', 'com.bbva.test.simple_nova_batch/simple_nova_batch-version1:1.0.0', '2', 'simple_nova_batch', 'NOVA_SPRING_BATCH', '1.0.0', 49407, NULL, NULL, NULL);
INSERT INTO  release_version_service  ( id ,  artifact_id ,  description ,  final_name ,  folder ,  group_id ,  image_name ,  nova_version ,  service_name ,  service_type ,  version ,  version_subsystem_id ,  ephoenix_data_id ,  node_package_file_id ,  project_definition_file_id  ) VALUES (49614, 'simple_nova_batch', 'New project for simple_nova_batch', 'com.bbva.test.simple_nova_batch-simple_nova_batch', 'mybatchtest', 'com.bbva.test.simple_nova_batch', 'com.bbva.test.simple_nova_batch/simple_nova_batch-version1:1.0.0', '2', 'simple_nova_batch', 'NOVA_SPRING_BATCH', '1.0.0', 49613, NULL, NULL, NULL);
INSERT INTO  release_version_service  ( id ,  artifact_id ,  description ,  final_name ,  folder ,  group_id ,  image_name ,  nova_version ,  service_name ,  service_type ,  version ,  version_subsystem_id ,  ephoenix_data_id ,  node_package_file_id ,  project_definition_file_id  ) VALUES (55997, 'charts', 'New project for running in NOVA Architecture the charts project', 'com.bbva.demo.visor-charts', 'charts', 'com.bbva.demo.visor', 'com.bbva.demo.visor/charts-beta:2.0.0', '3', 'charts', 'NOVA', '2.0.0', 55996, NULL, NULL, NULL);
INSERT INTO  release_version_service  ( id ,  artifact_id ,  description ,  final_name ,  folder ,  group_id ,  image_name ,  nova_version ,  service_name ,  service_type ,  version ,  version_subsystem_id ,  ephoenix_data_id ,  node_package_file_id ,  project_definition_file_id  ) VALUES (55998, 'statisticsfeignclient', 'Statistics feign client', 'com.bbva.demo.visor-statisticsfeignclient', 'statisticsfeignclient', 'com.bbva.demo.visor', 'com.bbva.demo.visor/statisticsfeignclient-beta:1.0.0', NULL, 'statisticsfeignclient', 'DEPENDENCY', '1.0.0', 55996, NULL, NULL, NULL);
INSERT INTO  release_version_service  ( id ,  artifact_id ,  description ,  final_name ,  folder ,  group_id ,  image_name ,  nova_version ,  service_name ,  service_type ,  version ,  version_subsystem_id ,  ephoenix_data_id ,  node_package_file_id ,  project_definition_file_id  ) VALUES (56000, 'generator', 'New project for running in NOVA Architectur', 'com.bbva.demo.market-generator', 'generator', 'com.bbva.demo.market', 'com.bbva.demo.market/generator-beta:2.0.0', '3', 'generator', 'NOVA', '2.0.0', 55999, NULL, NULL, NULL);
INSERT INTO  release_version_service  ( id ,  artifact_id ,  description ,  final_name ,  folder ,  group_id ,  image_name ,  nova_version ,  service_name ,  service_type ,  version ,  version_subsystem_id ,  ephoenix_data_id ,  node_package_file_id ,  project_definition_file_id  ) VALUES (56001, 'generatorfeignclient', 'Generator feign client', 'com.bbva.demo.market-generatorfeignclient', 'generatorfeignclient', 'com.bbva.demo.market', 'com.bbva.demo.market/generatorfeignclient-beta:1.0.0', NULL, 'generatorfeignclient', 'DEPENDENCY', '1.0.0', 55999, NULL, NULL, NULL);
INSERT INTO  release_version_service  ( id ,  artifact_id ,  description ,  final_name ,  folder ,  group_id ,  image_name ,  nova_version ,  service_name ,  service_type ,  version ,  version_subsystem_id ,  ephoenix_data_id ,  node_package_file_id ,  project_definition_file_id  ) VALUES (56002, 'simplenovabatch', 'New project for simple_nova_batch', 'com.bbva.demo.market-simplenovabatch', 'simplenovabatch', 'com.bbva.demo.market', 'com.bbva.demo.market/simplenovabatch-beta:2.0.0', '3', 'simplenovabatch', 'NOVA_SPRING_BATCH', '2.0.0', 55999, NULL, NULL, NULL);
INSERT INTO  release_version_service  ( id ,  artifact_id ,  description ,  final_name ,  folder ,  group_id ,  image_name ,  nova_version ,  service_name ,  service_type ,  version ,  version_subsystem_id ,  ephoenix_data_id ,  node_package_file_id ,  project_definition_file_id  ) VALUES (56003, 'statistics', 'New project for running in NOVA Architectur', 'com.bbva.demo.market-statistics', 'statistics', 'com.bbva.demo.market', 'com.bbva.demo.market/statistics-beta:2.0.0', '3', 'statistics', 'NOVA', '2.0.0', 55999, NULL, NULL, NULL);
INSERT INTO  release_version_service  ( id ,  artifact_id ,  description ,  final_name ,  folder ,  group_id ,  image_name ,  nova_version ,  service_name ,  service_type ,  version ,  version_subsystem_id ,  ephoenix_data_id ,  node_package_file_id ,  project_definition_file_id  ) VALUES (80268, 'serviceon', 'NOVA Platform - Service On', 'com.bbva.enoa.test.exampleapp-serviceon', 'serviceon', 'com.bbva.enoa.test.exampleapp', 'com.bbva.enoa.test.exampleapp/serviceone-r1:1.0.0', '3', 'serviceon', 'NOVA', '1.0.0', 80267, NULL, NULL, NULL);
INSERT INTO  release_version_service  ( id ,  artifact_id ,  description ,  final_name ,  folder ,  group_id ,  image_name ,  nova_version ,  service_name ,  service_type ,  version ,  version_subsystem_id ,  ephoenix_data_id ,  node_package_file_id ,  project_definition_file_id  ) VALUES (85405, 'serviceon', 'NOVA Platform - Service On', 'com.bbva.enoa.test.exampleapp-serviceon', 'serviceon', 'com.bbva.enoa.test.exampleapp', 'com.bbva.enoa.test.exampleapp/serviceone-r2d2:1.0.0', '3', 'serviceon', 'NOVA', '1.0.0', 85404, NULL, NULL, NULL);
INSERT INTO  release_version_service  ( id ,  artifact_id ,  description ,  final_name ,  folder ,  group_id ,  image_name ,  nova_version ,  service_name ,  service_type ,  version ,  version_subsystem_id ,  ephoenix_data_id ,  node_package_file_id ,  project_definition_file_id  ) VALUES (85413, 'serviceon', 'NOVA Platform - Service On', 'com.bbva.enoa.test.exampleapp-serviceon', 'serviceon', 'com.bbva.enoa.test.exampleapp', 'com.bbva.enoa.test.exampleapp/serviceone-r1:1.0.0', '3', 'serviceon', 'NOVA', '1.0.0', 85412, NULL, NULL, NULL);
INSERT INTO  release_version_service  ( id ,  artifact_id ,  description ,  final_name ,  folder ,  group_id ,  image_name ,  nova_version ,  service_name ,  service_type ,  version ,  version_subsystem_id ,  ephoenix_data_id ,  node_package_file_id ,  project_definition_file_id  ) VALUES (85422, 'WebBackEnd', 'CSA Web Backend', 'com.bbva.kcsa.webbackend-WebBackEnd', 'backend-web', 'com.bbva.kcsa.webbackend', 'com.bbva.kcsa.webbackend/webbackend-r1:1.0.0', '3', 'WebBackEnd', 'NOD', '1.0.0', 85421, NULL, NULL, NULL);
INSERT INTO  release_version_service  ( id ,  artifact_id ,  description ,  final_name ,  folder ,  group_id ,  image_name ,  nova_version ,  service_name ,  service_type ,  version ,  version_subsystem_id ,  ephoenix_data_id ,  node_package_file_id ,  project_definition_file_id  ) VALUES (85423, 'com.bbva.kcsa.parent', NULL, NULL, 'frontend-web/com.bbva.kcsa.parent', 'com.bbva.kcsa', 'com.bbva.kcsa/com.bbva.kcsa.parent-r1:0.0.1', NULL, 'com.bbva.kcsa.parent', 'DEPENDENCY', '0.0.1', 85421, NULL, NULL, NULL);
INSERT INTO  release_version_service  ( id ,  artifact_id ,  description ,  final_name ,  folder ,  group_id ,  image_name ,  nova_version ,  service_name ,  service_type ,  version ,  version_subsystem_id ,  ephoenix_data_id ,  node_package_file_id ,  project_definition_file_id  ) VALUES (85424, 'com.bbva.kcsa.servic', NULL, 'app', 'frontend-web/com.bbva.kcsa.servic', 'com.bbva.kcsa', 'com.bbva.kcsa/com.bbva.kcsa.service-r1:1.0.0', NULL, 'com.bbva.kcsa.servic', 'DEPENDENCY', '1.0.0', 85421, NULL, NULL, NULL);
INSERT INTO  release_version_service  ( id ,  artifact_id ,  description ,  final_name ,  folder ,  group_id ,  image_name ,  nova_version ,  service_name ,  service_type ,  version ,  version_subsystem_id ,  ephoenix_data_id ,  node_package_file_id ,  project_definition_file_id  ) VALUES (85441, 'backend', 'CSA Web Backend', 'com.bbva.kcsa.web-backend', 'backend-web', 'com.bbva.kcsa.web', 'com.bbva.kcsa.web/backend-r1:1.0.0', '3', 'WebBackEnd', 'NOD', '1.0.0', 85440, NULL, NULL, NULL);
INSERT INTO  release_version_service  ( id ,  artifact_id ,  description ,  final_name ,  folder ,  group_id ,  image_name ,  nova_version ,  service_name ,  service_type ,  version ,  version_subsystem_id ,  ephoenix_data_id ,  node_package_file_id ,  project_definition_file_id  ) VALUES (85442, 'com.bbva.kcsa.parent', NULL, NULL, 'frontend-web/com.bbva.kcsa.parent', 'com.bbva.kcsa', 'com.bbva.kcsa/com.bbva.kcsa.parent-r1:0.0.1', NULL, 'com.bbva.kcsa.parent', 'DEPENDENCY', '0.0.1', 85440, NULL, NULL, NULL);
INSERT INTO  release_version_service  ( id ,  artifact_id ,  description ,  final_name ,  folder ,  group_id ,  image_name ,  nova_version ,  service_name ,  service_type ,  version ,  version_subsystem_id ,  ephoenix_data_id ,  node_package_file_id ,  project_definition_file_id  ) VALUES (85443, 'com.bbva.kcsa.servic', NULL, 'app', 'frontend-web/com.bbva.kcsa.servic', 'com.bbva.kcsa', 'com.bbva.kcsa/com.bbva.kcsa.service-r1:1.0.0', NULL, 'com.bbva.kcsa.servic', 'DEPENDENCY', '1.0.0', 85440, NULL, NULL, NULL);
INSERT INTO  release_version_service  ( id ,  artifact_id ,  description ,  final_name ,  folder ,  group_id ,  image_name ,  nova_version ,  service_name ,  service_type ,  version ,  version_subsystem_id ,  ephoenix_data_id ,  node_package_file_id ,  project_definition_file_id  ) VALUES (85524, 'backend', 'CSA Web Backend', 'com.bbva.kcsa.web-backend', 'backend-web', 'com.bbva.kcsa.web', 'com.bbva.kcsa.web/backend-r1:1.0.0', '3', 'WebBackEnd', 'NOD', '1.0.0', 85523, NULL, NULL, NULL);
INSERT INTO  release_version_service  ( id ,  artifact_id ,  description ,  final_name ,  folder ,  group_id ,  image_name ,  nova_version ,  service_name ,  service_type ,  version ,  version_subsystem_id ,  ephoenix_data_id ,  node_package_file_id ,  project_definition_file_id  ) VALUES (85525, 'com.bbva.kcsa.parent', NULL, NULL, 'frontend-web/com.bbva.kcsa.parent', 'com.bbva.kcsa', 'com.bbva.kcsa/com.bbva.kcsa.parent-r1:0.0.1', NULL, 'com.bbva.kcsa.parent', 'DEPENDENCY', '0.0.1', 85523, NULL, NULL, NULL);
INSERT INTO  release_version_service  ( id ,  artifact_id ,  description ,  final_name ,  folder ,  group_id ,  image_name ,  nova_version ,  service_name ,  service_type ,  version ,  version_subsystem_id ,  ephoenix_data_id ,  node_package_file_id ,  project_definition_file_id  ) VALUES (85526, 'com.bbva.kcsa.servic', NULL, 'app', 'frontend-web/com.bbva.kcsa.servic', 'com.bbva.kcsa', 'com.bbva.kcsa/com.bbva.kcsa.service-r1:1.0.0', NULL, 'com.bbva.kcsa.servic', 'DEPENDENCY', '1.0.0', 85523, NULL, NULL, NULL);
INSERT INTO  release_version_service  ( id ,  artifact_id ,  description ,  final_name ,  folder ,  group_id ,  image_name ,  nova_version ,  service_name ,  service_type ,  version ,  version_subsystem_id ,  ephoenix_data_id ,  node_package_file_id ,  project_definition_file_id  ) VALUES (85648, 'backend', 'CSA Web Backend', 'com.bbva.kcsa.web-backend', 'backend-web', 'com.bbva.kcsa.web', 'com.bbva.kcsa.web/backend-r1:1.0.1', '3', 'WebBackEnd', 'NOD', '1.0.1', 85647, NULL, NULL, NULL);
INSERT INTO  release_version_service  ( id ,  artifact_id ,  description ,  final_name ,  folder ,  group_id ,  image_name ,  nova_version ,  service_name ,  service_type ,  version ,  version_subsystem_id ,  ephoenix_data_id ,  node_package_file_id ,  project_definition_file_id  ) VALUES (85649, 'com.bbva.kcsa.parent', NULL, NULL, 'frontend-web/com.bbva.kcsa.parent', 'com.bbva.kcsa', 'com.bbva.kcsa/com.bbva.kcsa.parent-r1:0.0.1', NULL, 'com.bbva.kcsa.parent', 'DEPENDENCY', '0.0.1', 85647, NULL, NULL, NULL);
INSERT INTO  release_version_service  ( id ,  artifact_id ,  description ,  final_name ,  folder ,  group_id ,  image_name ,  nova_version ,  service_name ,  service_type ,  version ,  version_subsystem_id ,  ephoenix_data_id ,  node_package_file_id ,  project_definition_file_id  ) VALUES (85650, 'com.bbva.kcsa.servic', NULL, 'app', 'frontend-web/com.bbva.kcsa.servic', 'com.bbva.kcsa', 'com.bbva.kcsa/com.bbva.kcsa.service-r1:1.0.0', NULL, 'com.bbva.kcsa.servic', 'DEPENDENCY', '1.0.0', 85647, NULL, NULL, NULL);
INSERT INTO  release_version_service  ( id ,  artifact_id ,  description ,  final_name ,  folder ,  group_id ,  image_name ,  nova_version ,  service_name ,  service_type ,  version ,  version_subsystem_id ,  ephoenix_data_id ,  node_package_file_id ,  project_definition_file_id  ) VALUES (85761, 'backend', 'CSA Web Backend', 'com.bbva.kcsa.web-backend', 'backend-web', 'com.bbva.kcsa.web', 'com.bbva.kcsa.web/backend-r1:1.0.2', '3', 'WebBackEnd', 'NOD', '1.0.2', 85760, NULL, NULL, NULL);
INSERT INTO  release_version_service  ( id ,  artifact_id ,  description ,  final_name ,  folder ,  group_id ,  image_name ,  nova_version ,  service_name ,  service_type ,  version ,  version_subsystem_id ,  ephoenix_data_id ,  node_package_file_id ,  project_definition_file_id  ) VALUES (85762, 'com.bbva.kcsa.parent', NULL, NULL, 'frontend-web/com.bbva.kcsa.parent', 'com.bbva.kcsa', 'com.bbva.kcsa/com.bbva.kcsa.parent-r1:0.0.1', NULL, 'com.bbva.kcsa.parent', 'DEPENDENCY', '0.0.1', 85760, NULL, NULL, NULL);
INSERT INTO  release_version_service  ( id ,  artifact_id ,  description ,  final_name ,  folder ,  group_id ,  image_name ,  nova_version ,  service_name ,  service_type ,  version ,  version_subsystem_id ,  ephoenix_data_id ,  node_package_file_id ,  project_definition_file_id  ) VALUES (85763, 'com.bbva.kcsa.servic', NULL, 'app', 'frontend-web/com.bbva.kcsa.servic', 'com.bbva.kcsa', 'com.bbva.kcsa/com.bbva.kcsa.service-r1:1.0.0', NULL, 'com.bbva.kcsa.servic', 'DEPENDENCY', '1.0.0', 85760, NULL, NULL, NULL);
INSERT INTO  release_version_service  ( id ,  artifact_id ,  description ,  final_name ,  folder ,  group_id ,  image_name ,  nova_version ,  service_name ,  service_type ,  version ,  version_subsystem_id ,  ephoenix_data_id ,  node_package_file_id ,  project_definition_file_id  ) VALUES (85850, 'backend', 'CSA Web Backend', 'com.bbva.kcsa.web-backend', 'backend-web', 'com.bbva.kcsa.web', 'com.bbva.kcsa.web/backend-r1:1.0.3', '3', 'WebBackEnd', 'NOD', '1.0.3', 85849, NULL, NULL, NULL);
INSERT INTO  release_version_service  ( id ,  artifact_id ,  description ,  final_name ,  folder ,  group_id ,  image_name ,  nova_version ,  service_name ,  service_type ,  version ,  version_subsystem_id ,  ephoenix_data_id ,  node_package_file_id ,  project_definition_file_id  ) VALUES (85851, 'com.bbva.kcsa.parent', NULL, NULL, 'frontend-web/com.bbva.kcsa.parent', 'com.bbva.kcsa', 'com.bbva.kcsa/com.bbva.kcsa.parent-r1:0.0.1', NULL, 'com.bbva.kcsa.parent', 'DEPENDENCY', '0.0.1', 85849, NULL, NULL, NULL);
INSERT INTO  release_version_service  ( id ,  artifact_id ,  description ,  final_name ,  folder ,  group_id ,  image_name ,  nova_version ,  service_name ,  service_type ,  version ,  version_subsystem_id ,  ephoenix_data_id ,  node_package_file_id ,  project_definition_file_id  ) VALUES (85852, 'com.bbva.kcsa.servic', NULL, 'app', 'frontend-web/com.bbva.kcsa.servic', 'com.bbva.kcsa', 'com.bbva.kcsa/com.bbva.kcsa.service-r1:1.0.0', NULL, 'com.bbva.kcsa.servic', 'DEPENDENCY', '1.0.0', 85849, NULL, NULL, NULL);
INSERT INTO  release_version_service  ( id ,  artifact_id ,  description ,  final_name ,  folder ,  group_id ,  image_name ,  nova_version ,  service_name ,  service_type ,  version ,  version_subsystem_id ,  ephoenix_data_id ,  node_package_file_id ,  project_definition_file_id  ) VALUES (85941, 'nodejs', 'bla bla bla!', 'com.bbva.lupr.nodejs', 'node-servic', 'com.bbva.lupr', 'com.bbva.lupr/nodejs-superdupernode:1.0.0', '3', 'nodejs', 'NOD', '1.0.0', 85940, NULL, NULL, NULL);
INSERT INTO  release_version_service  ( id ,  artifact_id ,  description ,  final_name ,  folder ,  group_id ,  image_name ,  nova_version ,  service_name ,  service_type ,  version ,  version_subsystem_id ,  ephoenix_data_id ,  node_package_file_id ,  project_definition_file_id  ) VALUES (85987, 'backend', 'CSA Web Backend', 'com.bbva.kcsa.web-backend', 'backend-web', 'com.bbva.kcsa.web', 'com.bbva.kcsa.web/backend-r1:1.0.4', '3', 'WebBackEnd', 'NOD', '1.0.4', 85986, NULL, NULL, NULL);
INSERT INTO  release_version_service  ( id ,  artifact_id ,  description ,  final_name ,  folder ,  group_id ,  image_name ,  nova_version ,  service_name ,  service_type ,  version ,  version_subsystem_id ,  ephoenix_data_id ,  node_package_file_id ,  project_definition_file_id  ) VALUES (85988, 'com.bbva.kcsa.parent', NULL, NULL, 'frontend-web/com.bbva.kcsa.parent', 'com.bbva.kcsa', 'com.bbva.kcsa/com.bbva.kcsa.parent-r1:0.0.1', NULL, 'com.bbva.kcsa.parent', 'DEPENDENCY', '0.0.1', 85986, NULL, NULL, NULL);
INSERT INTO  release_version_service  ( id ,  artifact_id ,  description ,  final_name ,  folder ,  group_id ,  image_name ,  nova_version ,  service_name ,  service_type ,  version ,  version_subsystem_id ,  ephoenix_data_id ,  node_package_file_id ,  project_definition_file_id  ) VALUES (85989, 'com.bbva.kcsa.servic', NULL, 'app', 'frontend-web/com.bbva.kcsa.servic', 'com.bbva.kcsa', 'com.bbva.kcsa/com.bbva.kcsa.service-r1:1.0.0', NULL, 'com.bbva.kcsa.servic', 'DEPENDENCY', '1.0.0', 85986, NULL, NULL, NULL);
INSERT INTO  release_version_service  ( id ,  artifact_id ,  description ,  final_name ,  folder ,  group_id ,  image_name ,  nova_version ,  service_name ,  service_type ,  version ,  version_subsystem_id ,  ephoenix_data_id ,  node_package_file_id ,  project_definition_file_id  ) VALUES (86042, 'nodejs', 'bla bla bla!', 'com.bbva.lupr.nodejs', 'node-servic', 'com.bbva.lupr', 'com.bbva.lupr/nodejs-superdupernode:1.0.0', '3', 'nodejs', 'NOD', '1.0.0', 86041, NULL, NULL, NULL);
INSERT INTO  release_version_service  ( id ,  artifact_id ,  description ,  final_name ,  folder ,  group_id ,  image_name ,  nova_version ,  service_name ,  service_type ,  version ,  version_subsystem_id ,  ephoenix_data_id ,  node_package_file_id ,  project_definition_file_id  ) VALUES (86060, 'nodejs', 'bla bla bla!', 'com.bbva.lupr.nodejs', 'node-servic', 'com.bbva.lupr', 'com.bbva.lupr/nodejs-superdupernode:1.0.0', '3', 'nodejs', 'NOD', '1.0.0', 86059, NULL, NULL, NULL);
INSERT INTO  release_version_service  ( id ,  artifact_id ,  description ,  final_name ,  folder ,  group_id ,  image_name ,  nova_version ,  service_name ,  service_type ,  version ,  version_subsystem_id ,  ephoenix_data_id ,  node_package_file_id ,  project_definition_file_id  ) VALUES (86086, 'nodejs', 'bla bla bla!', 'com.bbva.lupr.nodejs', 'node-servic', 'com.bbva.lupr', 'com.bbva.lupr/nodejs-superdupernode:1.0.0', '3', 'nodejs', 'NOD', '1.0.0', 86085, NULL, NULL, NULL);
INSERT INTO  release_version_service  ( id ,  artifact_id ,  description ,  final_name ,  folder ,  group_id ,  image_name ,  nova_version ,  service_name ,  service_type ,  version ,  version_subsystem_id ,  ephoenix_data_id ,  node_package_file_id ,  project_definition_file_id  ) VALUES (86105, 'nodejs', 'bla bla bla!', 'com.bbva.lupr.nodejs', 'node-servic', 'com.bbva.lupr', 'com.bbva.lupr/nodejs-superdupernode:1.0.0', '3', 'nodejs', 'NOD', '1.0.0', 86104, NULL, NULL, NULL);
INSERT INTO  release_version_service  ( id ,  artifact_id ,  description ,  final_name ,  folder ,  group_id ,  image_name ,  nova_version ,  service_name ,  service_type ,  version ,  version_subsystem_id ,  ephoenix_data_id ,  node_package_file_id ,  project_definition_file_id  ) VALUES (86145, 'backend', 'CSA Web Backend', 'com.bbva.kcsa.web-backend', 'backend-web', 'com.bbva.kcsa.web', 'com.bbva.kcsa.web/backend-r1:1.0.4', '3', 'WebBackEnd', 'NOD', '1.0.4', 86144, NULL, NULL, NULL);
INSERT INTO  release_version_service  ( id ,  artifact_id ,  description ,  final_name ,  folder ,  group_id ,  image_name ,  nova_version ,  service_name ,  service_type ,  version ,  version_subsystem_id ,  ephoenix_data_id ,  node_package_file_id ,  project_definition_file_id  ) VALUES (86146, 'com.bbva.kcsa.parent', NULL, NULL, 'frontend-web/com.bbva.kcsa.parent', 'com.bbva.kcsa', 'com.bbva.kcsa/com.bbva.kcsa.parent-r1:0.0.1', NULL, 'com.bbva.kcsa.parent', 'DEPENDENCY', '0.0.1', 86144, NULL, NULL, NULL);
INSERT INTO  release_version_service  ( id ,  artifact_id ,  description ,  final_name ,  folder ,  group_id ,  image_name ,  nova_version ,  service_name ,  service_type ,  version ,  version_subsystem_id ,  ephoenix_data_id ,  node_package_file_id ,  project_definition_file_id  ) VALUES (86147, 'com.bbva.kcsa.servic', NULL, 'app', 'frontend-web/com.bbva.kcsa.servic', 'com.bbva.kcsa', 'com.bbva.kcsa/com.bbva.kcsa.service-r1:1.0.0', NULL, 'com.bbva.kcsa.servic', 'DEPENDENCY', '1.0.0', 86144, NULL, NULL, NULL);
INSERT INTO  release_version_service  ( id ,  artifact_id ,  description ,  final_name ,  folder ,  group_id ,  image_name ,  nova_version ,  service_name ,  service_type ,  version ,  version_subsystem_id ,  ephoenix_data_id ,  node_package_file_id ,  project_definition_file_id  ) VALUES (86337, 'nodejs', 'bla bla bla!', 'com.bbva.lupr.nodejs', 'java-servic', 'com.bbva.lupr', 'com.bbva.lupr/nodejs-superdupernode:1.0.0', '3', 'nodejs', 'NOVA', '1.0.0', 86336, NULL, NULL, NULL);
INSERT INTO  release_version_service  ( id ,  artifact_id ,  description ,  final_name ,  folder ,  group_id ,  image_name ,  nova_version ,  service_name ,  service_type ,  version ,  version_subsystem_id ,  ephoenix_data_id ,  node_package_file_id ,  project_definition_file_id  ) VALUES (86338, 'nodejs', 'bla bla bla!', 'com.bbva.lupr.nodejs', 'node-servic', 'com.bbva.lupr', 'com.bbva.lupr/nodejs-superdupernode:1.0.0', '3', 'nodejs', 'NOD', '1.0.0', 86336, NULL, NULL, NULL);
INSERT INTO  release_version_service  ( id ,  artifact_id ,  description ,  final_name ,  folder ,  group_id ,  image_name ,  nova_version ,  service_name ,  service_type ,  version ,  version_subsystem_id ,  ephoenix_data_id ,  node_package_file_id ,  project_definition_file_id  ) VALUES (86368, 'javaseed', 'bla bla bla!', 'com.bbva.lupr.javaseed', 'java-servic', 'com.bbva.lupr', 'com.bbva.lupr/javaseed-superdupernode:1.0.0', '3', 'javaseed', 'NOVA', '1.0.0', 86367, NULL, NULL, NULL);
INSERT INTO  release_version_service  ( id ,  artifact_id ,  description ,  final_name ,  folder ,  group_id ,  image_name ,  nova_version ,  service_name ,  service_type ,  version ,  version_subsystem_id ,  ephoenix_data_id ,  node_package_file_id ,  project_definition_file_id  ) VALUES (86369, 'nodejs', 'bla bla bla!', 'com.bbva.lupr.nodejs', 'node-servic', 'com.bbva.lupr', 'com.bbva.lupr/nodejs-superdupernode:1.0.0', '3', 'nodejs', 'NOD', '1.0.0', 86367, NULL, NULL, NULL);
INSERT INTO  release_version_service  ( id ,  artifact_id ,  description ,  final_name ,  folder ,  group_id ,  image_name ,  nova_version ,  service_name ,  service_type ,  version ,  version_subsystem_id ,  ephoenix_data_id ,  node_package_file_id ,  project_definition_file_id  ) VALUES (86496, 'javaseed', 'bla bla bla!', 'com.bbva.lupr.javaseed', 'java-servic', 'com.bbva.lupr', 'com.bbva.lupr/javaseed-superdupernode:1.0.0', '3', 'javaseed', 'NOVA', '1.0.0', 86495, NULL, NULL, NULL);
INSERT INTO  release_version_service  ( id ,  artifact_id ,  description ,  final_name ,  folder ,  group_id ,  image_name ,  nova_version ,  service_name ,  service_type ,  version ,  version_subsystem_id ,  ephoenix_data_id ,  node_package_file_id ,  project_definition_file_id  ) VALUES (86497, 'nodejs', 'bla bla bla!', 'com.bbva.lupr.nodejs', 'node-servic', 'com.bbva.lupr', 'com.bbva.lupr/nodejs-superdupernode:1.0.0', '3', 'nodejs', 'NOD', '1.0.0', 86495, NULL, NULL, NULL);
INSERT INTO  release_version_service  ( id ,  artifact_id ,  description ,  final_name ,  folder ,  group_id ,  image_name ,  nova_version ,  service_name ,  service_type ,  version ,  version_subsystem_id ,  ephoenix_data_id ,  node_package_file_id ,  project_definition_file_id  ) VALUES (86567, 'javaseed', 'bla bla bla!', 'com.bbva.lupr.javaseed', 'java-servic', 'com.bbva.lupr', 'com.bbva.lupr/javaseed-superdupernode:1.0.0', '3', 'javaseed', 'NOVA', '1.0.0', 86566, NULL, NULL, NULL);
INSERT INTO  release_version_service  ( id ,  artifact_id ,  description ,  final_name ,  folder ,  group_id ,  image_name ,  nova_version ,  service_name ,  service_type ,  version ,  version_subsystem_id ,  ephoenix_data_id ,  node_package_file_id ,  project_definition_file_id  ) VALUES (86568, 'nodejs', 'bla bla bla!', 'com.bbva.lupr.nodejs', 'node-servic', 'com.bbva.lupr', 'com.bbva.lupr/nodejs-superdupernode:1.0.0', '3', 'nodejs', 'NOD', '1.0.0', 86566, NULL, NULL, NULL);
INSERT INTO  release_version_service  ( id ,  artifact_id ,  description ,  final_name ,  folder ,  group_id ,  image_name ,  nova_version ,  service_name ,  service_type ,  version ,  version_subsystem_id ,  ephoenix_data_id ,  node_package_file_id ,  project_definition_file_id  ) VALUES (86612, 'javaseed', 'bla bla bla!', 'com.bbva.lupr-javaseed', 'java-servic', 'com.bbva.lupr', 'com.bbva.lupr/javaseed-superdupernode:1.0.0', '3', 'javaseed', 'NOVA', '1.0.0', 86611, NULL, NULL, NULL);
INSERT INTO  release_version_service  ( id ,  artifact_id ,  description ,  final_name ,  folder ,  group_id ,  image_name ,  nova_version ,  service_name ,  service_type ,  version ,  version_subsystem_id ,  ephoenix_data_id ,  node_package_file_id ,  project_definition_file_id  ) VALUES (86613, 'nodejs', 'bla bla bla!', 'com.bbva.lupr.nodejs', 'node-servic', 'com.bbva.lupr', 'com.bbva.lupr/nodejs-superdupernode:1.0.0', '3', 'nodejs', 'NOD', '1.0.0', 86611, NULL, NULL, NULL);
INSERT INTO  release_version_service  ( id ,  artifact_id ,  description ,  final_name ,  folder ,  group_id ,  image_name ,  nova_version ,  service_name ,  service_type ,  version ,  version_subsystem_id ,  ephoenix_data_id ,  node_package_file_id ,  project_definition_file_id  ) VALUES (89978, 'backend', 'CSA Web Backend', 'com.bbva.kcsa.web-backend', 'backend-web', 'com.bbva.kcsa.web', 'com.bbva.kcsa.web/backend-r1:1.0.4', '3', 'WebBackEnd', 'NOD', '1.0.4', 89977, NULL, 89979, 89980);
INSERT INTO  release_version_service  ( id ,  artifact_id ,  description ,  final_name ,  folder ,  group_id ,  image_name ,  nova_version ,  service_name ,  service_type ,  version ,  version_subsystem_id ,  ephoenix_data_id ,  node_package_file_id ,  project_definition_file_id  ) VALUES (89981, 'com.bbva.kcsa.parent', NULL, NULL, 'frontend-web/com.bbva.kcsa.parent', 'com.bbva.kcsa', 'com.bbva.kcsa/com.bbva.kcsa.parent-r1:0.0.1', NULL, 'com.bbva.kcsa.parent', 'DEPENDENCY', '0.0.1', 89977, NULL, NULL, 89982);
INSERT INTO  release_version_service  ( id ,  artifact_id ,  description ,  final_name ,  folder ,  group_id ,  image_name ,  nova_version ,  service_name ,  service_type ,  version ,  version_subsystem_id ,  ephoenix_data_id ,  node_package_file_id ,  project_definition_file_id  ) VALUES (89983, 'com.bbva.kcsa.servic', NULL, 'app', 'frontend-web/com.bbva.kcsa.servic', 'com.bbva.kcsa', 'com.bbva.kcsa/com.bbva.kcsa.service-r1:1.0.0', NULL, 'com.bbva.kcsa.servic', 'DEPENDENCY', '1.0.0', 89977, NULL, NULL, 89984);
INSERT INTO  release_version_service  ( id ,  artifact_id ,  description ,  final_name ,  folder ,  group_id ,  image_name ,  nova_version ,  service_name ,  service_type ,  version ,  version_subsystem_id ,  ephoenix_data_id ,  node_package_file_id ,  project_definition_file_id  ) VALUES (90116, 'javaseed', 'bla bla bla!', 'com.bbva.lupr-javaseed', 'java-servic', 'com.bbva.lupr', 'com.bbva.lupr/javaseed-superdupernode:1.0.11', '3', 'javaseed', 'NOVA', '1.0.11', 90115, NULL, NULL, 90117);
INSERT INTO  release_version_service  ( id ,  artifact_id ,  description ,  final_name ,  folder ,  group_id ,  image_name ,  nova_version ,  service_name ,  service_type ,  version ,  version_subsystem_id ,  ephoenix_data_id ,  node_package_file_id ,  project_definition_file_id  ) VALUES (90118, 'nodejs', 'bla bla bla!', 'com.bbva.lupr.nodejs', 'node-servic', 'com.bbva.lupr', 'com.bbva.lupr/nodejs-superdupernode:1.0.11', '3', 'nodejs', 'NOD', '1.0.11', 90115, NULL, 90119, 90120);
INSERT INTO  release_version_service  ( id ,  artifact_id ,  description ,  final_name ,  folder ,  group_id ,  image_name ,  nova_version ,  service_name ,  service_type ,  version ,  version_subsystem_id ,  ephoenix_data_id ,  node_package_file_id ,  project_definition_file_id  ) VALUES (90148, 'backend', 'CSA Web Backend', 'com.bbva.kcsa.web-backend', 'backend-web', 'com.bbva.kcsa.web', 'com.bbva.kcsa.web/backend-r1:1.0.4', '3', 'WebBackEnd', 'NOD', '1.0.4', 90147, NULL, 90149, 90150);
INSERT INTO  release_version_service  ( id ,  artifact_id ,  description ,  final_name ,  folder ,  group_id ,  image_name ,  nova_version ,  service_name ,  service_type ,  version ,  version_subsystem_id ,  ephoenix_data_id ,  node_package_file_id ,  project_definition_file_id  ) VALUES (90151, 'frontend', NULL, 'com.bbva.kcsa.web-frontend', 'frontend-web', 'com.bbva.kcsa.web', 'com.bbva.kcsa.web/frontend-r1:1.0.0', '3', 'frontend', 'NOVA', '1.0.0', 90147, NULL, NULL, 90152);
INSERT INTO  release_version_service  ( id ,  artifact_id ,  description ,  final_name ,  folder ,  group_id ,  image_name ,  nova_version ,  service_name ,  service_type ,  version ,  version_subsystem_id ,  ephoenix_data_id ,  node_package_file_id ,  project_definition_file_id  ) VALUES (90503, 'backend', 'CSA Web Backend', 'com.bbva.kcsa.web-backend', 'backend-web', 'com.bbva.kcsa.web', 'com.bbva.kcsa.web/backend-r1:1.0.4', '3', 'WebBackEnd', 'NOD', '1.0.4', 90502, NULL, 90504, 90505);
INSERT INTO  release_version_service  ( id ,  artifact_id ,  description ,  final_name ,  folder ,  group_id ,  image_name ,  nova_version ,  service_name ,  service_type ,  version ,  version_subsystem_id ,  ephoenix_data_id ,  node_package_file_id ,  project_definition_file_id  ) VALUES (90506, 'frontend', NULL, 'com.bbva.kcsa.web-frontend', 'frontend-web', 'com.bbva.kcsa.web', 'com.bbva.kcsa.web/frontend-r1:1.0.0', '3', 'frontend', 'NOVA', '1.0.0', 90502, NULL, NULL, 90507);
INSERT INTO  release_version_service  ( id ,  artifact_id ,  description ,  final_name ,  folder ,  group_id ,  image_name ,  nova_version ,  service_name ,  service_type ,  version ,  version_subsystem_id ,  ephoenix_data_id ,  node_package_file_id ,  project_definition_file_id  ) VALUES (90665, 'javaseed', 'bla bla bla!', 'com.bbva.lupr-javaseed', 'java-servic', 'com.bbva.lupr', 'com.bbva.lupr/javaseed-superdupernode:1.0.11', '3', 'javaseed', 'NOVA', '1.0.11', 90664, NULL, NULL, 90666);
INSERT INTO  release_version_service  ( id ,  artifact_id ,  description ,  final_name ,  folder ,  group_id ,  image_name ,  nova_version ,  service_name ,  service_type ,  version ,  version_subsystem_id ,  ephoenix_data_id ,  node_package_file_id ,  project_definition_file_id  ) VALUES (90667, 'nodejs', 'bla bla bla!', 'com.bbva.lupr-nodejs', 'node-servic', 'com.bbva.lupr', 'com.bbva.lupr/nodejs-superdupernode:1.0.0', '3', 'nodejs', 'NOD', '1.0.0', 90664, NULL, 90668, 90669);
INSERT INTO  release_version_service  ( id ,  artifact_id ,  description ,  final_name ,  folder ,  group_id ,  image_name ,  nova_version ,  service_name ,  service_type ,  version ,  version_subsystem_id ,  ephoenix_data_id ,  node_package_file_id ,  project_definition_file_id  ) VALUES (90874, 'javaseed', 'bla bla bla!', 'com.bbva.lupr-javaseed', 'java-servic', 'com.bbva.lupr', 'com.bbva.lupr/javaseed-superdupernode:1.0.11', '3', 'javaseed', 'NOVA', '1.0.11', 90873, NULL, NULL, 90875);
INSERT INTO  release_version_service  ( id ,  artifact_id ,  description ,  final_name ,  folder ,  group_id ,  image_name ,  nova_version ,  service_name ,  service_type ,  version ,  version_subsystem_id ,  ephoenix_data_id ,  node_package_file_id ,  project_definition_file_id  ) VALUES (90876, 'nodejs', 'bla bla bla!', 'com.bbva.lupr-nodejs', 'node-servic', 'com.bbva.lupr', 'com.bbva.lupr/nodejs-superdupernode:1.0.0', '3', 'nodejs', 'NOD', '1.0.0', 90873, NULL, 90877, 90878);
INSERT INTO  release_version_service  ( id ,  artifact_id ,  description ,  final_name ,  folder ,  group_id ,  image_name ,  nova_version ,  service_name ,  service_type ,  version ,  version_subsystem_id ,  ephoenix_data_id ,  node_package_file_id ,  project_definition_file_id  ) VALUES (102453, 'javaseed', 'bla bla bla!', 'com.bbva.lupr-javaseed', 'java-servic', 'com.bbva.lupr', 'com.bbva.lupr/javaseed-superdupernode:1.0.13', '3', 'javaseed', 'NOVA', '1.0.13', 102452, NULL, NULL, 102454);
INSERT INTO  release_version_service  ( id ,  artifact_id ,  description ,  final_name ,  folder ,  group_id ,  image_name ,  nova_version ,  service_name ,  service_type ,  version ,  version_subsystem_id ,  ephoenix_data_id ,  node_package_file_id ,  project_definition_file_id  ) VALUES (102455, 'nodejs', 'bla bla bla!', 'com.bbva.lupr-nodejs', 'node-servic', 'com.bbva.lupr', 'com.bbva.lupr/nodejs-superdupernode:1.0.13', '3', 'nodejs', 'NOD', '1.0.13', 102452, NULL, 102456, 102457);
INSERT INTO  release_version_service  ( id ,  artifact_id ,  description ,  final_name ,  folder ,  group_id ,  image_name ,  nova_version ,  service_name ,  service_type ,  version ,  version_subsystem_id ,  ephoenix_data_id ,  node_package_file_id ,  project_definition_file_id  ) VALUES (102626, 'AAAAP01L', 'Prueba Batch', 'com.bbva.aaaa-AAAAP01L', 'AAAA/EPHOENIX-BATCH', 'com.bbva.aaaa', 'com.bbva.aaaa/aaaap01l-release1:01-es', '3', 'EPHOENIX-BATCH', 'EPHOENIX_BATCH', '01-ES', 102625, 102627, NULL, 102628);
INSERT INTO  release_version_service  ( id ,  artifact_id ,  description ,  final_name ,  folder ,  group_id ,  image_name ,  nova_version ,  service_name ,  service_type ,  version ,  version_subsystem_id ,  ephoenix_data_id ,  node_package_file_id ,  project_definition_file_id  ) VALUES (102629, 'SIMPT002', 'Prueba Onlin', 'com.bbva.aaaa-SIMPT002', 'AAAA/EPHOENIX-ONLIN', 'com.bbva.aaaa', 'com.bbva.aaaa/simpt002-release1:01-es', '3', 'EPHOENIX-ONLIN', 'EPHOENIX_ONLIN', '01-ES', 102625, 102630, NULL, 102631);
INSERT INTO  release_version_service  ( id ,  artifact_id ,  description ,  final_name ,  folder ,  group_id ,  image_name ,  nova_version ,  service_name ,  service_type ,  version ,  version_subsystem_id ,  ephoenix_data_id ,  node_package_file_id ,  project_definition_file_id  ) VALUES (102733, 'javaseed', 'bla bla bla!', 'com.bbva.lupr-javaseed', 'java-servic', 'com.bbva.lupr', 'com.bbva.lupr/javaseed-superdupernode:1.0.13', '3', 'javaseed', 'NOVA', '1.0.13', 102732, NULL, NULL, 102734);
INSERT INTO  release_version_service  ( id ,  artifact_id ,  description ,  final_name ,  folder ,  group_id ,  image_name ,  nova_version ,  service_name ,  service_type ,  version ,  version_subsystem_id ,  ephoenix_data_id ,  node_package_file_id ,  project_definition_file_id  ) VALUES (102735, 'nodejs', 'bla bla bla!', 'com.bbva.lupr-nodejs', 'node-servic', 'com.bbva.lupr', 'com.bbva.lupr/nodejs-superdupernode:1.0.13', '3', 'nodejs', 'NOD', '1.0.13', 102732, NULL, 102736, 102737);
INSERT INTO  release_version_service  ( id ,  artifact_id ,  description ,  final_name ,  folder ,  group_id ,  image_name ,  nova_version ,  service_name ,  service_type ,  version ,  version_subsystem_id ,  ephoenix_data_id ,  node_package_file_id ,  project_definition_file_id  ) VALUES (103659, 'javaseed', 'bla bla bla!', 'com.bbva.lupr-javaseed', 'java-servic', 'com.bbva.lupr', 'com.bbva.lupr/javaseed-superdupernode:1.0.16', '3', 'javaseed', 'NOVA', '1.0.16', 103658, NULL, NULL, 103660);
INSERT INTO  release_version_service  ( id ,  artifact_id ,  description ,  final_name ,  folder ,  group_id ,  image_name ,  nova_version ,  service_name ,  service_type ,  version ,  version_subsystem_id ,  ephoenix_data_id ,  node_package_file_id ,  project_definition_file_id  ) VALUES (103661, 'nodejs', 'bla bla bla!', 'com.bbva.lupr-nodejs', 'node-servic', 'com.bbva.lupr', 'com.bbva.lupr/nodejs-superdupernode:1.0.16', '3', 'nodejs', 'NOD', '1.0.16', 103658, NULL, 103662, 103663);
INSERT INTO  release_version_service  ( id ,  artifact_id ,  description ,  final_name ,  folder ,  group_id ,  image_name ,  nova_version ,  service_name ,  service_type ,  version ,  version_subsystem_id ,  ephoenix_data_id ,  node_package_file_id ,  project_definition_file_id  ) VALUES (103892, 'batchspringseed', 'batch seed', 'com.bbva.lupr-batchspringseed', 'batch-java-servic', 'com.bbva.lupr', 'com.bbva.lupr/batchspringseed-superdupernode:1.0.0', '3', 'batchspringseed', 'NOVA_SPRING_BATCH', '1.0.0', 103891, NULL, NULL, 103893);
INSERT INTO  release_version_service  ( id ,  artifact_id ,  description ,  final_name ,  folder ,  group_id ,  image_name ,  nova_version ,  service_name ,  service_type ,  version ,  version_subsystem_id ,  ephoenix_data_id ,  node_package_file_id ,  project_definition_file_id  ) VALUES (103894, 'javaseed', 'bla bla bla!', 'com.bbva.lupr-javaseed', 'java-servic', 'com.bbva.lupr', 'com.bbva.lupr/javaseed-superdupernode:1.0.16', '3', 'javaseed', 'NOVA', '1.0.16', 103891, NULL, NULL, 103895);
INSERT INTO  release_version_service  ( id ,  artifact_id ,  description ,  final_name ,  folder ,  group_id ,  image_name ,  nova_version ,  service_name ,  service_type ,  version ,  version_subsystem_id ,  ephoenix_data_id ,  node_package_file_id ,  project_definition_file_id  ) VALUES (103896, 'nodejs', 'bla bla bla!', 'com.bbva.lupr-nodejs', 'node-servic', 'com.bbva.lupr', 'com.bbva.lupr/nodejs-superdupernode:1.0.16', '3', 'nodejs', 'NOD', '1.0.16', 103891, NULL, 103897, 103898);
INSERT INTO  release_version_service  ( id ,  artifact_id ,  description ,  final_name ,  folder ,  group_id ,  image_name ,  nova_version ,  service_name ,  service_type ,  version ,  version_subsystem_id ,  ephoenix_data_id ,  node_package_file_id ,  project_definition_file_id  ) VALUES (104048, 'batchspringseed', 'batch seed', 'com.bbva.lupr-batchspringseed', 'batch-java-servic', 'com.bbva.lupr', 'com.bbva.lupr/batchspringseed-superdupernode:1.0.0', '3', 'batchspringseed', 'NOVA_SPRING_BATCH', '1.0.0', 104047, NULL, NULL, 104049);
INSERT INTO  release_version_service  ( id ,  artifact_id ,  description ,  final_name ,  folder ,  group_id ,  image_name ,  nova_version ,  service_name ,  service_type ,  version ,  version_subsystem_id ,  ephoenix_data_id ,  node_package_file_id ,  project_definition_file_id  ) VALUES (104050, 'javaseed', 'bla bla bla!', 'com.bbva.lupr-javaseed', 'java-servic', 'com.bbva.lupr', 'com.bbva.lupr/javaseed-superdupernode:1.0.16', '3', 'javaseed', 'NOVA', '1.0.16', 104047, NULL, NULL, 104051);
INSERT INTO  release_version_service  ( id ,  artifact_id ,  description ,  final_name ,  folder ,  group_id ,  image_name ,  nova_version ,  service_name ,  service_type ,  version ,  version_subsystem_id ,  ephoenix_data_id ,  node_package_file_id ,  project_definition_file_id  ) VALUES (104052, 'nodejs', 'bla bla bla!', 'com.bbva.lupr-nodejs', 'node-servic', 'com.bbva.lupr', 'com.bbva.lupr/nodejs-superdupernode:1.0.16', '3', 'nodejs', 'NOD', '1.0.16', 104047, NULL, 104053, 104054);
INSERT INTO  release_version_service  ( id ,  artifact_id ,  description ,  final_name ,  folder ,  group_id ,  image_name ,  nova_version ,  service_name ,  service_type ,  version ,  version_subsystem_id ,  ephoenix_data_id ,  node_package_file_id ,  project_definition_file_id  ) VALUES (104268, 'javaseed', 'bla bla bla!', 'com.bbva.lupr-javaseed', 'java-servic', 'com.bbva.lupr', 'com.bbva.lupr/javaseed-superdupernode:1.0.16', '3', 'javaseed', 'NOVA', '1.0.16', 104267, NULL, NULL, 104269);
INSERT INTO  release_version_service  ( id ,  artifact_id ,  description ,  final_name ,  folder ,  group_id ,  image_name ,  nova_version ,  service_name ,  service_type ,  version ,  version_subsystem_id ,  ephoenix_data_id ,  node_package_file_id ,  project_definition_file_id  ) VALUES (104270, 'nodejs', 'bla bla bla!', 'com.bbva.lupr-nodejs', 'node-servic', 'com.bbva.lupr', 'com.bbva.lupr/nodejs-superdupernode:1.0.16', '3', 'nodejs', 'NOD', '1.0.16', 104267, NULL, 104271, 104272);
INSERT INTO  release_version_service  ( id ,  artifact_id ,  description ,  final_name ,  folder ,  group_id ,  image_name ,  nova_version ,  service_name ,  service_type ,  version ,  version_subsystem_id ,  ephoenix_data_id ,  node_package_file_id ,  project_definition_file_id  ) VALUES (104336, 'javaseed', 'bla bla bla!', 'com.bbva.lupr-javaseed', 'java-servic', 'com.bbva.lupr', 'com.bbva.lupr/javaseed-superdupernode:1.0.16', '3', 'javaseed', 'NOVA', '1.0.16', 104335, NULL, NULL, 104337);
INSERT INTO  release_version_service  ( id ,  artifact_id ,  description ,  final_name ,  folder ,  group_id ,  image_name ,  nova_version ,  service_name ,  service_type ,  version ,  version_subsystem_id ,  ephoenix_data_id ,  node_package_file_id ,  project_definition_file_id  ) VALUES (104338, 'nodejs', 'bla bla bla!', 'com.bbva.lupr-nodejs', 'node-servic', 'com.bbva.lupr', 'com.bbva.lupr/nodejs-superdupernode:1.0.16', '3', 'nodejs', 'NOD', '1.0.16', 104335, NULL, 104339, 104340);
INSERT INTO  release_version_service  ( id ,  artifact_id ,  description ,  final_name ,  folder ,  group_id ,  image_name ,  nova_version ,  service_name ,  service_type ,  version ,  version_subsystem_id ,  ephoenix_data_id ,  node_package_file_id ,  project_definition_file_id  ) VALUES (104391, 'javaseed', 'bla bla bla!', 'com.bbva.lupr-javaseed', 'java-servic', 'com.bbva.lupr', 'com.bbva.lupr/javaseed-superdupernode:1.0.16', '3', 'javaseed', 'NOVA', '1.0.16', 104390, NULL, NULL, 104392);
INSERT INTO  release_version_service  ( id ,  artifact_id ,  description ,  final_name ,  folder ,  group_id ,  image_name ,  nova_version ,  service_name ,  service_type ,  version ,  version_subsystem_id ,  ephoenix_data_id ,  node_package_file_id ,  project_definition_file_id  ) VALUES (104393, 'nodejs', 'bla bla bla!', 'com.bbva.lupr-nodejs', 'node-servic', 'com.bbva.lupr', 'com.bbva.lupr/nodejs-superdupernode:1.0.16', '3', 'nodejs', 'NOD', '1.0.16', 104390, NULL, 104394, 104395);
INSERT INTO  release_version_service  ( id ,  artifact_id ,  description ,  final_name ,  folder ,  group_id ,  image_name ,  nova_version ,  service_name ,  service_type ,  version ,  version_subsystem_id ,  ephoenix_data_id ,  node_package_file_id ,  project_definition_file_id  ) VALUES (104446, 'javaseed', 'bla bla bla!', 'com.bbva.lupr-javaseed', 'java-servic', 'com.bbva.lupr', 'com.bbva.lupr/javaseed-superdupernode:1.0.16', '3', 'javaseed', 'NOVA', '1.0.16', 104445, NULL, NULL, 104447);
INSERT INTO  release_version_service  ( id ,  artifact_id ,  description ,  final_name ,  folder ,  group_id ,  image_name ,  nova_version ,  service_name ,  service_type ,  version ,  version_subsystem_id ,  ephoenix_data_id ,  node_package_file_id ,  project_definition_file_id  ) VALUES (104448, 'nodejs', 'bla bla bla!', 'com.bbva.lupr-nodejs', 'node-servic', 'com.bbva.lupr', 'com.bbva.lupr/nodejs-superdupernode:1.0.16', '3', 'nodejs', 'NOD', '1.0.16', 104445, NULL, 104449, 104450);
INSERT INTO  release_version_service  ( id ,  artifact_id ,  description ,  final_name ,  folder ,  group_id ,  image_name ,  nova_version ,  service_name ,  service_type ,  version ,  version_subsystem_id ,  ephoenix_data_id ,  node_package_file_id ,  project_definition_file_id  ) VALUES (104568, 'javaseed', 'bla bla bla!', 'com.bbva.lupr-javaseed', 'java-servic', 'com.bbva.lupr', 'com.bbva.lupr/javaseed-superdupernode:1.0.16', '3', 'javaseed', 'NOVA', '1.0.16', 104567, NULL, NULL, 104569);
INSERT INTO  release_version_service  ( id ,  artifact_id ,  description ,  final_name ,  folder ,  group_id ,  image_name ,  nova_version ,  service_name ,  service_type ,  version ,  version_subsystem_id ,  ephoenix_data_id ,  node_package_file_id ,  project_definition_file_id  ) VALUES (104570, 'nodejs', 'bla bla bla!', 'com.bbva.lupr-nodejs', 'node-servic', 'com.bbva.lupr', 'com.bbva.lupr/nodejs-superdupernode:1.0.16', '3', 'nodejs', 'NOD', '1.0.16', 104567, NULL, 104571, 104572);
INSERT INTO  release_version_service  ( id ,  artifact_id ,  description ,  final_name ,  folder ,  group_id ,  image_name ,  nova_version ,  service_name ,  service_type ,  version ,  version_subsystem_id ,  ephoenix_data_id ,  node_package_file_id ,  project_definition_file_id  ) VALUES (107749, 'batchspringseed', 'batch seed', 'com.bbva.lupr-batchspringseed', 'batch-java-servic', 'com.bbva.lupr', 'com.bbva.lupr/batchspringseed-superdupernode:1.0.0', '3', 'batchspringseed', 'NOVA_SPRING_BATCH', '1.0.0', 107748, NULL, NULL, 107750);
INSERT INTO  release_version_service  ( id ,  artifact_id ,  description ,  final_name ,  folder ,  group_id ,  image_name ,  nova_version ,  service_name ,  service_type ,  version ,  version_subsystem_id ,  ephoenix_data_id ,  node_package_file_id ,  project_definition_file_id  ) VALUES (107751, 'javaseed', 'bla bla bla!', 'com.bbva.lupr-javaseed', 'java-servic', 'com.bbva.lupr', 'com.bbva.lupr/javaseed-superdupernode:1.0.16', '3', 'javaseed', 'NOVA', '1.0.16', 107748, NULL, NULL, 107752);
INSERT INTO  release_version_service  ( id ,  artifact_id ,  description ,  final_name ,  folder ,  group_id ,  image_name ,  nova_version ,  service_name ,  service_type ,  version ,  version_subsystem_id ,  ephoenix_data_id ,  node_package_file_id ,  project_definition_file_id  ) VALUES (107753, 'nodejs', 'bla bla bla!', 'com.bbva.lupr-nodejs', 'node-servic', 'com.bbva.lupr', 'com.bbva.lupr/nodejs-superdupernode:1.0.16', '3', 'nodejs', 'NOD', '1.0.16', 107748, NULL, 107754, 107755);
INSERT INTO  release_version_service  ( id ,  artifact_id ,  description ,  final_name ,  folder ,  group_id ,  image_name ,  nova_version ,  service_name ,  service_type ,  version ,  version_subsystem_id ,  ephoenix_data_id ,  node_package_file_id ,  project_definition_file_id  ) VALUES (107818, 'batchspringseed', 'batch seed', 'com.bbva.lupr-batchspringseed', 'batch-java-servic', 'com.bbva.lupr', 'com.bbva.lupr/batchspringseed-superdupernode:1.0.0', '3', 'batchspringseed', 'NOVA_SPRING_BATCH', '1.0.0', 107817, NULL, NULL, 107819);
INSERT INTO  release_version_service  ( id ,  artifact_id ,  description ,  final_name ,  folder ,  group_id ,  image_name ,  nova_version ,  service_name ,  service_type ,  version ,  version_subsystem_id ,  ephoenix_data_id ,  node_package_file_id ,  project_definition_file_id  ) VALUES (107820, 'javaseed', 'bla bla bla!', 'com.bbva.lupr-javaseed', 'java-servic', 'com.bbva.lupr', 'com.bbva.lupr/javaseed-superdupernode:1.0.16', '3', 'javaseed', 'NOVA', '1.0.16', 107817, NULL, NULL, 107821);
INSERT INTO  release_version_service  ( id ,  artifact_id ,  description ,  final_name ,  folder ,  group_id ,  image_name ,  nova_version ,  service_name ,  service_type ,  version ,  version_subsystem_id ,  ephoenix_data_id ,  node_package_file_id ,  project_definition_file_id  ) VALUES (107822, 'nodejs', 'bla bla bla!', 'com.bbva.lupr-nodejs', 'node-servic', 'com.bbva.lupr', 'com.bbva.lupr/nodejs-superdupernode:1.0.16', '3', 'nodejs', 'NOD', '1.0.16', 107817, NULL, 107823, 107824);
INSERT INTO  release_version_service  ( id ,  artifact_id ,  description ,  final_name ,  folder ,  group_id ,  image_name ,  nova_version ,  service_name ,  service_type ,  version ,  version_subsystem_id ,  ephoenix_data_id ,  node_package_file_id ,  project_definition_file_id  ) VALUES (107831, 'AAAAP01L', 'Prueba Batch', 'com.bbva.aaaa-AAAAP01L', 'AAAA/EPHOENIX-BATCH', 'com.bbva.aaaa', 'com.bbva.aaaa/aaaap01l-release2:01-es', '3', 'EPHOENIX-BATCH', 'EPHOENIX_BATCH', '01-ES', 107830, 107832, NULL, 107833);
INSERT INTO  release_version_service  ( id ,  artifact_id ,  description ,  final_name ,  folder ,  group_id ,  image_name ,  nova_version ,  service_name ,  service_type ,  version ,  version_subsystem_id ,  ephoenix_data_id ,  node_package_file_id ,  project_definition_file_id  ) VALUES (107834, 'SIMPT002', 'Prueba Onlin', 'com.bbva.aaaa-SIMPT002', 'AAAA/EPHOENIX-ONLIN', 'com.bbva.aaaa', 'com.bbva.aaaa/simpt002-release2:01-es', '3', 'EPHOENIX-ONLIN', 'EPHOENIX_ONLIN', '01-ES', 107830, 107835, NULL, 107836);
INSERT INTO  release_version_service  ( id ,  artifact_id ,  description ,  final_name ,  folder ,  group_id ,  image_name ,  nova_version ,  service_name ,  service_type ,  version ,  version_subsystem_id ,  ephoenix_data_id ,  node_package_file_id ,  project_definition_file_id  ) VALUES (108633, 'batchspringseed', 'batch seed', 'com.bbva.lupr-batchspringseed', 'batch-java-servic', 'com.bbva.lupr', 'com.bbva.lupr/batchspringseed-superdupernode:1.0.0', '3', 'batchspringseed', 'NOVA_SPRING_BATCH', '1.0.0', 108632, NULL, NULL, 108634);
INSERT INTO  release_version_service  ( id ,  artifact_id ,  description ,  final_name ,  folder ,  group_id ,  image_name ,  nova_version ,  service_name ,  service_type ,  version ,  version_subsystem_id ,  ephoenix_data_id ,  node_package_file_id ,  project_definition_file_id  ) VALUES (108635, 'javaseed', 'bla bla bla!', 'com.bbva.lupr-javaseed', 'java-servic', 'com.bbva.lupr', 'com.bbva.lupr/javaseed-superdupernode:1.0.16', '3', 'javaseed', 'NOVA', '1.0.16', 108632, NULL, NULL, 108636);
INSERT INTO  release_version_service  ( id ,  artifact_id ,  description ,  final_name ,  folder ,  group_id ,  image_name ,  nova_version ,  service_name ,  service_type ,  version ,  version_subsystem_id ,  ephoenix_data_id ,  node_package_file_id ,  project_definition_file_id  ) VALUES (108637, 'nodejs', 'bla bla bla!', 'com.bbva.lupr-nodejs', 'node-servic', 'com.bbva.lupr', 'com.bbva.lupr/nodejs-superdupernode:1.0.16', '3', 'nodejs', 'NOD', '1.0.16', 108632, NULL, 108638, 108639);
INSERT INTO  release_version_service  ( id ,  artifact_id ,  description ,  final_name ,  folder ,  group_id ,  image_name ,  nova_version ,  service_name ,  service_type ,  version ,  version_subsystem_id ,  ephoenix_data_id ,  node_package_file_id ,  project_definition_file_id  ) VALUES (112110, 'AAAAP01L', 'Prueba Batch', 'com.bbva.aaaa-AAAAP01L', 'AAAA/EPHOENIX-BATCH', 'com.bbva.aaaa', 'com.bbva.aaaa/aaaap01l-release5:01-es', '3', 'EPHOENIX-BATCH', 'EPHOENIX_BATCH', '01-ES', 112109, 112111, NULL, 112112);
INSERT INTO  release_version_service  ( id ,  artifact_id ,  description ,  final_name ,  folder ,  group_id ,  image_name ,  nova_version ,  service_name ,  service_type ,  version ,  version_subsystem_id ,  ephoenix_data_id ,  node_package_file_id ,  project_definition_file_id  ) VALUES (112113, 'SIMPT002', 'Prueba Onlin', 'com.bbva.aaaa-SIMPT002', 'AAAA/EPHOENIX-ONLIN', 'com.bbva.aaaa', 'com.bbva.aaaa/simpt002-release5:01-es', '3', 'EPHOENIX-ONLIN', 'EPHOENIX_ONLIN', '01-ES', 112109, 112114, NULL, 112115);
INSERT INTO  release_version_service  ( id ,  artifact_id ,  description ,  final_name ,  folder ,  group_id ,  image_name ,  nova_version ,  service_name ,  service_type ,  version ,  version_subsystem_id ,  ephoenix_data_id ,  node_package_file_id ,  project_definition_file_id  ) VALUES (112571, 'AAAAP01L', 'Prueba Batch', 'com.bbva.aaaa-AAAAP01L', 'AAAA/EPHOENIX-BATCH', 'com.bbva.aaaa', 'com.bbva.aaaa/aaaap01l-release5:01-es', '3', 'EPHOENIX-BATCH', 'EPHOENIX_BATCH', '01-ES', 112570, 112572, NULL, 112573);
INSERT INTO  release_version_service  ( id ,  artifact_id ,  description ,  final_name ,  folder ,  group_id ,  image_name ,  nova_version ,  service_name ,  service_type ,  version ,  version_subsystem_id ,  ephoenix_data_id ,  node_package_file_id ,  project_definition_file_id  ) VALUES (112574, 'SIMPT002', 'Prueba Onlin', 'com.bbva.aaaa-SIMPT002', 'AAAA/EPHOENIX-ONLIN', 'com.bbva.aaaa', 'com.bbva.aaaa/simpt002-release5:01-es', '3', 'EPHOENIX-ONLIN', 'EPHOENIX_ONLIN', '01-ES', 112570, 112575, NULL, 112576);
INSERT INTO  release_version_service  ( id ,  artifact_id ,  description ,  final_name ,  folder ,  group_id ,  image_name ,  nova_version ,  service_name ,  service_type ,  version ,  version_subsystem_id ,  ephoenix_data_id ,  node_package_file_id ,  project_definition_file_id  ) VALUES (112630, 'AAAAP01L', 'Prueba Batch', 'com.bbva.aaaa-AAAAP01L', 'AAAA/EPHOENIX-BATCH', 'com.bbva.aaaa', 'com.bbva.aaaa/aaaap01l-release5:01-es', '3', 'EPHOENIX-BATCH', 'EPHOENIX_BATCH', '01-ES', 112629, 112631, NULL, 112632);
INSERT INTO  release_version_service  ( id ,  artifact_id ,  description ,  final_name ,  folder ,  group_id ,  image_name ,  nova_version ,  service_name ,  service_type ,  version ,  version_subsystem_id ,  ephoenix_data_id ,  node_package_file_id ,  project_definition_file_id  ) VALUES (112633, 'SIMPT002', 'Prueba Onlin', 'com.bbva.aaaa-SIMPT002', 'AAAA/EPHOENIX-ONLIN', 'com.bbva.aaaa', 'com.bbva.aaaa/simpt002-release5:01-es', '3', 'EPHOENIX-ONLIN', 'EPHOENIX_ONLIN', '01-ES', 112629, 112634, NULL, 112635);
INSERT INTO  release_version_service  ( id ,  artifact_id ,  description ,  final_name ,  folder ,  group_id ,  image_name ,  nova_version ,  service_name ,  service_type ,  version ,  version_subsystem_id ,  ephoenix_data_id ,  node_package_file_id ,  project_definition_file_id  ) VALUES (118391, 'AAAAP01L', 'Prueba Batch', 'com.bbva.prue-AAAAP01L', 'PRUE/EPHOENIX-BATCH', 'com.bbva.pru', 'com.bbva.prue/aaaap01l-release1:01-es', '3', 'EPHOENIX-BATCH', 'EPHOENIX_BATCH', '01-ES', 118390, 118392, NULL, 118393);
INSERT INTO  release_version_service  ( id ,  artifact_id ,  description ,  final_name ,  folder ,  group_id ,  image_name ,  nova_version ,  service_name ,  service_type ,  version ,  version_subsystem_id ,  ephoenix_data_id ,  node_package_file_id ,  project_definition_file_id  ) VALUES (118394, 'SIMPT002', 'Prueba Onlin', 'com.bbva.prue-SIMPT002', 'PRUE/EPHOENIX-ONLIN', 'com.bbva.pru', 'com.bbva.prue/simpt002-release1:01-es', '3', 'EPHOENIX-ONLIN', 'EPHOENIX_ONLIN', '01-ES', 118390, 118395, NULL, 118396);
INSERT INTO  release_version_service  ( id ,  artifact_id ,  description ,  final_name ,  folder ,  group_id ,  image_name ,  nova_version ,  service_name ,  service_type ,  version ,  version_subsystem_id ,  ephoenix_data_id ,  node_package_file_id ,  project_definition_file_id  ) VALUES (119783, 'AAAAP01L', 'Prueba Batch', 'com.bbva.prue-AAAAP01L', 'PRUE/EPHOENIX-BATCH', 'com.bbva.pru', 'com.bbva.prue/aaaap01l-release2:01-es', '3', 'EPHOENIX-BATCH', 'EPHOENIX_BATCH', '01-ES', 119782, 119784, NULL, 119785);
INSERT INTO  release_version_service  ( id ,  artifact_id ,  description ,  final_name ,  folder ,  group_id ,  image_name ,  nova_version ,  service_name ,  service_type ,  version ,  version_subsystem_id ,  ephoenix_data_id ,  node_package_file_id ,  project_definition_file_id  ) VALUES (119786, 'SIMPT002', 'Prueba Onlin', 'com.bbva.prue-SIMPT002', 'PRUE/EPHOENIX-ONLIN', 'com.bbva.pru', 'com.bbva.prue/simpt002-release2:01-es', '3', 'EPHOENIX-ONLIN', 'EPHOENIX_ONLIN', '01-ES', 119782, 119787, NULL, 119788);
INSERT INTO  release_version_service  ( id ,  artifact_id ,  description ,  final_name ,  folder ,  group_id ,  image_name ,  nova_version ,  service_name ,  service_type ,  version ,  version_subsystem_id ,  ephoenix_data_id ,  node_package_file_id ,  project_definition_file_id  ) VALUES (120640, 'AAAAP01L', 'Prueba Batch', 'com.bbva.qwjj-AAAAP01L', 'QWJJ/EPHOENIX-BATCH', 'com.bbva.qwjj', 'com.bbva.qwjj/aaaap01l-release3:01-es', '3', 'EPHOENIX-BATCH', 'EPHOENIX_BATCH', '01-ES', 120639, 120641, NULL, 120642);
INSERT INTO  release_version_service  ( id ,  artifact_id ,  description ,  final_name ,  folder ,  group_id ,  image_name ,  nova_version ,  service_name ,  service_type ,  version ,  version_subsystem_id ,  ephoenix_data_id ,  node_package_file_id ,  project_definition_file_id  ) VALUES (120643, 'SIMPT002', 'Prueba Onlin', 'com.bbva.qwjj-SIMPT002', 'QWJJ/EPHOENIX-ONLIN', 'com.bbva.qwjj', 'com.bbva.qwjj/simpt002-release3:01-es', '3', 'EPHOENIX-ONLIN', 'EPHOENIX_ONLIN', '01-ES', 120639, 120644, NULL, 120645);
INSERT INTO  release_version_service  ( id ,  artifact_id ,  description ,  final_name ,  folder ,  group_id ,  image_name ,  nova_version ,  service_name ,  service_type ,  version ,  version_subsystem_id ,  ephoenix_data_id ,  node_package_file_id ,  project_definition_file_id  ) VALUES (124851, 'generator', 'New project for running in NOVA Architectur', 'com.bbva.demo.market-generator', 'generator', 'com.bbva.demo.market', 'com.bbva.demo.market/generator-beta:2.0.0', '3', 'generator', 'NOVA', '2.0.0', 124850, NULL, NULL, 124852);
INSERT INTO  release_version_service  ( id ,  artifact_id ,  description ,  final_name ,  folder ,  group_id ,  image_name ,  nova_version ,  service_name ,  service_type ,  version ,  version_subsystem_id ,  ephoenix_data_id ,  node_package_file_id ,  project_definition_file_id  ) VALUES (124853, 'generatorfeignclient', 'Generator feign client', 'com.bbva.demo.market-generatorfeignclient', 'generatorfeignclient', 'com.bbva.demo.market', 'com.bbva.demo.market/generatorfeignclient-beta:1.0.0', NULL, 'generatorfeignclient', 'DEPENDENCY', '1.0.0', 124850, NULL, NULL, 124854);
INSERT INTO  release_version_service  ( id ,  artifact_id ,  description ,  final_name ,  folder ,  group_id ,  image_name ,  nova_version ,  service_name ,  service_type ,  version ,  version_subsystem_id ,  ephoenix_data_id ,  node_package_file_id ,  project_definition_file_id  ) VALUES (124855, 'simplenovabatch', 'New project for simple_nova_batch', 'com.bbva.demo.market-simplenovabatch', 'simplenovabatch', 'com.bbva.demo.market', 'com.bbva.demo.market/simplenovabatch-beta:2.0.0', '3', 'simplenovabatch', 'NOVA_SPRING_BATCH', '2.0.0', 124850, NULL, NULL, 124856);
INSERT INTO  release_version_service  ( id ,  artifact_id ,  description ,  final_name ,  folder ,  group_id ,  image_name ,  nova_version ,  service_name ,  service_type ,  version ,  version_subsystem_id ,  ephoenix_data_id ,  node_package_file_id ,  project_definition_file_id  ) VALUES (124857, 'statistics', 'New project for running in NOVA Architectur', 'com.bbva.demo.market-statistics', 'statistics', 'com.bbva.demo.market', 'com.bbva.demo.market/statistics-beta:2.0.0', '3', 'statistics', 'NOVA', '2.0.0', 124850, NULL, NULL, 124858);
INSERT INTO  release_version_service  ( id ,  artifact_id ,  description ,  final_name ,  folder ,  group_id ,  image_name ,  nova_version ,  service_name ,  service_type ,  version ,  version_subsystem_id ,  ephoenix_data_id ,  node_package_file_id ,  project_definition_file_id  ) VALUES (136084, 'AAAAP01L', 'Prueba Batch', 'com.bbva.aaaa-AAAAP01L', 'AAAA/EPHOENIX-BATCH', 'com.bbva.aaaa', 'com.bbva.aaaa/aaaap01l-release6:01-es', '3', 'EPHOENIX-BATCH', 'EPHOENIX_BATCH', '01-ES', 136083, 136085, NULL, 136086);
INSERT INTO  release_version_service  ( id ,  artifact_id ,  description ,  final_name ,  folder ,  group_id ,  image_name ,  nova_version ,  service_name ,  service_type ,  version ,  version_subsystem_id ,  ephoenix_data_id ,  node_package_file_id ,  project_definition_file_id  ) VALUES (136087, 'SIMPT002', 'Prueba Onlin', 'com.bbva.aaaa-SIMPT002', 'AAAA/EPHOENIX-ONLIN', 'com.bbva.aaaa', 'com.bbva.aaaa/simpt002-release6:01-es', '3', 'EPHOENIX-ONLIN', 'EPHOENIX_ONLIN', '01-ES', 136083, 136088, NULL, 136089);
INSERT INTO  release_version_service  ( id ,  artifact_id ,  description ,  final_name ,  folder ,  group_id ,  image_name ,  nova_version ,  service_name ,  service_type ,  version ,  version_subsystem_id ,  ephoenix_data_id ,  node_package_file_id ,  project_definition_file_id  ) VALUES (136354, 'AAAAP01L', 'Prueba Batch', 'com.bbva.qwjj-AAAAP01L', 'QWJJ/EPHOENIX-BATCH', 'com.bbva.qwjj', 'com.bbva.qwjj/aaaap01l-release2:01-es', '3', 'EPHOENIX-BATCH', 'EPHOENIX_BATCH', '01-ES', 136353, 136355, NULL, 136356);
INSERT INTO  release_version_service  ( id ,  artifact_id ,  description ,  final_name ,  folder ,  group_id ,  image_name ,  nova_version ,  service_name ,  service_type ,  version ,  version_subsystem_id ,  ephoenix_data_id ,  node_package_file_id ,  project_definition_file_id  ) VALUES (136357, 'SIMPT002', 'Prueba Onlin', 'com.bbva.qwjj-SIMPT002', 'QWJJ/EPHOENIX-ONLIN', 'com.bbva.qwjj', 'com.bbva.qwjj/simpt002-release2:01-es', '3', 'EPHOENIX-ONLIN', 'EPHOENIX_ONLIN', '01-ES', 136353, 136358, NULL, 136359);
INSERT INTO  release_version_service  ( id ,  artifact_id ,  description ,  final_name ,  folder ,  group_id ,  image_name ,  nova_version ,  service_name ,  service_type ,  version ,  version_subsystem_id ,  ephoenix_data_id ,  node_package_file_id ,  project_definition_file_id  ) VALUES (136403, 'AAAAP01L', 'Prueba Batch', 'com.bbva.aaaa-AAAAP01L', 'AAAA/EPHOENIX-BATCH', 'com.bbva.aaaa', 'com.bbva.aaaa/aaaap01l-release2:01-es', '3', 'EPHOENIX-BATCH', 'EPHOENIX_BATCH', '01-ES', 136402, 136404, NULL, 136405);
INSERT INTO  release_version_service  ( id ,  artifact_id ,  description ,  final_name ,  folder ,  group_id ,  image_name ,  nova_version ,  service_name ,  service_type ,  version ,  version_subsystem_id ,  ephoenix_data_id ,  node_package_file_id ,  project_definition_file_id  ) VALUES (136406, 'SIMPT002', 'Prueba Onlin', 'com.bbva.aaaa-SIMPT002', 'AAAA/EPHOENIX-ONLIN', 'com.bbva.aaaa', 'com.bbva.aaaa/simpt002-release2:01-es', '3', 'EPHOENIX-ONLIN', 'EPHOENIX_ONLIN', '01-ES', 136402, 136407, NULL, 136408);
INSERT INTO  release_version_service  ( id ,  artifact_id ,  description ,  final_name ,  folder ,  group_id ,  image_name ,  nova_version ,  service_name ,  service_type ,  version ,  version_subsystem_id ,  ephoenix_data_id ,  node_package_file_id ,  project_definition_file_id  ) VALUES (138130, 'AAAAP01L', 'MDS-KETR prueba', 'com.bbva.ketr-AAAAP01L', 'KETR/MDS-BATCH', 'com.bbva.ketr', 'com.bbva.ketr/aaaap01l-p006:01-es', '3', 'MDS-BATCH', 'EPHOENIX_BATCH', '01-ES', 138129, 138131, NULL, 138132);
INSERT INTO  release_version_service  ( id ,  artifact_id ,  description ,  final_name ,  folder ,  group_id ,  image_name ,  nova_version ,  service_name ,  service_type ,  version ,  version_subsystem_id ,  ephoenix_data_id ,  node_package_file_id ,  project_definition_file_id  ) VALUES (138133, 'SIMPT002', 'MDS-KETR prueba', 'com.bbva.ketr-SIMPT002', 'KETR/MDS-ONLIN', 'com.bbva.ketr', 'com.bbva.ketr/simpt002-p006:01-es', '3', 'MDS-ONLIN', 'EPHOENIX_ONLIN', '01-ES', 138129, 138134, NULL, 138135);
INSERT INTO  release_version_service  ( id ,  artifact_id ,  description ,  final_name ,  folder ,  group_id ,  image_name ,  nova_version ,  service_name ,  service_type ,  version ,  version_subsystem_id ,  ephoenix_data_id ,  node_package_file_id ,  project_definition_file_id  ) VALUES (138136, 'SIMPT002', 'MDS-KETR prueba', 'com.bbva.ketr-SIMPT002', 'KETR/MDS-RFA', 'com.bbva.ketr', 'com.bbva.ketr/simpt002-p006:01-es', '3', 'MDS-RFA', 'EPHOENIX_ONLIN', '01-ES', 138129, 138137, NULL, 138138);
INSERT INTO  release_version_service  ( id ,  artifact_id ,  description ,  final_name ,  folder ,  group_id ,  image_name ,  nova_version ,  service_name ,  service_type ,  version ,  version_subsystem_id ,  ephoenix_data_id ,  node_package_file_id ,  project_definition_file_id  ) VALUES (138192, 'backend', 'CSA Web Backend', 'com.bbva.kcsa.web-backend', 'backend-web', 'com.bbva.kcsa.web', 'com.bbva.kcsa.web/backend-r13testfinal:1.0.4', '3', 'WebBackEnd', 'NOD', '1.0.4', 138191, NULL, 138193, 138194);
INSERT INTO  release_version_service  ( id ,  artifact_id ,  description ,  final_name ,  folder ,  group_id ,  image_name ,  nova_version ,  service_name ,  service_type ,  version ,  version_subsystem_id ,  ephoenix_data_id ,  node_package_file_id ,  project_definition_file_id  ) VALUES (138195, 'frontend', NULL, 'com.bbva.kcsa.web-frontend', 'frontend-web', 'com.bbva.kcsa.web', 'com.bbva.kcsa.web/frontend-r13testfinal:1.0.0', '3', 'frontend', 'NOVA', '1.0.0', 138191, NULL, NULL, 138196);
INSERT INTO  release_version_service  ( id ,  artifact_id ,  description ,  final_name ,  folder ,  group_id ,  image_name ,  nova_version ,  service_name ,  service_type ,  version ,  version_subsystem_id ,  ephoenix_data_id ,  node_package_file_id ,  project_definition_file_id  ) VALUES (138451, 'AAAAP01L', 'Prueba Batch', 'com.bbva.klyr-AAAAP01L', 'KLYR/CALYPSO-BATCH', 'com.bbva.klyr', 'com.bbva.klyr/aaaap01l-primerrelease:01-es', '3', 'CALYPSO-BATCH', 'EPHOENIX_BATCH', '01-ES', 138450, 138452, NULL, 138453);
INSERT INTO  release_version_service  ( id ,  artifact_id ,  description ,  final_name ,  folder ,  group_id ,  image_name ,  nova_version ,  service_name ,  service_type ,  version ,  version_subsystem_id ,  ephoenix_data_id ,  node_package_file_id ,  project_definition_file_id  ) VALUES (138454, 'SIMPT002', 'Prueba Onlin', 'com.bbva.klyr-SIMPT002', 'KLYR/CALYPSO-ONLIN', 'com.bbva.klyr', 'com.bbva.klyr/simpt002-primerrelease:01-es', '3', 'CALYPSO-ONLIN', 'EPHOENIX_ONLIN', '01-ES', 138450, 138455, NULL, 138456);
INSERT INTO  release_version_service  ( id ,  artifact_id ,  description ,  final_name ,  folder ,  group_id ,  image_name ,  nova_version ,  service_name ,  service_type ,  version ,  version_subsystem_id ,  ephoenix_data_id ,  node_package_file_id ,  project_definition_file_id  ) VALUES (138504, 'AAAAP01L', 'Prueba Batch', 'com.bbva.klyr-AAAAP01L', 'KLYR/CALYPSO-BATCH', 'com.bbva.klyr', 'com.bbva.klyr/aaaap01l-primerrelease:01-es', '3', 'CALYPSO-BATCH', 'EPHOENIX_BATCH', '01-ES', 138503, 138505, NULL, 138506);
INSERT INTO  release_version_service  ( id ,  artifact_id ,  description ,  final_name ,  folder ,  group_id ,  image_name ,  nova_version ,  service_name ,  service_type ,  version ,  version_subsystem_id ,  ephoenix_data_id ,  node_package_file_id ,  project_definition_file_id  ) VALUES (138507, 'SIMPT002', 'Prueba Onlin', 'com.bbva.klyr-SIMPT002', 'KLYR/CALYPSO-ONLIN', 'com.bbva.klyr', 'com.bbva.klyr/simpt002-primerrelease:01-es', '3', 'CALYPSO-ONLIN', 'EPHOENIX_ONLIN', '01-ES', 138503, 138508, NULL, 138509);
INSERT INTO  release_version_service  ( id ,  artifact_id ,  description ,  final_name ,  folder ,  group_id ,  image_name ,  nova_version ,  service_name ,  service_type ,  version ,  version_subsystem_id ,  ephoenix_data_id ,  node_package_file_id ,  project_definition_file_id  ) VALUES (138828, 'AAAAP01L', 'Prueba Batch', 'com.bbva.klyr-AAAAP01L', 'KLYR/CALYPSO-BATCH', 'com.bbva.klyr', 'com.bbva.klyr/aaaap01l-primerrelease:01-es', '3', 'CALYPSO-BATCH', 'EPHOENIX_BATCH', '01-ES', 138827, 138829, NULL, 138830);
INSERT INTO  release_version_service  ( id ,  artifact_id ,  description ,  final_name ,  folder ,  group_id ,  image_name ,  nova_version ,  service_name ,  service_type ,  version ,  version_subsystem_id ,  ephoenix_data_id ,  node_package_file_id ,  project_definition_file_id  ) VALUES (138831, 'SIMPT002', 'Prueba Onlin', 'com.bbva.klyr-SIMPT002', 'KLYR/CALYPSO-ONLIN', 'com.bbva.klyr', 'com.bbva.klyr/simpt002-primerrelease:01-es', '3', 'CALYPSO-ONLIN', 'EPHOENIX_ONLIN', '01-ES', 138827, 138832, NULL, 138833);
INSERT INTO  release_version_service  ( id ,  artifact_id ,  description ,  final_name ,  folder ,  group_id ,  image_name ,  nova_version ,  service_name ,  service_type ,  version ,  version_subsystem_id ,  ephoenix_data_id ,  node_package_file_id ,  project_definition_file_id  ) VALUES (139166, 'AAAAP01L', 'Prueba Batch', 'com.bbva.aaaa-AAAAP01L', 'AAAA/EPHOENIX-BATCH', 'com.bbva.aaaa', 'com.bbva.aaaa/aaaap01l-releaseadri:01-es', '3', 'EPHOENIX-BATCH', 'EPHOENIX_BATCH', '01-ES', 139165, 139167, NULL, 139168);
INSERT INTO  release_version_service  ( id ,  artifact_id ,  description ,  final_name ,  folder ,  group_id ,  image_name ,  nova_version ,  service_name ,  service_type ,  version ,  version_subsystem_id ,  ephoenix_data_id ,  node_package_file_id ,  project_definition_file_id  ) VALUES (139169, 'SIMPT002', 'Prueba Onlin', 'com.bbva.aaaa-SIMPT002', 'AAAA/EPHOENIX-ONLIN', 'com.bbva.aaaa', 'com.bbva.aaaa/simpt002-releaseadri:01-es', '3', 'EPHOENIX-ONLIN', 'EPHOENIX_ONLIN', '01-ES', 139165, 139170, NULL, 139171);
INSERT INTO  release_version_service  ( id ,  artifact_id ,  description ,  final_name ,  folder ,  group_id ,  image_name ,  nova_version ,  service_name ,  service_type ,  version ,  version_subsystem_id ,  ephoenix_data_id ,  node_package_file_id ,  project_definition_file_id  ) VALUES (139212, 'AAAAP01L', 'Prueba Batch', 'com.bbva.aaaa-AAAAP01L', 'AAAA/EPHOENIX-BATCH', 'com.bbva.aaaa', 'com.bbva.aaaa/aaaap01l-releaseadri:01-es', '3', 'EPHOENIX-BATCH', 'EPHOENIX_BATCH', '01-ES', 139211, 139213, NULL, 139214);
INSERT INTO  release_version_service  ( id ,  artifact_id ,  description ,  final_name ,  folder ,  group_id ,  image_name ,  nova_version ,  service_name ,  service_type ,  version ,  version_subsystem_id ,  ephoenix_data_id ,  node_package_file_id ,  project_definition_file_id  ) VALUES (139215, 'SIMPT002', 'Prueba Onlin', 'com.bbva.aaaa-SIMPT002', 'AAAA/EPHOENIX-ONLIN', 'com.bbva.aaaa', 'com.bbva.aaaa/simpt002-releaseadri:01-es', '3', 'EPHOENIX-ONLIN', 'EPHOENIX_ONLIN', '01-ES', 139211, 139216, NULL, 139217);
INSERT INTO  release_version_service  ( id ,  artifact_id ,  description ,  final_name ,  folder ,  group_id ,  image_name ,  nova_version ,  service_name ,  service_type ,  version ,  version_subsystem_id ,  ephoenix_data_id ,  node_package_file_id ,  project_definition_file_id  ) VALUES (139264, 'AAAAP01L', 'Prueba Batch', 'com.bbva.aaaa-AAAAP01L', 'AAAA/EPHOENIX-BATCH', 'com.bbva.aaaa', 'com.bbva.aaaa/aaaap01l-releaseadri:01-es', '3', 'EPHOENIX-BATCH', 'EPHOENIX_BATCH', '01-ES', 139263, 139265, NULL, 139266);
INSERT INTO  release_version_service  ( id ,  artifact_id ,  description ,  final_name ,  folder ,  group_id ,  image_name ,  nova_version ,  service_name ,  service_type ,  version ,  version_subsystem_id ,  ephoenix_data_id ,  node_package_file_id ,  project_definition_file_id  ) VALUES (139267, 'SIMPT002', 'Prueba Onlin', 'com.bbva.aaaa-SIMPT002', 'AAAA/EPHOENIX-ONLIN', 'com.bbva.aaaa', 'com.bbva.aaaa/simpt002-releaseadri:01-es', '3', 'EPHOENIX-ONLIN', 'EPHOENIX_ONLIN', '01-ES', 139263, 139268, NULL, 139269);
INSERT INTO  release_version_service  ( id ,  artifact_id ,  description ,  final_name ,  folder ,  group_id ,  image_name ,  nova_version ,  service_name ,  service_type ,  version ,  version_subsystem_id ,  ephoenix_data_id ,  node_package_file_id ,  project_definition_file_id  ) VALUES (139357, 'AAAAP01L', 'Prueba Batch', 'com.bbva.aaaa-AAAAP01L', 'AAAA/EPHOENIX-BATCH', 'com.bbva.aaaa', 'com.bbva.aaaa/aaaap01l-releaseadri:01-es', '3', 'EPHOENIX-BATCH', 'EPHOENIX_BATCH', '01-ES', 139356, 139358, NULL, 139359);
INSERT INTO  release_version_service  ( id ,  artifact_id ,  description ,  final_name ,  folder ,  group_id ,  image_name ,  nova_version ,  service_name ,  service_type ,  version ,  version_subsystem_id ,  ephoenix_data_id ,  node_package_file_id ,  project_definition_file_id  ) VALUES (139360, 'SIMPT002', 'Prueba Onlin', 'com.bbva.aaaa-SIMPT002', 'AAAA/EPHOENIX-ONLIN', 'com.bbva.aaaa', 'com.bbva.aaaa/simpt002-releaseadri:01-es', '3', 'EPHOENIX-ONLIN', 'EPHOENIX_ONLIN', '01-ES', 139356, 139361, NULL, 139362);
INSERT INTO  release_version_service  ( id ,  artifact_id ,  description ,  final_name ,  folder ,  group_id ,  image_name ,  nova_version ,  service_name ,  service_type ,  version ,  version_subsystem_id ,  ephoenix_data_id ,  node_package_file_id ,  project_definition_file_id  ) VALUES (139407, 'AAAAP01L', 'Prueba Batch', 'com.bbva.aaaa-AAAAP01L', 'AAAA/EPHOENIX-BATCH', 'com.bbva.aaaa', 'com.bbva.aaaa/aaaap01l-releaseadri:01-es', '3', 'EPHOENIX-BATCH', 'EPHOENIX_BATCH', '01-ES', 139406, 139408, NULL, 139409);
INSERT INTO  release_version_service  ( id ,  artifact_id ,  description ,  final_name ,  folder ,  group_id ,  image_name ,  nova_version ,  service_name ,  service_type ,  version ,  version_subsystem_id ,  ephoenix_data_id ,  node_package_file_id ,  project_definition_file_id  ) VALUES (139410, 'SIMPT002', 'Prueba Onlin', 'com.bbva.aaaa-SIMPT002', 'AAAA/EPHOENIX-ONLIN', 'com.bbva.aaaa', 'com.bbva.aaaa/simpt002-releaseadri:01-es', '3', 'EPHOENIX-ONLIN', 'EPHOENIX_ONLIN', '01-ES', 139406, 139411, NULL, 139412);
INSERT INTO  release_version_service  ( id ,  artifact_id ,  description ,  final_name ,  folder ,  group_id ,  image_name ,  nova_version ,  service_name ,  service_type ,  version ,  version_subsystem_id ,  ephoenix_data_id ,  node_package_file_id ,  project_definition_file_id  ) VALUES (141184, 'AAAAP01L', 'Prueba Batch', 'com.bbva.aaaa-AAAAP01L', 'AAAA/EPHOENIX-BATCH', 'com.bbva.aaaa', 'com.bbva.aaaa/aaaap01l-releaseadri:01-es', '3', 'EPHOENIX-BATCH', 'EPHOENIX_BATCH', '01-ES', 141183, 141185, NULL, 141186);
INSERT INTO  release_version_service  ( id ,  artifact_id ,  description ,  final_name ,  folder ,  group_id ,  image_name ,  nova_version ,  service_name ,  service_type ,  version ,  version_subsystem_id ,  ephoenix_data_id ,  node_package_file_id ,  project_definition_file_id  ) VALUES (141187, 'SIMPT002', 'Prueba Onlin', 'com.bbva.aaaa-SIMPT002', 'AAAA/EPHOENIX-ONLIN', 'com.bbva.aaaa', 'com.bbva.aaaa/simpt002-releaseadri:01-es', '3', 'EPHOENIX-ONLIN', 'EPHOENIX_ONLIN', '01-ES', 141183, 141188, NULL, 141189);
INSERT INTO  release_version_service  ( id ,  artifact_id ,  description ,  final_name ,  folder ,  group_id ,  image_name ,  nova_version ,  service_name ,  service_type ,  version ,  version_subsystem_id ,  ephoenix_data_id ,  node_package_file_id ,  project_definition_file_id  ) VALUES (141245, 'AAAAP01L', 'Prueba Batch', 'com.bbva.aaaa-AAAAP01L', 'AAAA/EPHOENIX-BATCH', 'com.bbva.aaaa', 'com.bbva.aaaa/aaaap01l-releaseadri:01-es', '3', 'EPHOENIX-BATCH', 'EPHOENIX_BATCH', '01-ES', 141244, 141246, NULL, 141247);
INSERT INTO  release_version_service  ( id ,  artifact_id ,  description ,  final_name ,  folder ,  group_id ,  image_name ,  nova_version ,  service_name ,  service_type ,  version ,  version_subsystem_id ,  ephoenix_data_id ,  node_package_file_id ,  project_definition_file_id  ) VALUES (141248, 'SIMPT002', 'Prueba Onlin', 'com.bbva.aaaa-SIMPT002', 'AAAA/EPHOENIX-ONLIN', 'com.bbva.aaaa', 'com.bbva.aaaa/simpt002-releaseadri:01-es', '3', 'EPHOENIX-ONLIN', 'EPHOENIX_ONLIN', '01-ES', 141244, 141249, NULL, 141250);
INSERT INTO  release_version_service  ( id ,  artifact_id ,  description ,  final_name ,  folder ,  group_id ,  image_name ,  nova_version ,  service_name ,  service_type ,  version ,  version_subsystem_id ,  ephoenix_data_id ,  node_package_file_id ,  project_definition_file_id  ) VALUES (141298, 'AAAAP01L', 'Prueba Batch', 'com.bbva.aaaa-AAAAP01L', 'AAAA/EPHOENIX-BATCH', 'com.bbva.aaaa', 'com.bbva.aaaa/aaaap01l-releaseadri:01-es', '3', 'EPHOENIX-BATCH', 'EPHOENIX_BATCH', '01-ES', 141297, 141299, NULL, 141300);
INSERT INTO  release_version_service  ( id ,  artifact_id ,  description ,  final_name ,  folder ,  group_id ,  image_name ,  nova_version ,  service_name ,  service_type ,  version ,  version_subsystem_id ,  ephoenix_data_id ,  node_package_file_id ,  project_definition_file_id  ) VALUES (141301, 'SIMPT002', 'Prueba Onlin', 'com.bbva.aaaa-SIMPT002', 'AAAA/EPHOENIX-ONLIN', 'com.bbva.aaaa', 'com.bbva.aaaa/simpt002-releaseadri:01-es', '3', 'EPHOENIX-ONLIN', 'EPHOENIX_ONLIN', '01-ES', 141297, 141302, NULL, 141303);
INSERT INTO  release_version_service  ( id ,  artifact_id ,  description ,  final_name ,  folder ,  group_id ,  image_name ,  nova_version ,  service_name ,  service_type ,  version ,  version_subsystem_id ,  ephoenix_data_id ,  node_package_file_id ,  project_definition_file_id  ) VALUES (141343, 'AAAAP01L', 'Prueba Batch', 'com.bbva.aaaa-AAAAP01L', 'AAAA/EPHOENIX-BATCH', 'com.bbva.aaaa', 'com.bbva.aaaa/aaaap01l-releaseadri:01-es', '3', 'EPHOENIX-BATCH', 'EPHOENIX_BATCH', '01-ES', 141342, 141344, NULL, 141345);
INSERT INTO  release_version_service  ( id ,  artifact_id ,  description ,  final_name ,  folder ,  group_id ,  image_name ,  nova_version ,  service_name ,  service_type ,  version ,  version_subsystem_id ,  ephoenix_data_id ,  node_package_file_id ,  project_definition_file_id  ) VALUES (141346, 'SIMPT002', 'Prueba Onlin', 'com.bbva.aaaa-SIMPT002', 'AAAA/EPHOENIX-ONLIN', 'com.bbva.aaaa', 'com.bbva.aaaa/simpt002-releaseadri:01-es', '3', 'EPHOENIX-ONLIN', 'EPHOENIX_ONLIN', '01-ES', 141342, 141347, NULL, 141348);
INSERT INTO  release_version_service  ( id ,  artifact_id ,  description ,  final_name ,  folder ,  group_id ,  image_name ,  nova_version ,  service_name ,  service_type ,  version ,  version_subsystem_id ,  ephoenix_data_id ,  node_package_file_id ,  project_definition_file_id  ) VALUES (141404, 'AAAAP01L', 'Prueba Batch', 'com.bbva.aaaa-AAAAP01L', 'AAAA/EPHOENIX-BATCH', 'com.bbva.aaaa', 'com.bbva.aaaa/aaaap01l-releaseadri:01-es', '3', 'EPHOENIX-BATCH', 'EPHOENIX_BATCH', '01-ES', 141403, 141405, NULL, 141406);
INSERT INTO  release_version_service  ( id ,  artifact_id ,  description ,  final_name ,  folder ,  group_id ,  image_name ,  nova_version ,  service_name ,  service_type ,  version ,  version_subsystem_id ,  ephoenix_data_id ,  node_package_file_id ,  project_definition_file_id  ) VALUES (141407, 'SIMPT002', 'Prueba Onlin', 'com.bbva.aaaa-SIMPT002', 'AAAA/EPHOENIX-ONLIN', 'com.bbva.aaaa', 'com.bbva.aaaa/simpt002-releaseadri:01-es', '3', 'EPHOENIX-ONLIN', 'EPHOENIX_ONLIN', '01-ES', 141403, 141408, NULL, 141409);
INSERT INTO  release_version_service  ( id ,  artifact_id ,  description ,  final_name ,  folder ,  group_id ,  image_name ,  nova_version ,  service_name ,  service_type ,  version ,  version_subsystem_id ,  ephoenix_data_id ,  node_package_file_id ,  project_definition_file_id  ) VALUES (141497, 'AAAAP01L', 'Prueba Batch', 'com.bbva.aaaa-AAAAP01L', 'AAAA/EPHOENIX-BATCH', 'com.bbva.aaaa', 'com.bbva.aaaa/aaaap01l-releaseadri:01-es', '3', 'EPHOENIX-BATCH', 'EPHOENIX_BATCH', '01-ES', 141496, 141498, NULL, 141499);
INSERT INTO  release_version_service  ( id ,  artifact_id ,  description ,  final_name ,  folder ,  group_id ,  image_name ,  nova_version ,  service_name ,  service_type ,  version ,  version_subsystem_id ,  ephoenix_data_id ,  node_package_file_id ,  project_definition_file_id  ) VALUES (141500, 'SIMPT002', 'Prueba Onlin', 'com.bbva.aaaa-SIMPT002', 'AAAA/EPHOENIX-ONLIN', 'com.bbva.aaaa', 'com.bbva.aaaa/simpt002-releaseadri:01-es', '3', 'EPHOENIX-ONLIN', 'EPHOENIX_ONLIN', '01-ES', 141496, 141501, NULL, 141502);
INSERT INTO  release_version_service  ( id ,  artifact_id ,  description ,  final_name ,  folder ,  group_id ,  image_name ,  nova_version ,  service_name ,  service_type ,  version ,  version_subsystem_id ,  ephoenix_data_id ,  node_package_file_id ,  project_definition_file_id  ) VALUES (141694, 'AAAAP01L', 'Prueba Batch', 'com.bbva.aaaa-AAAAP01L', 'AAAA/EPHOENIX-BATCH', 'com.bbva.aaaa', 'com.bbva.aaaa/aaaap01l-releaseadri:01-es', '3', 'EPHOENIX-BATCH', 'EPHOENIX_BATCH', '01-ES', 141693, 141695, NULL, 141696);
INSERT INTO  release_version_service  ( id ,  artifact_id ,  description ,  final_name ,  folder ,  group_id ,  image_name ,  nova_version ,  service_name ,  service_type ,  version ,  version_subsystem_id ,  ephoenix_data_id ,  node_package_file_id ,  project_definition_file_id  ) VALUES (141697, 'SIMPT002', 'Prueba Onlin', 'com.bbva.aaaa-SIMPT002', 'AAAA/EPHOENIX-ONLIN', 'com.bbva.aaaa', 'com.bbva.aaaa/simpt002-releaseadri:01-es', '3', 'EPHOENIX-ONLIN', 'EPHOENIX_ONLIN', '01-ES', 141693, 141698, NULL, 141699);
INSERT INTO  release_version_service  ( id ,  artifact_id ,  description ,  final_name ,  folder ,  group_id ,  image_name ,  nova_version ,  service_name ,  service_type ,  version ,  version_subsystem_id ,  ephoenix_data_id ,  node_package_file_id ,  project_definition_file_id  ) VALUES (141739, 'AAAAP01L', 'Prueba Batch', 'com.bbva.prue-AAAAP01L', 'PRUE/EPHOENIX-BATCH', 'com.bbva.pru', 'com.bbva.prue/aaaap01l-release1:01-es', '3', 'EPHOENIX-BATCH', 'EPHOENIX_BATCH', '01-ES', 141738, 141740, NULL, 141741);
INSERT INTO  release_version_service  ( id ,  artifact_id ,  description ,  final_name ,  folder ,  group_id ,  image_name ,  nova_version ,  service_name ,  service_type ,  version ,  version_subsystem_id ,  ephoenix_data_id ,  node_package_file_id ,  project_definition_file_id  ) VALUES (141742, 'SIMPT002', 'Prueba Onlin', 'com.bbva.prue-SIMPT002', 'PRUE/EPHOENIX-ONLIN', 'com.bbva.pru', 'com.bbva.prue/simpt002-release1:01-es', '3', 'EPHOENIX-ONLIN', 'EPHOENIX_ONLIN', '01-ES', 141738, 141743, NULL, 141744);
INSERT INTO  release_version_service  ( id ,  artifact_id ,  description ,  final_name ,  folder ,  group_id ,  image_name ,  nova_version ,  service_name ,  service_type ,  version ,  version_subsystem_id ,  ephoenix_data_id ,  node_package_file_id ,  project_definition_file_id  ) VALUES (141792, 'AAAAP01L', 'Prueba Batch', 'com.bbva.prue-AAAAP01L', 'PRUE/EPHOENIX-BATCH', 'com.bbva.pru', 'com.bbva.prue/aaaap01l-release1:01-es', '3', 'EPHOENIX-BATCH', 'EPHOENIX_BATCH', '01-ES', 141791, 141793, NULL, 141794);
INSERT INTO  release_version_service  ( id ,  artifact_id ,  description ,  final_name ,  folder ,  group_id ,  image_name ,  nova_version ,  service_name ,  service_type ,  version ,  version_subsystem_id ,  ephoenix_data_id ,  node_package_file_id ,  project_definition_file_id  ) VALUES (141795, 'SIMPT002', 'Prueba Onlin', 'com.bbva.prue-SIMPT002', 'PRUE/EPHOENIX-ONLIN', 'com.bbva.pru', 'com.bbva.prue/simpt002-release1:01-es', '3', 'EPHOENIX-ONLIN', 'EPHOENIX_ONLIN', '01-ES', 141791, 141796, NULL, 141797);
INSERT INTO  release_version_service  ( id ,  artifact_id ,  description ,  final_name ,  folder ,  group_id ,  image_name ,  nova_version ,  service_name ,  service_type ,  version ,  version_subsystem_id ,  ephoenix_data_id ,  node_package_file_id ,  project_definition_file_id  ) VALUES (141837, 'AAAAP01L', 'Prueba Batch', 'com.bbva.prue-AAAAP01L', 'PRUE/EPHOENIX-BATCH', 'com.bbva.pru', 'com.bbva.prue/aaaap01l-release1:01-es', '3', 'EPHOENIX-BATCH', 'EPHOENIX_BATCH', '01-ES', 141836, 141838, NULL, 141839);
INSERT INTO  release_version_service  ( id ,  artifact_id ,  description ,  final_name ,  folder ,  group_id ,  image_name ,  nova_version ,  service_name ,  service_type ,  version ,  version_subsystem_id ,  ephoenix_data_id ,  node_package_file_id ,  project_definition_file_id  ) VALUES (141840, 'SIMPT002', 'Prueba Onlin', 'com.bbva.prue-SIMPT002', 'PRUE/EPHOENIX-ONLIN', 'com.bbva.pru', 'com.bbva.prue/simpt002-release1:01-es', '3', 'EPHOENIX-ONLIN', 'EPHOENIX_ONLIN', '01-ES', 141836, 141841, NULL, 141842);
INSERT INTO  release_version_service  ( id ,  artifact_id ,  description ,  final_name ,  folder ,  group_id ,  image_name ,  nova_version ,  service_name ,  service_type ,  version ,  version_subsystem_id ,  ephoenix_data_id ,  node_package_file_id ,  project_definition_file_id  ) VALUES (141882, 'AAAAP01L', 'Prueba Batch', 'com.bbva.prue-AAAAP01L', 'PRUE/EPHOENIX-BATCH', 'com.bbva.pru', 'com.bbva.prue/aaaap01l-release1:01-es', '3', 'EPHOENIX-BATCH', 'EPHOENIX_BATCH', '01-ES', 141881, 141883, NULL, 141884);
INSERT INTO  release_version_service  ( id ,  artifact_id ,  description ,  final_name ,  folder ,  group_id ,  image_name ,  nova_version ,  service_name ,  service_type ,  version ,  version_subsystem_id ,  ephoenix_data_id ,  node_package_file_id ,  project_definition_file_id  ) VALUES (141885, 'SIMPT002', 'Prueba Onlin', 'com.bbva.prue-SIMPT002', 'PRUE/EPHOENIX-ONLIN', 'com.bbva.pru', 'com.bbva.prue/simpt002-release1:01-es', '3', 'EPHOENIX-ONLIN', 'EPHOENIX_ONLIN', '01-ES', 141881, 141886, NULL, 141887);
INSERT INTO  release_version_service  ( id ,  artifact_id ,  description ,  final_name ,  folder ,  group_id ,  image_name ,  nova_version ,  service_name ,  service_type ,  version ,  version_subsystem_id ,  ephoenix_data_id ,  node_package_file_id ,  project_definition_file_id  ) VALUES (141972, 'AAAAP01L', 'Prueba Batch', 'com.bbva.prue-AAAAP01L', 'PRUE/EPHOENIX-BATCH', 'com.bbva.pru', 'com.bbva.prue/aaaap01l-release1:01-es', '3', 'EPHOENIX-BATCH', 'EPHOENIX_BATCH', '01-ES', 141971, 141973, NULL, 141974);
INSERT INTO  release_version_service  ( id ,  artifact_id ,  description ,  final_name ,  folder ,  group_id ,  image_name ,  nova_version ,  service_name ,  service_type ,  version ,  version_subsystem_id ,  ephoenix_data_id ,  node_package_file_id ,  project_definition_file_id  ) VALUES (141975, 'SIMPT002', 'Prueba Onlin', 'com.bbva.prue-SIMPT002', 'PRUE/EPHOENIX-ONLIN', 'com.bbva.pru', 'com.bbva.prue/simpt002-release1:01-es', '3', 'EPHOENIX-ONLIN', 'EPHOENIX_ONLIN', '01-ES', 141971, 141976, NULL, 141977);
INSERT INTO  release_version_service  ( id ,  artifact_id ,  description ,  final_name ,  folder ,  group_id ,  image_name ,  nova_version ,  service_name ,  service_type ,  version ,  version_subsystem_id ,  ephoenix_data_id ,  node_package_file_id ,  project_definition_file_id  ) VALUES (142025, 'AAAAP01L', 'Prueba Batch', 'com.bbva.prue-AAAAP01L', 'PRUE/EPHOENIX-BATCH', 'com.bbva.pru', 'com.bbva.prue/aaaap01l-release1:01-es', '3', 'EPHOENIX-BATCH', 'EPHOENIX_BATCH', '01-ES', 142024, 142026, NULL, 142027);
INSERT INTO  release_version_service  ( id ,  artifact_id ,  description ,  final_name ,  folder ,  group_id ,  image_name ,  nova_version ,  service_name ,  service_type ,  version ,  version_subsystem_id ,  ephoenix_data_id ,  node_package_file_id ,  project_definition_file_id  ) VALUES (142028, 'SIMPT002', 'Prueba Onlin', 'com.bbva.prue-SIMPT002', 'PRUE/EPHOENIX-ONLIN', 'com.bbva.pru', 'com.bbva.prue/simpt002-release1:01-es', '3', 'EPHOENIX-ONLIN', 'EPHOENIX_ONLIN', '01-ES', 142024, 142029, NULL, 142030);
INSERT INTO  release_version_service  ( id ,  artifact_id ,  description ,  final_name ,  folder ,  group_id ,  image_name ,  nova_version ,  service_name ,  service_type ,  version ,  version_subsystem_id ,  ephoenix_data_id ,  node_package_file_id ,  project_definition_file_id  ) VALUES (142075, 'AAAAP01L', 'Prueba Batch', 'com.bbva.aaaa-AAAAP01L', 'AAAA/EPHOENIX-BATCH', 'com.bbva.aaaa', 'com.bbva.aaaa/aaaap01l-adri:01-es', '3', 'EPHOENIX-BATCH', 'EPHOENIX_BATCH', '01-ES', 142074, 142076, NULL, 142077);
INSERT INTO  release_version_service  ( id ,  artifact_id ,  description ,  final_name ,  folder ,  group_id ,  image_name ,  nova_version ,  service_name ,  service_type ,  version ,  version_subsystem_id ,  ephoenix_data_id ,  node_package_file_id ,  project_definition_file_id  ) VALUES (142078, 'SIMPT002', 'Prueba Onlin', 'com.bbva.aaaa-SIMPT002', 'AAAA/EPHOENIX-ONLIN', 'com.bbva.aaaa', 'com.bbva.aaaa/simpt002-adri:01-es', '3', 'EPHOENIX-ONLIN', 'EPHOENIX_ONLIN', '01-ES', 142074, 142079, NULL, 142080);
INSERT INTO  release_version_service  ( id ,  artifact_id ,  description ,  final_name ,  folder ,  group_id ,  image_name ,  nova_version ,  service_name ,  service_type ,  version ,  version_subsystem_id ,  ephoenix_data_id ,  node_package_file_id ,  project_definition_file_id  ) VALUES (142105, 'AAAAP01L', 'Prueba Batch', 'com.bbva.aaaa-AAAAP01L', 'AAAA/EPHOENIX-BATCH', 'com.bbva.aaaa', 'com.bbva.aaaa/aaaap01l-adri:01-es', '3', 'EPHOENIX-BATCH', 'EPHOENIX_BATCH', '01-ES', 142104, 142106, NULL, 142107);
INSERT INTO  release_version_service  ( id ,  artifact_id ,  description ,  final_name ,  folder ,  group_id ,  image_name ,  nova_version ,  service_name ,  service_type ,  version ,  version_subsystem_id ,  ephoenix_data_id ,  node_package_file_id ,  project_definition_file_id  ) VALUES (142108, 'SIMPT002', 'Prueba Onlin', 'com.bbva.aaaa-SIMPT002', 'AAAA/EPHOENIX-ONLIN', 'com.bbva.aaaa', 'com.bbva.aaaa/simpt002-adri:01-es', '3', 'EPHOENIX-ONLIN', 'EPHOENIX_ONLIN', '01-ES', 142104, 142109, NULL, 142110);
INSERT INTO  release_version_service  ( id ,  artifact_id ,  description ,  final_name ,  folder ,  group_id ,  image_name ,  nova_version ,  service_name ,  service_type ,  version ,  version_subsystem_id ,  ephoenix_data_id ,  node_package_file_id ,  project_definition_file_id  ) VALUES (142143, 'AAAAP01L', 'Prueba Batch', 'com.bbva.aaaa-AAAAP01L', 'AAAA/EPHOENIX-BATCH', 'com.bbva.aaaa', 'com.bbva.aaaa/aaaap01l-adri:01-es', '3', 'EPHOENIX-BATCH', 'EPHOENIX_BATCH', '01-ES', 142142, 142144, NULL, 142145);
INSERT INTO  release_version_service  ( id ,  artifact_id ,  description ,  final_name ,  folder ,  group_id ,  image_name ,  nova_version ,  service_name ,  service_type ,  version ,  version_subsystem_id ,  ephoenix_data_id ,  node_package_file_id ,  project_definition_file_id  ) VALUES (142146, 'SIMPT002', 'Prueba Onlin', 'com.bbva.aaaa-SIMPT002', 'AAAA/EPHOENIX-ONLIN', 'com.bbva.aaaa', 'com.bbva.aaaa/simpt002-adri:01-es', '3', 'EPHOENIX-ONLIN', 'EPHOENIX_ONLIN', '01-ES', 142142, 142147, NULL, 142148);
INSERT INTO  release_version_service  ( id ,  artifact_id ,  description ,  final_name ,  folder ,  group_id ,  image_name ,  nova_version ,  service_name ,  service_type ,  version ,  version_subsystem_id ,  ephoenix_data_id ,  node_package_file_id ,  project_definition_file_id  ) VALUES (142177, 'AAAAP01L', 'Prueba Batch', 'com.bbva.aaaa-AAAAP01L', 'AAAA/EPHOENIX-BATCH', 'com.bbva.aaaa', 'com.bbva.aaaa/aaaap01l-adri:01-es', '3', 'EPHOENIX-BATCH', 'EPHOENIX_BATCH', '01-ES', 142176, 142178, NULL, 142179);
INSERT INTO  release_version_service  ( id ,  artifact_id ,  description ,  final_name ,  folder ,  group_id ,  image_name ,  nova_version ,  service_name ,  service_type ,  version ,  version_subsystem_id ,  ephoenix_data_id ,  node_package_file_id ,  project_definition_file_id  ) VALUES (142180, 'SIMPT002', 'Prueba Onlin', 'com.bbva.aaaa-SIMPT002', 'AAAA/EPHOENIX-ONLIN', 'com.bbva.aaaa', 'com.bbva.aaaa/simpt002-adri:01-es', '3', 'EPHOENIX-ONLIN', 'EPHOENIX_ONLIN', '01-ES', 142176, 142181, NULL, 142182);
INSERT INTO  release_version_service  ( id ,  artifact_id ,  description ,  final_name ,  folder ,  group_id ,  image_name ,  nova_version ,  service_name ,  service_type ,  version ,  version_subsystem_id ,  ephoenix_data_id ,  node_package_file_id ,  project_definition_file_id  ) VALUES (144517, 'AAAAP01L', 'Prueba Batch', 'com.bbva.aaaa-AAAAP01L', 'AAAA/EPHOENIX-BATCH', 'com.bbva.aaaa', 'com.bbva.aaaa/aaaap01l-adri:01-es', '3', 'EPHOENIX-BATCH', 'EPHOENIX_BATCH', '01-ES', 144516, 144518, NULL, 144519);
INSERT INTO  release_version_service  ( id ,  artifact_id ,  description ,  final_name ,  folder ,  group_id ,  image_name ,  nova_version ,  service_name ,  service_type ,  version ,  version_subsystem_id ,  ephoenix_data_id ,  node_package_file_id ,  project_definition_file_id  ) VALUES (144520, 'SIMPT002', 'Prueba Onlin', 'com.bbva.aaaa-SIMPT002', 'AAAA/EPHOENIX-ONLIN', 'com.bbva.aaaa', 'com.bbva.aaaa/simpt002-adri:01-es', '3', 'EPHOENIX-ONLIN', 'EPHOENIX_ONLIN', '01-ES', 144516, 144521, NULL, 144522);
INSERT INTO  release_version_service  ( id ,  artifact_id ,  description ,  final_name ,  folder ,  group_id ,  image_name ,  nova_version ,  service_name ,  service_type ,  version ,  version_subsystem_id ,  ephoenix_data_id ,  node_package_file_id ,  project_definition_file_id  ) VALUES (145432, 'AAAAP01L', 'Prueba Batch', 'com.bbva.klyr-AAAAP01L', 'KLYR/CALYPSO-BATCH', 'com.bbva.klyr', 'com.bbva.klyr/aaaap01l-secondrelease:01-es', '3', 'CALYPSO-BATCH', 'EPHOENIX_BATCH', '01-ES', 145431, 145433, NULL, 145434);
INSERT INTO  release_version_service  ( id ,  artifact_id ,  description ,  final_name ,  folder ,  group_id ,  image_name ,  nova_version ,  service_name ,  service_type ,  version ,  version_subsystem_id ,  ephoenix_data_id ,  node_package_file_id ,  project_definition_file_id  ) VALUES (145435, 'SIMPT002', 'Prueba Onlin', 'com.bbva.klyr-SIMPT002', 'KLYR/CALYPSO-ONLIN', 'com.bbva.klyr', 'com.bbva.klyr/simpt002-secondrelease:01-es', '3', 'CALYPSO-ONLIN', 'EPHOENIX_ONLIN', '01-ES', 145431, 145436, NULL, 145437);
INSERT INTO  release_version_service  ( id ,  artifact_id ,  description ,  final_name ,  folder ,  group_id ,  image_name ,  nova_version ,  service_name ,  service_type ,  version ,  version_subsystem_id ,  ephoenix_data_id ,  node_package_file_id ,  project_definition_file_id  ) VALUES (145507, 'AAAAP01L', 'Prueba Batch', 'com.bbva.klyr-AAAAP01L', 'KLYR/CALYPSO-BATCH', 'com.bbva.klyr', 'com.bbva.klyr/aaaap01l-secondrelease:01-es', '3', 'CALYPSO-BATCH', 'EPHOENIX_BATCH', '01-ES', 145506, 145508, NULL, 145509);
INSERT INTO  release_version_service  ( id ,  artifact_id ,  description ,  final_name ,  folder ,  group_id ,  image_name ,  nova_version ,  service_name ,  service_type ,  version ,  version_subsystem_id ,  ephoenix_data_id ,  node_package_file_id ,  project_definition_file_id  ) VALUES (145510, 'SIMPT002', 'Prueba Onlin', 'com.bbva.klyr-SIMPT002', 'KLYR/CALYPSO-ONLIN', 'com.bbva.klyr', 'com.bbva.klyr/simpt002-secondrelease:01-es', '3', 'CALYPSO-ONLIN', 'EPHOENIX_ONLIN', '01-ES', 145506, 145511, NULL, 145512);
INSERT INTO  release_version_service  ( id ,  artifact_id ,  description ,  final_name ,  folder ,  group_id ,  image_name ,  nova_version ,  service_name ,  service_type ,  version ,  version_subsystem_id ,  ephoenix_data_id ,  node_package_file_id ,  project_definition_file_id  ) VALUES (147916, 'AAAAP01L', 'MDS-KETR prueba', 'com.bbva.ketr-AAAAP01L', 'KETR/MDS-BATCH', 'com.bbva.ketr', 'com.bbva.ketr/aaaap01l-p006:01-es', '3', 'MDS-BATCH', 'EPHOENIX_BATCH', '01-ES', 147915, 147917, NULL, 147918);
INSERT INTO  release_version_service  ( id ,  artifact_id ,  description ,  final_name ,  folder ,  group_id ,  image_name ,  nova_version ,  service_name ,  service_type ,  version ,  version_subsystem_id ,  ephoenix_data_id ,  node_package_file_id ,  project_definition_file_id  ) VALUES (147919, 'SIMPT002', 'MDS-KETR prueba', 'com.bbva.ketr-SIMPT002', 'KETR/MDS-ONLIN', 'com.bbva.ketr', 'com.bbva.ketr/simpt002-p006:01-es', '3', 'MDS-ONLIN', 'EPHOENIX_ONLIN', '01-ES', 147915, 147920, NULL, 147921);
INSERT INTO  release_version_service  ( id ,  artifact_id ,  description ,  final_name ,  folder ,  group_id ,  image_name ,  nova_version ,  service_name ,  service_type ,  version ,  version_subsystem_id ,  ephoenix_data_id ,  node_package_file_id ,  project_definition_file_id  ) VALUES (147922, 'SIMPT002', 'MDS-KETR prueba', 'com.bbva.ketr-SIMPT002', 'KETR/MDS-RFA', 'com.bbva.ketr', 'com.bbva.ketr/simpt002-p006:01-es', '3', 'MDS-RFA', 'EPHOENIX_ONLIN', '01-ES', 147915, 147923, NULL, 147924);
INSERT INTO  release_version_service  ( id ,  artifact_id ,  description ,  final_name ,  folder ,  group_id ,  image_name ,  nova_version ,  service_name ,  service_type ,  version ,  version_subsystem_id ,  ephoenix_data_id ,  node_package_file_id ,  project_definition_file_id  ) VALUES (147951, 'AAAAP01L', 'Prueba Batch', 'com.bbva.klyr-AAAAP01L', 'KLYR/CALYPSO-BATCH', 'com.bbva.klyr', 'com.bbva.klyr/aaaap01l-secondrelease:01-es', '3', 'CALYPSO-BATCH', 'EPHOENIX_BATCH', '01-ES', 147950, 147952, NULL, 147953);
INSERT INTO  release_version_service  ( id ,  artifact_id ,  description ,  final_name ,  folder ,  group_id ,  image_name ,  nova_version ,  service_name ,  service_type ,  version ,  version_subsystem_id ,  ephoenix_data_id ,  node_package_file_id ,  project_definition_file_id  ) VALUES (147954, 'SIMPT002', 'Prueba Onlin', 'com.bbva.klyr-SIMPT002', 'KLYR/CALYPSO-ONLIN', 'com.bbva.klyr', 'com.bbva.klyr/simpt002-secondrelease:01-es', '3', 'CALYPSO-ONLIN', 'EPHOENIX_ONLIN', '01-ES', 147950, 147955, NULL, 147956);
INSERT INTO  release_version_service  ( id ,  artifact_id ,  description ,  final_name ,  folder ,  group_id ,  image_name ,  nova_version ,  service_name ,  service_type ,  version ,  version_subsystem_id ,  ephoenix_data_id ,  node_package_file_id ,  project_definition_file_id  ) VALUES (148118, 'MDS-BATCH', 'MDS-KETR prueba', 'com.bbva.ketr-MDS-BATCH', 'KETR/MDS-BATCH', 'com.bbva.ketr', 'com.bbva.ketr/mds-batch-p006:01-es', '3', 'MDS-BATCH', 'EPHOENIX_BATCH', '01-ES', 148117, 148119, NULL, 148120);
INSERT INTO  release_version_service  ( id ,  artifact_id ,  description ,  final_name ,  folder ,  group_id ,  image_name ,  nova_version ,  service_name ,  service_type ,  version ,  version_subsystem_id ,  ephoenix_data_id ,  node_package_file_id ,  project_definition_file_id  ) VALUES (148121, 'MDS-ONLIN', 'MDS-KETR prueba', 'com.bbva.ketr-MDS-ONLIN', 'KETR/MDS-ONLIN', 'com.bbva.ketr', 'com.bbva.ketr/mds-online-p006:01-es', '3', 'MDS-ONLIN', 'EPHOENIX_ONLIN', '01-ES', 148117, 148122, NULL, 148123);
INSERT INTO  release_version_service  ( id ,  artifact_id ,  description ,  final_name ,  folder ,  group_id ,  image_name ,  nova_version ,  service_name ,  service_type ,  version ,  version_subsystem_id ,  ephoenix_data_id ,  node_package_file_id ,  project_definition_file_id  ) VALUES (148124, 'MDS-RFA', 'MDS-KETR prueba', 'com.bbva.ketr-MDS-RFA', 'KETR/MDS-RFA', 'com.bbva.ketr', 'com.bbva.ketr/mds-rfa-p006:01-es', '3', 'MDS-RFA', 'EPHOENIX_ONLIN', '01-ES', 148117, 148125, NULL, 148126);
INSERT INTO  release_version_service  ( id ,  artifact_id ,  description ,  final_name ,  folder ,  group_id ,  image_name ,  nova_version ,  service_name ,  service_type ,  version ,  version_subsystem_id ,  ephoenix_data_id ,  node_package_file_id ,  project_definition_file_id  ) VALUES (148225, 'AAAAP01L', 'Prueba Batch', 'com.bbva.klyr-AAAAP01L', 'KLYR/CALYPSO-BATCH', 'com.bbva.klyr', 'com.bbva.klyr/aaaap01l-secondrelease:01-es', '3', 'CALYPSO-BATCH', 'EPHOENIX_BATCH', '01-ES', 148224, 148226, NULL, 148227);
INSERT INTO  release_version_service  ( id ,  artifact_id ,  description ,  final_name ,  folder ,  group_id ,  image_name ,  nova_version ,  service_name ,  service_type ,  version ,  version_subsystem_id ,  ephoenix_data_id ,  node_package_file_id ,  project_definition_file_id  ) VALUES (148228, 'SIMPT002', 'Prueba Onlin', 'com.bbva.klyr-SIMPT002', 'KLYR/CALYPSO-ONLIN', 'com.bbva.klyr', 'com.bbva.klyr/simpt002-secondrelease:01-es', '3', 'CALYPSO-ONLIN', 'EPHOENIX_ONLIN', '01-ES', 148224, 148229, NULL, 148230);
INSERT INTO  release_version_service  ( id ,  artifact_id ,  description ,  final_name ,  folder ,  group_id ,  image_name ,  nova_version ,  service_name ,  service_type ,  version ,  version_subsystem_id ,  ephoenix_data_id ,  node_package_file_id ,  project_definition_file_id  ) VALUES (148924, 'AAAAP01L', 'Prueba Batch', 'com.bbva.klyr-AAAAP01L', 'KLYR/CALYPSO-BATCH', 'com.bbva.klyr', 'com.bbva.klyr/aaaap01l-secondrelease:01-es', '3', 'CALYPSO-BATCH', 'EPHOENIX_BATCH', '01-ES', 148923, 148925, NULL, 148926);
INSERT INTO  release_version_service  ( id ,  artifact_id ,  description ,  final_name ,  folder ,  group_id ,  image_name ,  nova_version ,  service_name ,  service_type ,  version ,  version_subsystem_id ,  ephoenix_data_id ,  node_package_file_id ,  project_definition_file_id  ) VALUES (148927, 'SIMPT002', 'Prueba Onlin', 'com.bbva.klyr-SIMPT002', 'KLYR/CALYPSO-ONLIN', 'com.bbva.klyr', 'com.bbva.klyr/simpt002-secondrelease:01-es', '3', 'CALYPSO-ONLIN', 'EPHOENIX_ONLIN', '01-ES', 148923, 148928, NULL, 148929);
INSERT INTO  release_version_service  ( id ,  artifact_id ,  description ,  final_name ,  folder ,  group_id ,  image_name ,  nova_version ,  service_name ,  service_type ,  version ,  version_subsystem_id ,  ephoenix_data_id ,  node_package_file_id ,  project_definition_file_id  ) VALUES (169822, 'AAAAP01L', 'Prueba Batch', 'com.bbva.klyr-AAAAP01L', 'KLYR/CALYPSO-BATCH', 'com.bbva.klyr', 'com.bbva.klyr/aaaap01l-thirdrelease:01-es', '3', 'CALYPSO-BATCH', 'EPHOENIX_BATCH', '01-ES', 169821, 169823, NULL, 169824);
INSERT INTO  release_version_service  ( id ,  artifact_id ,  description ,  final_name ,  folder ,  group_id ,  image_name ,  nova_version ,  service_name ,  service_type ,  version ,  version_subsystem_id ,  ephoenix_data_id ,  node_package_file_id ,  project_definition_file_id  ) VALUES (169825, 'SIMPT002', 'Prueba Onlin', 'com.bbva.klyr-SIMPT002', 'KLYR/CALYPSO-ONLIN', 'com.bbva.klyr', 'com.bbva.klyr/simpt002-thirdrelease:01-es', '3', 'CALYPSO-ONLIN', 'EPHOENIX_ONLIN', '01-ES', 169821, 169826, NULL, 169827);
INSERT INTO  release_version_service  ( id ,  artifact_id ,  description ,  final_name ,  folder ,  group_id ,  image_name ,  nova_version ,  service_name ,  service_type ,  version ,  version_subsystem_id ,  ephoenix_data_id ,  node_package_file_id ,  project_definition_file_id  ) VALUES (171306, 'AAAAP01L', 'Prueba Batch', 'com.bbva.klyr-AAAAP01L', 'KLYR/CALYPSO-BATCH', 'com.bbva.klyr', 'com.bbva.klyr/aaaap01l-thirdrelease:01-es', '3', 'CALYPSO-BATCH', 'EPHOENIX_BATCH', '01-ES', 171305, 171307, NULL, 171308);
INSERT INTO  release_version_service  ( id ,  artifact_id ,  description ,  final_name ,  folder ,  group_id ,  image_name ,  nova_version ,  service_name ,  service_type ,  version ,  version_subsystem_id ,  ephoenix_data_id ,  node_package_file_id ,  project_definition_file_id  ) VALUES (171309, 'SIMPT002', 'Prueba Onlin', 'com.bbva.klyr-SIMPT002', 'KLYR/CALYPSO-ONLIN', 'com.bbva.klyr', 'com.bbva.klyr/simpt002-thirdrelease:01-es', '3', 'CALYPSO-ONLIN', 'EPHOENIX_ONLIN', '01-ES', 171305, 171310, NULL, 171311);
INSERT INTO  release_version_service  ( id ,  artifact_id ,  description ,  final_name ,  folder ,  group_id ,  image_name ,  nova_version ,  service_name ,  service_type ,  version ,  version_subsystem_id ,  ephoenix_data_id ,  node_package_file_id ,  project_definition_file_id  ) VALUES (171375, 'AAAAP01L', 'Prueba Batch', 'com.bbva.klyr-AAAAP01L', 'KLYR/CALYPSO-BATCH', 'com.bbva.klyr', 'com.bbva.klyr/aaaap01l-thirdrelease:01-es', '3', 'CALYPSO-BATCH', 'EPHOENIX_BATCH', '01-ES', 171374, 171376, NULL, 171377);
INSERT INTO  release_version_service  ( id ,  artifact_id ,  description ,  final_name ,  folder ,  group_id ,  image_name ,  nova_version ,  service_name ,  service_type ,  version ,  version_subsystem_id ,  ephoenix_data_id ,  node_package_file_id ,  project_definition_file_id  ) VALUES (171378, 'SIMPT002', 'Prueba Onlin', 'com.bbva.klyr-SIMPT002', 'KLYR/CALYPSO-ONLIN', 'com.bbva.klyr', 'com.bbva.klyr/simpt002-thirdrelease:01-es', '3', 'CALYPSO-ONLIN', 'EPHOENIX_ONLIN', '01-ES', 171374, 171379, NULL, 171380);
INSERT INTO  release_version_service  ( id ,  artifact_id ,  description ,  final_name ,  folder ,  group_id ,  image_name ,  nova_version ,  service_name ,  service_type ,  version ,  version_subsystem_id ,  ephoenix_data_id ,  node_package_file_id ,  project_definition_file_id  ) VALUES (171507, 'AAAAP01L', 'Prueba Batch', 'com.bbva.klyr-AAAAP01L', 'KLYR/CALYPSO-BATCH', 'com.bbva.klyr', 'com.bbva.klyr/aaaap01l-thirdrelease:01-es', '3', 'CALYPSO-BATCH', 'EPHOENIX_BATCH', '01-ES', 171506, 171508, NULL, 171509);
INSERT INTO  release_version_service  ( id ,  artifact_id ,  description ,  final_name ,  folder ,  group_id ,  image_name ,  nova_version ,  service_name ,  service_type ,  version ,  version_subsystem_id ,  ephoenix_data_id ,  node_package_file_id ,  project_definition_file_id  ) VALUES (171510, 'SIMPT002', 'Prueba Onlin', 'com.bbva.klyr-SIMPT002', 'KLYR/CALYPSO-ONLIN', 'com.bbva.klyr', 'com.bbva.klyr/simpt002-thirdrelease:01-es', '3', 'CALYPSO-ONLIN', 'EPHOENIX_ONLIN', '01-ES', 171506, 171511, NULL, 171512);
INSERT INTO  release_version_service  ( id ,  artifact_id ,  description ,  final_name ,  folder ,  group_id ,  image_name ,  nova_version ,  service_name ,  service_type ,  version ,  version_subsystem_id ,  ephoenix_data_id ,  node_package_file_id ,  project_definition_file_id  ) VALUES (171626, 'AAAAP01L', 'Prueba Batch', 'com.bbva.klyr-AAAAP01L', 'KLYR/CALYPSO-BATCH', 'com.bbva.klyr', 'com.bbva.klyr/aaaap01l-thirdrelease:01-es', '3', 'CALYPSO-BATCH', 'EPHOENIX_BATCH', '01-ES', 171625, 171627, NULL, 171628);
INSERT INTO  release_version_service  ( id ,  artifact_id ,  description ,  final_name ,  folder ,  group_id ,  image_name ,  nova_version ,  service_name ,  service_type ,  version ,  version_subsystem_id ,  ephoenix_data_id ,  node_package_file_id ,  project_definition_file_id  ) VALUES (171629, 'SIMPT002', 'Prueba Onlin', 'com.bbva.klyr-SIMPT002', 'KLYR/CALYPSO-ONLIN', 'com.bbva.klyr', 'com.bbva.klyr/simpt002-thirdrelease:01-es', '3', 'CALYPSO-ONLIN', 'EPHOENIX_ONLIN', '01-ES', 171625, 171630, NULL, 171631);
INSERT INTO  release_version_service  ( id ,  artifact_id ,  description ,  final_name ,  folder ,  group_id ,  image_name ,  nova_version ,  service_name ,  service_type ,  version ,  version_subsystem_id ,  ephoenix_data_id ,  node_package_file_id ,  project_definition_file_id  ) VALUES (174192, 'AAAAP01L', 'Prueba Batch', 'com.bbva.klyr-AAAAP01L', 'KLYR/CALYPSO-BATCH', 'com.bbva.klyr', 'com.bbva.klyr/aaaap01l-iamnumber4:01-es', '3', 'CALYPSO-BATCH', 'EPHOENIX_BATCH', '01-ES', 174191, 174193, NULL, 174194);
INSERT INTO  release_version_service  ( id ,  artifact_id ,  description ,  final_name ,  folder ,  group_id ,  image_name ,  nova_version ,  service_name ,  service_type ,  version ,  version_subsystem_id ,  ephoenix_data_id ,  node_package_file_id ,  project_definition_file_id  ) VALUES (174195, 'SIMPT002', 'Prueba Onlin', 'com.bbva.klyr-SIMPT002', 'KLYR/CALYPSO-ONLIN', 'com.bbva.klyr', 'com.bbva.klyr/simpt002-iamnumber4:01-es', '3', 'CALYPSO-ONLIN', 'EPHOENIX_ONLIN', '01-ES', 174191, 174196, NULL, 174197);
INSERT INTO  release_version_service  ( id ,  artifact_id ,  description ,  final_name ,  folder ,  group_id ,  image_name ,  nova_version ,  service_name ,  service_type ,  version ,  version_subsystem_id ,  ephoenix_data_id ,  node_package_file_id ,  project_definition_file_id  ) VALUES (174324, 'AAAAP01L', 'Prueba Batch', 'com.bbva.klyr-AAAAP01L', 'KLYR/CALYPSO-BATCH', 'com.bbva.klyr', 'com.bbva.klyr/aaaap01l-iamnumber4:01-es', '3', 'CALYPSO-BATCH', 'EPHOENIX_BATCH', '01-ES', 174323, 174325, NULL, 174326);
INSERT INTO  release_version_service  ( id ,  artifact_id ,  description ,  final_name ,  folder ,  group_id ,  image_name ,  nova_version ,  service_name ,  service_type ,  version ,  version_subsystem_id ,  ephoenix_data_id ,  node_package_file_id ,  project_definition_file_id  ) VALUES (174327, 'SIMPT002', 'Prueba Onlin', 'com.bbva.klyr-SIMPT002', 'KLYR/CALYPSO-ONLIN', 'com.bbva.klyr', 'com.bbva.klyr/simpt002-iamnumber4:01-es', '3', 'CALYPSO-ONLIN', 'EPHOENIX_ONLIN', '01-ES', 174323, 174328, NULL, 174329);
INSERT INTO  release_version_service  ( id ,  artifact_id ,  description ,  final_name ,  folder ,  group_id ,  image_name ,  nova_version ,  service_name ,  service_type ,  version ,  version_subsystem_id ,  ephoenix_data_id ,  node_package_file_id ,  project_definition_file_id  ) VALUES (193797, 'generator', 'New project for running in NOVA Architectur', 'com.bbva.demo.market-generator', 'generator', 'com.bbva.demo.market', 'com.bbva.demo.market/generator-beta:2.1.0', '3', 'generator', 'NOVA', '2.1.0', 193796, NULL, NULL, 193798);
INSERT INTO  release_version_service  ( id ,  artifact_id ,  description ,  final_name ,  folder ,  group_id ,  image_name ,  nova_version ,  service_name ,  service_type ,  version ,  version_subsystem_id ,  ephoenix_data_id ,  node_package_file_id ,  project_definition_file_id  ) VALUES (193799, 'generatorfeignclient', 'Generator feign client', 'com.bbva.demo.market-generatorfeignclient', 'generatorfeignclient', 'com.bbva.demo.market', 'com.bbva.demo.market/generatorfeignclient-beta:1.0.0', NULL, 'generatorfeignclient', 'DEPENDENCY', '1.0.0', 193796, NULL, NULL, 193800);
INSERT INTO  release_version_service  ( id ,  artifact_id ,  description ,  final_name ,  folder ,  group_id ,  image_name ,  nova_version ,  service_name ,  service_type ,  version ,  version_subsystem_id ,  ephoenix_data_id ,  node_package_file_id ,  project_definition_file_id  ) VALUES (193801, 'simplenovabatch', 'New project for simple_nova_batch', 'com.bbva.demo.market-simplenovabatch', 'simplenovabatch', 'com.bbva.demo.market', 'com.bbva.demo.market/simplenovabatch-beta:2.0.0', '3', 'simplenovabatch', 'NOVA_SPRING_BATCH', '2.0.0', 193796, NULL, NULL, 193802);
INSERT INTO  release_version_service  ( id ,  artifact_id ,  description ,  final_name ,  folder ,  group_id ,  image_name ,  nova_version ,  service_name ,  service_type ,  version ,  version_subsystem_id ,  ephoenix_data_id ,  node_package_file_id ,  project_definition_file_id  ) VALUES (193803, 'statistics', 'New project for running in NOVA Architectur', 'com.bbva.demo.market-statistics', 'statistics', 'com.bbva.demo.market', 'com.bbva.demo.market/statistics-beta:2.1.0', '3', 'statistics', 'NOVA', '2.1.0', 193796, NULL, NULL, 193804);
INSERT INTO  release_version_service  ( id ,  artifact_id ,  description ,  final_name ,  folder ,  group_id ,  image_name ,  nova_version ,  service_name ,  service_type ,  version ,  version_subsystem_id ,  ephoenix_data_id ,  node_package_file_id ,  project_definition_file_id  ) VALUES (197898, 'generator', 'New project for running in NOVA Architectur', 'com.bbva.demo.market-generator', 'generator', 'com.bbva.demo.market', 'com.bbva.demo.market/generator-beta:2.1.0', '3', 'generator', 'NOVA', '2.1.0', 197897, NULL, NULL, 197899);
INSERT INTO  release_version_service  ( id ,  artifact_id ,  description ,  final_name ,  folder ,  group_id ,  image_name ,  nova_version ,  service_name ,  service_type ,  version ,  version_subsystem_id ,  ephoenix_data_id ,  node_package_file_id ,  project_definition_file_id  ) VALUES (197900, 'generatorfeignclient', 'Generator feign client', 'com.bbva.demo.market-generatorfeignclient', 'generatorfeignclient', 'com.bbva.demo.market', 'com.bbva.demo.market/generatorfeignclient-beta:1.0.0', NULL, 'generatorfeignclient', 'DEPENDENCY', '1.0.0', 197897, NULL, NULL, 197901);
INSERT INTO  release_version_service  ( id ,  artifact_id ,  description ,  final_name ,  folder ,  group_id ,  image_name ,  nova_version ,  service_name ,  service_type ,  version ,  version_subsystem_id ,  ephoenix_data_id ,  node_package_file_id ,  project_definition_file_id  ) VALUES (197902, 'simplenovabatch', 'New project for simple_nova_batch', 'com.bbva.demo.market-simplenovabatch', 'simplenovabatch', 'com.bbva.demo.market', 'com.bbva.demo.market/simplenovabatch-beta:2.0.0', '3', 'simplenovabatch', 'NOVA_SPRING_BATCH', '2.0.0', 197897, NULL, NULL, 197903);
INSERT INTO  release_version_service  ( id ,  artifact_id ,  description ,  final_name ,  folder ,  group_id ,  image_name ,  nova_version ,  service_name ,  service_type ,  version ,  version_subsystem_id ,  ephoenix_data_id ,  node_package_file_id ,  project_definition_file_id  ) VALUES (197904, 'statistics', 'New project for running in NOVA Architectur', 'com.bbva.demo.market-statistics', 'statistics', 'com.bbva.demo.market', 'com.bbva.demo.market/statistics-beta:2.1.0', '3', 'statistics', 'NOVA', '2.1.0', 197897, NULL, NULL, 197905);
INSERT INTO  release_version_service  ( id ,  artifact_id ,  description ,  final_name ,  folder ,  group_id ,  image_name ,  nova_version ,  service_name ,  service_type ,  version ,  version_subsystem_id ,  ephoenix_data_id ,  node_package_file_id ,  project_definition_file_id  ) VALUES (197907, 'charts', 'New project for running in NOVA Architecture the charts project', 'com.bbva.demo.visor-charts', 'charts', 'com.bbva.demo.visor', 'com.bbva.demo.visor/charts-beta:2.1.0', '3', 'charts', 'NOVA', '2.1.0', 197906, NULL, NULL, 197908);
INSERT INTO  release_version_service  ( id ,  artifact_id ,  description ,  final_name ,  folder ,  group_id ,  image_name ,  nova_version ,  service_name ,  service_type ,  version ,  version_subsystem_id ,  ephoenix_data_id ,  node_package_file_id ,  project_definition_file_id  ) VALUES (197909, 'statisticsfeignclient', 'Statistics feign client', 'com.bbva.demo.visor-statisticsfeignclient', 'statisticsfeignclient', 'com.bbva.demo.visor', 'com.bbva.demo.visor/statisticsfeignclient-beta:1.0.0', NULL, 'statisticsfeignclient', 'DEPENDENCY', '1.0.0', 197906, NULL, NULL, 197910);
INSERT INTO  release_version_service  ( id ,  artifact_id ,  description ,  final_name ,  folder ,  group_id ,  image_name ,  nova_version ,  service_name ,  service_type ,  version ,  version_subsystem_id ,  ephoenix_data_id ,  node_package_file_id ,  project_definition_file_id  ) VALUES (201030, 'generator', 'New project for running in NOVA Architectur', 'com.bbva.demo.market-generator', 'generator', 'com.bbva.demo.market', 'com.bbva.demo.market/generator-beta:2.1.0', '3', 'generator', 'NOVA', '2.1.0', 201029, NULL, NULL, 201031);
INSERT INTO  release_version_service  ( id ,  artifact_id ,  description ,  final_name ,  folder ,  group_id ,  image_name ,  nova_version ,  service_name ,  service_type ,  version ,  version_subsystem_id ,  ephoenix_data_id ,  node_package_file_id ,  project_definition_file_id  ) VALUES (201032, 'generatorfeignclient', 'Generator feign client', 'com.bbva.demo.market-generatorfeignclient', 'generatorfeignclient', 'com.bbva.demo.market', 'com.bbva.demo.market/generatorfeignclient-beta:1.0.0', NULL, 'generatorfeignclient', 'DEPENDENCY', '1.0.0', 201029, NULL, NULL, 201033);
INSERT INTO  release_version_service  ( id ,  artifact_id ,  description ,  final_name ,  folder ,  group_id ,  image_name ,  nova_version ,  service_name ,  service_type ,  version ,  version_subsystem_id ,  ephoenix_data_id ,  node_package_file_id ,  project_definition_file_id  ) VALUES (201034, 'simplenovabatch', 'New project for simple_nova_batch', 'com.bbva.demo.market-simplenovabatch', 'simplenovabatch', 'com.bbva.demo.market', 'com.bbva.demo.market/simplenovabatch-beta:2.0.0', '3', 'simplenovabatch', 'NOVA_SPRING_BATCH', '2.0.0', 201029, NULL, NULL, 201035);
INSERT INTO  release_version_service  ( id ,  artifact_id ,  description ,  final_name ,  folder ,  group_id ,  image_name ,  nova_version ,  service_name ,  service_type ,  version ,  version_subsystem_id ,  ephoenix_data_id ,  node_package_file_id ,  project_definition_file_id  ) VALUES (201036, 'statistics', 'New project for running in NOVA Architectur', 'com.bbva.demo.market-statistics', 'statistics', 'com.bbva.demo.market', 'com.bbva.demo.market/statistics-beta:2.1.0', '3', 'statistics', 'NOVA', '2.1.0', 201029, NULL, NULL, 201037);
INSERT INTO  release_version_service  ( id ,  artifact_id ,  description ,  final_name ,  folder ,  group_id ,  image_name ,  nova_version ,  service_name ,  service_type ,  version ,  version_subsystem_id ,  ephoenix_data_id ,  node_package_file_id ,  project_definition_file_id  ) VALUES (201039, 'charts', 'New project for running in NOVA Architecture the charts project', 'com.bbva.demo.visor-charts', 'charts', 'com.bbva.demo.visor', 'com.bbva.demo.visor/charts-beta:2.1.0', '3', 'charts', 'NOVA', '2.1.0', 201038, NULL, NULL, 201040);
INSERT INTO  release_version_service  ( id ,  artifact_id ,  description ,  final_name ,  folder ,  group_id ,  image_name ,  nova_version ,  service_name ,  service_type ,  version ,  version_subsystem_id ,  ephoenix_data_id ,  node_package_file_id ,  project_definition_file_id  ) VALUES (201041, 'statisticsfeignclient', 'Statistics feign client', 'com.bbva.demo.visor-statisticsfeignclient', 'statisticsfeignclient', 'com.bbva.demo.visor', 'com.bbva.demo.visor/statisticsfeignclient-beta:1.0.0', NULL, 'statisticsfeignclient', 'DEPENDENCY', '1.0.0', 201038, NULL, NULL, 201042);
INSERT INTO  release_version_service  ( id ,  artifact_id ,  description ,  final_name ,  folder ,  group_id ,  image_name ,  nova_version ,  service_name ,  service_type ,  version ,  version_subsystem_id ,  ephoenix_data_id ,  node_package_file_id ,  project_definition_file_id  ) VALUES (201523, 'AAAAP01L', 'Prueba Batch', 'com.bbva.klyr-AAAAP01L', 'KLYR/CALYPSO-BATCH', 'com.bbva.klyr', 'com.bbva.klyr/aaaap01l-iamnumber4:01-es', '3', 'CALYPSO-BATCH', 'EPHOENIX_BATCH', '01-ES', 201522, 201524, NULL, 201525);
INSERT INTO  release_version_service  ( id ,  artifact_id ,  description ,  final_name ,  folder ,  group_id ,  image_name ,  nova_version ,  service_name ,  service_type ,  version ,  version_subsystem_id ,  ephoenix_data_id ,  node_package_file_id ,  project_definition_file_id  ) VALUES (201526, 'SIMPT002', 'Prueba Onlin', 'com.bbva.klyr-SIMPT002', 'KLYR/CALYPSO-ONLIN', 'com.bbva.klyr', 'com.bbva.klyr/simpt002-iamnumber4:01-es', '3', 'CALYPSO-ONLIN', 'EPHOENIX_ONLIN', '01-ES', 201522, 201527, NULL, 201528);
INSERT INTO  release_version_service  ( id ,  artifact_id ,  description ,  final_name ,  folder ,  group_id ,  image_name ,  nova_version ,  service_name ,  service_type ,  version ,  version_subsystem_id ,  ephoenix_data_id ,  node_package_file_id ,  project_definition_file_id  ) VALUES (201577, 'MDS-BATCH', 'MDS-KETR prueba', 'com.bbva.ketr-MDS-BATCH', 'KETR/MDS-BATCH', 'com.bbva.ketr', 'com.bbva.ketr/mds-batch-p006:01-es', '3', 'MDS-BATCH', 'EPHOENIX_BATCH', '01-ES', 201576, 201578, NULL, 201579);
INSERT INTO  release_version_service  ( id ,  artifact_id ,  description ,  final_name ,  folder ,  group_id ,  image_name ,  nova_version ,  service_name ,  service_type ,  version ,  version_subsystem_id ,  ephoenix_data_id ,  node_package_file_id ,  project_definition_file_id  ) VALUES (201580, 'MDS-ONLIN', 'MDS-KETR prueba', 'com.bbva.ketr-MDS-ONLIN', 'KETR/MDS-ONLIN', 'com.bbva.ketr', 'com.bbva.ketr/mds-online-p006:01-es', '3', 'MDS-ONLIN', 'EPHOENIX_ONLIN', '01-ES', 201576, 201581, NULL, 201582);
INSERT INTO  release_version_service  ( id ,  artifact_id ,  description ,  final_name ,  folder ,  group_id ,  image_name ,  nova_version ,  service_name ,  service_type ,  version ,  version_subsystem_id ,  ephoenix_data_id ,  node_package_file_id ,  project_definition_file_id  ) VALUES (201583, 'MDS-RFA', 'MDS-KETR prueba', 'com.bbva.ketr-MDS-RFA', 'KETR/MDS-RFA', 'com.bbva.ketr', 'com.bbva.ketr/mds-rfa-p006:01-es', '3', 'MDS-RFA', 'EPHOENIX_ONLIN', '01-ES', 201576, 201584, NULL, 201585);
INSERT INTO  release_version_service  ( id ,  artifact_id ,  description ,  final_name ,  folder ,  group_id ,  image_name ,  nova_version ,  service_name ,  service_type ,  version ,  version_subsystem_id ,  ephoenix_data_id ,  node_package_file_id ,  project_definition_file_id  ) VALUES (203189, 'AAAAP01L', 'Prueba Batch', 'com.bbva.xyzt-AAAAP01L', 'XYZT/CHARFOLE-BATCH', 'com.bbva.xyzt', 'com.bbva.xyzt/aaaap01l-rev10:01-es', '3', 'CHARFOLE-BATCH', 'EPHOENIX_BATCH', '01-ES', 203188, 203190, NULL, 203191);
INSERT INTO  release_version_service  ( id ,  artifact_id ,  description ,  final_name ,  folder ,  group_id ,  image_name ,  nova_version ,  service_name ,  service_type ,  version ,  version_subsystem_id ,  ephoenix_data_id ,  node_package_file_id ,  project_definition_file_id  ) VALUES (203192, 'SIMPT002', 'Prueba Onlin', 'com.bbva.xyzt-SIMPT002', 'XYZT/CHARFOLE-ONLIN', 'com.bbva.xyzt', 'com.bbva.xyzt/simpt002-rev10:01-es', '3', 'CHARFOLE-ONLIN', 'EPHOENIX_ONLIN', '01-ES', 203188, 203193, NULL, 203194);
INSERT INTO  release_version_service  ( id ,  artifact_id ,  description ,  final_name ,  folder ,  group_id ,  image_name ,  nova_version ,  service_name ,  service_type ,  version ,  version_subsystem_id ,  ephoenix_data_id ,  node_package_file_id ,  project_definition_file_id  ) VALUES (203674, 'AAAAP01L', 'Prueba Batch', 'com.bbva.qwjj-AAAAP01L', 'QWJJ/EPHOENIX-BATCH', 'com.bbva.qwjj', 'com.bbva.qwjj/aaaap01l-primerarelease:01-es', '3', 'EPHOENIX-BATCH', 'EPHOENIX_BATCH', '01-ES', 203673, 203675, NULL, 203676);
INSERT INTO  release_version_service  ( id ,  artifact_id ,  description ,  final_name ,  folder ,  group_id ,  image_name ,  nova_version ,  service_name ,  service_type ,  version ,  version_subsystem_id ,  ephoenix_data_id ,  node_package_file_id ,  project_definition_file_id  ) VALUES (203677, 'SIMPT002', 'Prueba Onlin', 'com.bbva.qwjj-SIMPT002', 'QWJJ/EPHOENIX-ONLIN', 'com.bbva.qwjj', 'com.bbva.qwjj/simpt002-primerarelease:01-es', '3', 'EPHOENIX-ONLIN', 'EPHOENIX_ONLIN', '01-ES', 203673, 203678, NULL, 203679);
INSERT INTO  release_version_service  ( id ,  artifact_id ,  description ,  final_name ,  folder ,  group_id ,  image_name ,  nova_version ,  service_name ,  service_type ,  version ,  version_subsystem_id ,  ephoenix_data_id ,  node_package_file_id ,  project_definition_file_id  ) VALUES (203722, 'AAAAP01L', 'Prueba Batch', 'com.bbva.qwjj-AAAAP01L', 'QWJJ/EPHOENIX-BATCH', 'com.bbva.qwjj', 'com.bbva.qwjj/aaaap01l-segunarelease:01-es', '3', 'EPHOENIX-BATCH', 'EPHOENIX_BATCH', '01-ES', 203721, 203723, NULL, 203724);
INSERT INTO  release_version_service  ( id ,  artifact_id ,  description ,  final_name ,  folder ,  group_id ,  image_name ,  nova_version ,  service_name ,  service_type ,  version ,  version_subsystem_id ,  ephoenix_data_id ,  node_package_file_id ,  project_definition_file_id  ) VALUES (203725, 'SIMPT002', 'Prueba Onlin', 'com.bbva.qwjj-SIMPT002', 'QWJJ/EPHOENIX-ONLIN', 'com.bbva.qwjj', 'com.bbva.qwjj/simpt002-segunarelease:01-es', '3', 'EPHOENIX-ONLIN', 'EPHOENIX_ONLIN', '01-ES', 203721, 203726, NULL, 203727);
INSERT INTO  release_version_service  ( id ,  artifact_id ,  description ,  final_name ,  folder ,  group_id ,  image_name ,  nova_version ,  service_name ,  service_type ,  version ,  version_subsystem_id ,  ephoenix_data_id ,  node_package_file_id ,  project_definition_file_id  ) VALUES (203821, 'AAAAP01L', 'MDS-KETR prueba', 'com.bbva.ketr-AAAAP01L', 'KETR/MDS-BATCH', 'com.bbva.ketr', 'com.bbva.ketr/aaaap01l-r:01-es', '3', 'MDS-BATCH', 'EPHOENIX_BATCH', '01-ES', 203820, 203822, NULL, 203823);
INSERT INTO  release_version_service  ( id ,  artifact_id ,  description ,  final_name ,  folder ,  group_id ,  image_name ,  nova_version ,  service_name ,  service_type ,  version ,  version_subsystem_id ,  ephoenix_data_id ,  node_package_file_id ,  project_definition_file_id  ) VALUES (203824, 'SIMPT002', 'MDS-KETR prueba', 'com.bbva.ketr-SIMPT002', 'KETR/MDS-ONLIN', 'com.bbva.ketr', 'com.bbva.ketr/simpt002-r:01-es', '3', 'MDS-ONLIN', 'EPHOENIX_ONLIN', '01-ES', 203820, 203825, NULL, 203826);
INSERT INTO  release_version_service  ( id ,  artifact_id ,  description ,  final_name ,  folder ,  group_id ,  image_name ,  nova_version ,  service_name ,  service_type ,  version ,  version_subsystem_id ,  ephoenix_data_id ,  node_package_file_id ,  project_definition_file_id  ) VALUES (203827, 'SIMPT002', 'MDS-KETR prueba', 'com.bbva.ketr-SIMPT002', 'KETR/MDS-RFA', 'com.bbva.ketr', 'com.bbva.ketr/simpt002-r:01-es', '3', 'MDS-RFA', 'EPHOENIX_ONLIN', '01-ES', 203820, 203828, NULL, 203829);
INSERT INTO  release_version_service  ( id ,  artifact_id ,  description ,  final_name ,  folder ,  group_id ,  image_name ,  nova_version ,  service_name ,  service_type ,  version ,  version_subsystem_id ,  ephoenix_data_id ,  node_package_file_id ,  project_definition_file_id  ) VALUES (204025, 'generator', 'New project for running in NOVA Architectur', 'com.bbva.demo.market-generator', 'generator', 'com.bbva.demo.market', 'com.bbva.demo.market/generator-gamma:2.1.0', '3', 'generator', 'NOVA', '2.1.0', 204024, NULL, NULL, 204026);
INSERT INTO  release_version_service  ( id ,  artifact_id ,  description ,  final_name ,  folder ,  group_id ,  image_name ,  nova_version ,  service_name ,  service_type ,  version ,  version_subsystem_id ,  ephoenix_data_id ,  node_package_file_id ,  project_definition_file_id  ) VALUES (204027, 'generatorfeignclient', 'Generator feign client', 'com.bbva.demo.market-generatorfeignclient', 'generatorfeignclient', 'com.bbva.demo.market', 'com.bbva.demo.market/generatorfeignclient-gamma:1.0.0', NULL, 'generatorfeignclient', 'DEPENDENCY', '1.0.0', 204024, NULL, NULL, 204028);
INSERT INTO  release_version_service  ( id ,  artifact_id ,  description ,  final_name ,  folder ,  group_id ,  image_name ,  nova_version ,  service_name ,  service_type ,  version ,  version_subsystem_id ,  ephoenix_data_id ,  node_package_file_id ,  project_definition_file_id  ) VALUES (204029, 'simplenovabatch', 'New project for simple_nova_batch', 'com.bbva.demo.market-simplenovabatch', 'simplenovabatch', 'com.bbva.demo.market', 'com.bbva.demo.market/simplenovabatch-gamma:2.0.0', '3', 'simplenovabatch', 'NOVA_SPRING_BATCH', '2.0.0', 204024, NULL, NULL, 204030);
INSERT INTO  release_version_service  ( id ,  artifact_id ,  description ,  final_name ,  folder ,  group_id ,  image_name ,  nova_version ,  service_name ,  service_type ,  version ,  version_subsystem_id ,  ephoenix_data_id ,  node_package_file_id ,  project_definition_file_id  ) VALUES (204031, 'statistics', 'New project for running in NOVA Architectur', 'com.bbva.demo.market-statistics', 'statistics', 'com.bbva.demo.market', 'com.bbva.demo.market/statistics-gamma:2.1.0', '3', 'statistics', 'NOVA', '2.1.0', 204024, NULL, NULL, 204032);
INSERT INTO  release_version_service  ( id ,  artifact_id ,  description ,  final_name ,  folder ,  group_id ,  image_name ,  nova_version ,  service_name ,  service_type ,  version ,  version_subsystem_id ,  ephoenix_data_id ,  node_package_file_id ,  project_definition_file_id  ) VALUES (204034, 'charts', 'New project for running in NOVA Architecture the charts project', 'com.bbva.demo.visor-charts', 'charts', 'com.bbva.demo.visor', 'com.bbva.demo.visor/charts-gamma:2.1.0', '3', 'charts', 'NOVA', '2.1.0', 204033, NULL, NULL, 204035);
INSERT INTO  release_version_service  ( id ,  artifact_id ,  description ,  final_name ,  folder ,  group_id ,  image_name ,  nova_version ,  service_name ,  service_type ,  version ,  version_subsystem_id ,  ephoenix_data_id ,  node_package_file_id ,  project_definition_file_id  ) VALUES (204036, 'statisticsfeignclient', 'Statistics feign client', 'com.bbva.demo.visor-statisticsfeignclient', 'statisticsfeignclient', 'com.bbva.demo.visor', 'com.bbva.demo.visor/statisticsfeignclient-gamma:1.0.0', NULL, 'statisticsfeignclient', 'DEPENDENCY', '1.0.0', 204033, NULL, NULL, 204037);
INSERT INTO  release_version_service  ( id ,  artifact_id ,  description ,  final_name ,  folder ,  group_id ,  image_name ,  nova_version ,  service_name ,  service_type ,  version ,  version_subsystem_id ,  ephoenix_data_id ,  node_package_file_id ,  project_definition_file_id  ) VALUES (215743, 'CALYPSO-BATCH', NULL, 'com.bbva.klyr-CALYPSO-BATCH', 'KLYR/CALYPSO-BATCH', 'com.bbva.klyr', 'com.bbva.klyr/calypso-batch-releaseprueba:', '3', 'CALYPSO-BATCH', 'EPHOENIX_BATCH', '', 215742, 215744, NULL, 215745);
INSERT INTO  release_version_service  ( id ,  artifact_id ,  description ,  final_name ,  folder ,  group_id ,  image_name ,  nova_version ,  service_name ,  service_type ,  version ,  version_subsystem_id ,  ephoenix_data_id ,  node_package_file_id ,  project_definition_file_id  ) VALUES (215746, 'CALYPSO-ONLIN', NULL, 'com.bbva.klyr-CALYPSO-ONLIN', 'KLYR/CALYPSO-ONLIN', 'com.bbva.klyr', 'com.bbva.klyr/calypso-online-releaseprueba:', '3', 'CALYPSO-ONLIN', 'EPHOENIX_ONLIN', '', 215742, 215747, NULL, 215748);
INSERT INTO  release_version_service  ( id ,  artifact_id ,  description ,  final_name ,  folder ,  group_id ,  image_name ,  nova_version ,  service_name ,  service_type ,  version ,  version_subsystem_id ,  ephoenix_data_id ,  node_package_file_id ,  project_definition_file_id  ) VALUES (217052, 'batchspringseed', 'batch seed', 'com.bbva.lupr-batchspringseed', 'batch-java-servic', 'com.bbva.lupr', 'com.bbva.lupr/batchspringseed-retronco:1.0.0', '3', 'batchspringseed', 'NOVA_SPRING_BATCH', '1.0.0', 217051, NULL, NULL, 217053);
INSERT INTO  release_version_service  ( id ,  artifact_id ,  description ,  final_name ,  folder ,  group_id ,  image_name ,  nova_version ,  service_name ,  service_type ,  version ,  version_subsystem_id ,  ephoenix_data_id ,  node_package_file_id ,  project_definition_file_id  ) VALUES (217054, 'javaseed', 'bla bla bla!', 'com.bbva.lupr-javaseed', 'java-servic', 'com.bbva.lupr', 'com.bbva.lupr/javaseed-retronco:1.0.16', '3', 'javaseed', 'NOVA', '1.0.16', 217051, NULL, NULL, 217055);
INSERT INTO  release_version_service  ( id ,  artifact_id ,  description ,  final_name ,  folder ,  group_id ,  image_name ,  nova_version ,  service_name ,  service_type ,  version ,  version_subsystem_id ,  ephoenix_data_id ,  node_package_file_id ,  project_definition_file_id  ) VALUES (217056, 'nodejs', 'bla bla bla!', 'com.bbva.lupr-nodejs', 'node-servic', 'com.bbva.lupr', 'com.bbva.lupr/nodejs-retronco:1.0.16', '3', 'nodejs', 'NOD', '1.0.16', 217051, NULL, 217057, 217058);
INSERT INTO  release_version_service  ( id ,  artifact_id ,  description ,  final_name ,  folder ,  group_id ,  image_name ,  nova_version ,  service_name ,  service_type ,  version ,  version_subsystem_id ,  ephoenix_data_id ,  node_package_file_id ,  project_definition_file_id  ) VALUES (217155, 'generator', 'New project for running in NOVA Architectur', 'com.bbva.demo.market-generator', 'generator', 'com.bbva.demo.market', 'com.bbva.demo.market/generator-jojoya:2.1.0', '3', 'generator', 'NOVA', '2.1.0', 217154, NULL, NULL, 217156);
INSERT INTO  release_version_service  ( id ,  artifact_id ,  description ,  final_name ,  folder ,  group_id ,  image_name ,  nova_version ,  service_name ,  service_type ,  version ,  version_subsystem_id ,  ephoenix_data_id ,  node_package_file_id ,  project_definition_file_id  ) VALUES (217157, 'generatorfeignclient', 'Generator feign client', 'com.bbva.demo.market-generatorfeignclient', 'generatorfeignclient', 'com.bbva.demo.market', 'com.bbva.demo.market/generatorfeignclient-jojoya:1.0.0', NULL, 'generatorfeignclient', 'DEPENDENCY', '1.0.0', 217154, NULL, NULL, 217158);
INSERT INTO  release_version_service  ( id ,  artifact_id ,  description ,  final_name ,  folder ,  group_id ,  image_name ,  nova_version ,  service_name ,  service_type ,  version ,  version_subsystem_id ,  ephoenix_data_id ,  node_package_file_id ,  project_definition_file_id  ) VALUES (217159, 'simplenovabatch', 'New project for simple_nova_batch', 'com.bbva.demo.market-simplenovabatch', 'simplenovabatch', 'com.bbva.demo.market', 'com.bbva.demo.market/simplenovabatch-jojoya:2.0.0', '3', 'simplenovabatch', 'NOVA_SPRING_BATCH', '2.0.0', 217154, NULL, NULL, 217160);
INSERT INTO  release_version_service  ( id ,  artifact_id ,  description ,  final_name ,  folder ,  group_id ,  image_name ,  nova_version ,  service_name ,  service_type ,  version ,  version_subsystem_id ,  ephoenix_data_id ,  node_package_file_id ,  project_definition_file_id  ) VALUES (217161, 'statistics', 'New project for running in NOVA Architectur', 'com.bbva.demo.market-statistics', 'statistics', 'com.bbva.demo.market', 'com.bbva.demo.market/statistics-jojoya:2.1.0', '3', 'statistics', 'NOVA', '2.1.0', 217154, NULL, NULL, 217162);
INSERT INTO  release_version_service  ( id ,  artifact_id ,  description ,  final_name ,  folder ,  group_id ,  image_name ,  nova_version ,  service_name ,  service_type ,  version ,  version_subsystem_id ,  ephoenix_data_id ,  node_package_file_id ,  project_definition_file_id  ) VALUES (217219, 'generator', 'New project for running in NOVA Architectur', 'com.bbva.demo.market-generator', 'generator', 'com.bbva.demo.market', 'com.bbva.demo.market/generator-alfa:2.1.0', '3', 'generator', 'NOVA', '2.1.0', 217218, NULL, NULL, 217220);
INSERT INTO  release_version_service  ( id ,  artifact_id ,  description ,  final_name ,  folder ,  group_id ,  image_name ,  nova_version ,  service_name ,  service_type ,  version ,  version_subsystem_id ,  ephoenix_data_id ,  node_package_file_id ,  project_definition_file_id  ) VALUES (217221, 'generatorfeignclient', 'Generator feign client', 'com.bbva.demo.market-generatorfeignclient', 'generatorfeignclient', 'com.bbva.demo.market', 'com.bbva.demo.market/generatorfeignclient-alfa:1.0.0', NULL, 'generatorfeignclient', 'DEPENDENCY', '1.0.0', 217218, NULL, NULL, 217222);
INSERT INTO  release_version_service  ( id ,  artifact_id ,  description ,  final_name ,  folder ,  group_id ,  image_name ,  nova_version ,  service_name ,  service_type ,  version ,  version_subsystem_id ,  ephoenix_data_id ,  node_package_file_id ,  project_definition_file_id  ) VALUES (217223, 'simplenovabatch', 'New project for simple_nova_batch', 'com.bbva.demo.market-simplenovabatch', 'simplenovabatch', 'com.bbva.demo.market', 'com.bbva.demo.market/simplenovabatch-alfa:2.0.0', '3', 'simplenovabatch', 'NOVA_SPRING_BATCH', '2.0.0', 217218, NULL, NULL, 217224);
INSERT INTO  release_version_service  ( id ,  artifact_id ,  description ,  final_name ,  folder ,  group_id ,  image_name ,  nova_version ,  service_name ,  service_type ,  version ,  version_subsystem_id ,  ephoenix_data_id ,  node_package_file_id ,  project_definition_file_id  ) VALUES (217225, 'statistics', 'New project for running in NOVA Architectur', 'com.bbva.demo.market-statistics', 'statistics', 'com.bbva.demo.market', 'com.bbva.demo.market/statistics-alfa:2.1.0', '3', 'statistics', 'NOVA', '2.1.0', 217218, NULL, NULL, 217226);
INSERT INTO  release_version_service  ( id ,  artifact_id ,  description ,  final_name ,  folder ,  group_id ,  image_name ,  nova_version ,  service_name ,  service_type ,  version ,  version_subsystem_id ,  ephoenix_data_id ,  node_package_file_id ,  project_definition_file_id  ) VALUES (217960, 'generator', 'New project for running in NOVA Architectur', 'com.bbva.demo.market-generator', 'generator', 'com.bbva.demo.market', 'com.bbva.demo.market/generator-alfa:2.1.0', '3', 'generator', 'NOVA', '2.1.0', 217959, NULL, NULL, 217961);
INSERT INTO  release_version_service  ( id ,  artifact_id ,  description ,  final_name ,  folder ,  group_id ,  image_name ,  nova_version ,  service_name ,  service_type ,  version ,  version_subsystem_id ,  ephoenix_data_id ,  node_package_file_id ,  project_definition_file_id  ) VALUES (217962, 'generatorfeignclient', 'Generator feign client', 'com.bbva.demo.market-generatorfeignclient', 'generatorfeignclient', 'com.bbva.demo.market', 'com.bbva.demo.market/generatorfeignclient-alfa:1.0.0', NULL, 'generatorfeignclient', 'DEPENDENCY', '1.0.0', 217959, NULL, NULL, 217963);
INSERT INTO  release_version_service  ( id ,  artifact_id ,  description ,  final_name ,  folder ,  group_id ,  image_name ,  nova_version ,  service_name ,  service_type ,  version ,  version_subsystem_id ,  ephoenix_data_id ,  node_package_file_id ,  project_definition_file_id  ) VALUES (217964, 'simplenovabatch', 'New project for simple_nova_batch', 'com.bbva.demo.market-simplenovabatch', 'simplenovabatch', 'com.bbva.demo.market', 'com.bbva.demo.market/simplenovabatch-alfa:2.0.0', '3', 'simplenovabatch', 'NOVA_SPRING_BATCH', '2.0.0', 217959, NULL, NULL, 217965);
INSERT INTO  release_version_service  ( id ,  artifact_id ,  description ,  final_name ,  folder ,  group_id ,  image_name ,  nova_version ,  service_name ,  service_type ,  version ,  version_subsystem_id ,  ephoenix_data_id ,  node_package_file_id ,  project_definition_file_id  ) VALUES (217966, 'statistics', 'New project for running in NOVA Architectur', 'com.bbva.demo.market-statistics', 'statistics', 'com.bbva.demo.market', 'com.bbva.demo.market/statistics-alfa:2.1.0', '3', 'statistics', 'NOVA', '2.1.0', 217959, NULL, NULL, 217967);
INSERT INTO  release_version_service  ( id ,  artifact_id ,  description ,  final_name ,  folder ,  group_id ,  image_name ,  nova_version ,  service_name ,  service_type ,  version ,  version_subsystem_id ,  ephoenix_data_id ,  node_package_file_id ,  project_definition_file_id  ) VALUES (217982, 'generator', 'New project for running in NOVA Architectur', 'com.bbva.demo.market-generator', 'generator', 'com.bbva.demo.market', 'com.bbva.demo.market/generator-jojoya:2.1.0', '3', 'generator', 'NOVA', '2.1.0', 217981, NULL, NULL, 217983);
INSERT INTO  release_version_service  ( id ,  artifact_id ,  description ,  final_name ,  folder ,  group_id ,  image_name ,  nova_version ,  service_name ,  service_type ,  version ,  version_subsystem_id ,  ephoenix_data_id ,  node_package_file_id ,  project_definition_file_id  ) VALUES (217984, 'generatorfeignclient', 'Generator feign client', 'com.bbva.demo.market-generatorfeignclient', 'generatorfeignclient', 'com.bbva.demo.market', 'com.bbva.demo.market/generatorfeignclient-jojoya:1.0.0', NULL, 'generatorfeignclient', 'DEPENDENCY', '1.0.0', 217981, NULL, NULL, 217985);
INSERT INTO  release_version_service  ( id ,  artifact_id ,  description ,  final_name ,  folder ,  group_id ,  image_name ,  nova_version ,  service_name ,  service_type ,  version ,  version_subsystem_id ,  ephoenix_data_id ,  node_package_file_id ,  project_definition_file_id  ) VALUES (217986, 'simplenovabatch', 'New project for simple_nova_batch', 'com.bbva.demo.market-simplenovabatch', 'simplenovabatch', 'com.bbva.demo.market', 'com.bbva.demo.market/simplenovabatch-jojoya:2.0.0', '3', 'simplenovabatch', 'NOVA_SPRING_BATCH', '2.0.0', 217981, NULL, NULL, 217987);
INSERT INTO  release_version_service  ( id ,  artifact_id ,  description ,  final_name ,  folder ,  group_id ,  image_name ,  nova_version ,  service_name ,  service_type ,  version ,  version_subsystem_id ,  ephoenix_data_id ,  node_package_file_id ,  project_definition_file_id  ) VALUES (217988, 'statistics', 'New project for running in NOVA Architectur', 'com.bbva.demo.market-statistics', 'statistics', 'com.bbva.demo.market', 'com.bbva.demo.market/statistics-jojoya:2.1.0', '3', 'statistics', 'NOVA', '2.1.0', 217981, NULL, NULL, 217989);
INSERT INTO  release_version_service  ( id ,  artifact_id ,  description ,  final_name ,  folder ,  group_id ,  image_name ,  nova_version ,  service_name ,  service_type ,  version ,  version_subsystem_id ,  ephoenix_data_id ,  node_package_file_id ,  project_definition_file_id  ) VALUES (218133, 'generator', 'New project for running in NOVA Architectur', 'com.bbva.demo.market-generator', 'generator', 'com.bbva.demo.market', 'com.bbva.demo.market/generator-jojoya:2.1.0', '3', 'generator', 'NOVA', '2.1.0', 218132, NULL, NULL, 218134);
INSERT INTO  release_version_service  ( id ,  artifact_id ,  description ,  final_name ,  folder ,  group_id ,  image_name ,  nova_version ,  service_name ,  service_type ,  version ,  version_subsystem_id ,  ephoenix_data_id ,  node_package_file_id ,  project_definition_file_id  ) VALUES (218135, 'generatorfeignclient', 'Generator feign client', 'com.bbva.demo.market-generatorfeignclient', 'generatorfeignclient', 'com.bbva.demo.market', 'com.bbva.demo.market/generatorfeignclient-jojoya:1.0.0', NULL, 'generatorfeignclient', 'DEPENDENCY', '1.0.0', 218132, NULL, NULL, 218136);
INSERT INTO  release_version_service  ( id ,  artifact_id ,  description ,  final_name ,  folder ,  group_id ,  image_name ,  nova_version ,  service_name ,  service_type ,  version ,  version_subsystem_id ,  ephoenix_data_id ,  node_package_file_id ,  project_definition_file_id  ) VALUES (218137, 'simplenovabatch', 'New project for simple_nova_batch', 'com.bbva.demo.market-simplenovabatch', 'simplenovabatch', 'com.bbva.demo.market', 'com.bbva.demo.market/simplenovabatch-jojoya:2.0.0', '3', 'simplenovabatch', 'NOVA_SPRING_BATCH', '2.0.0', 218132, NULL, NULL, 218138);
INSERT INTO  release_version_service  ( id ,  artifact_id ,  description ,  final_name ,  folder ,  group_id ,  image_name ,  nova_version ,  service_name ,  service_type ,  version ,  version_subsystem_id ,  ephoenix_data_id ,  node_package_file_id ,  project_definition_file_id  ) VALUES (218139, 'statistics', 'New project for running in NOVA Architectur', 'com.bbva.demo.market-statistics', 'statistics', 'com.bbva.demo.market', 'com.bbva.demo.market/statistics-jojoya:2.1.0', '3', 'statistics', 'NOVA', '2.1.0', 218132, NULL, NULL, 218140);
INSERT INTO  release_version_service  ( id ,  artifact_id ,  description ,  final_name ,  folder ,  group_id ,  image_name ,  nova_version ,  service_name ,  service_type ,  version ,  version_subsystem_id ,  ephoenix_data_id ,  node_package_file_id ,  project_definition_file_id  ) VALUES (218329, 'charts', 'New project for running in NOVA Architecture the charts project', 'com.bbva.demo.visor-charts', 'charts', 'com.bbva.demo.visor', 'com.bbva.demo.visor/charts-jojoya:2.1.0', '3', 'charts', 'NOVA', '2.1.0', 218328, NULL, NULL, 218330);
INSERT INTO  release_version_service  ( id ,  artifact_id ,  description ,  final_name ,  folder ,  group_id ,  image_name ,  nova_version ,  service_name ,  service_type ,  version ,  version_subsystem_id ,  ephoenix_data_id ,  node_package_file_id ,  project_definition_file_id  ) VALUES (218331, 'statisticsfeignclient', 'Statistics feign client', 'com.bbva.demo.visor-statisticsfeignclient', 'statisticsfeignclient', 'com.bbva.demo.visor', 'com.bbva.demo.visor/statisticsfeignclient-jojoya:1.0.0', NULL, 'statisticsfeignclient', 'DEPENDENCY', '1.0.0', 218328, NULL, NULL, 218332);

